pair_id,step_label_A,step_label_B,feature,block,w1,raw_mean_A,raw_mean_B,raw_std_A,raw_std_B,raw_abs_mean_diff,standardized_mean_diff_A_scale,reference_mean_A,reference_scale_A
0,2019-06,2019-10,actualdpdtolerance_344P,num,0.08436602832739423,-0.29188149135149377,-0.24050426582489842,0.6089800189150415,10.972165486379163,0.05137722552659535,0.08436602832738091,-0.29188149135149377,0.6089800189150415
0,2019-06,2019-10,amtinstpaidbefduel24m_4187115A,num,0.28327592028740195,21218.485585457543,34838.689802163746,48081.0518694551,59009.39946311285,13620.204216706203,0.283275920287402,21218.485585457543,48081.0518694551
0,2019-06,2019-10,annuity_780A,num,0.04044271610283959,3826.3533366240868,3943.457949159213,2900.820186895217,2974.65687390276,117.10461253512631,0.04036948345304533,3826.3533366240868,2900.820186895217
0,2019-06,2019-10,annuitynextmonth_57A,num,0.016142448661614454,1378.1044438659655,1348.5555912382315,2680.123899985166,2690.4758812591826,29.54885262773405,-0.011025181570112336,1378.1044438659655,2680.123899985166
0,2019-06,2019-10,applicationcnt_361L,num,2.38536341012896e-05,0.0,2.385363410115531e-05,0.0,0.010166866713782237,2.385363410115531e-05,2.385363410115531e-05,0.0,1.0
0,2019-06,2019-10,applications30d_658L,num,0.010445088260953903,0.11949804358310173,0.12385999507024895,0.4176079108353392,0.4455451794641468,0.004361951487147214,0.010445088260952773,0.11949804358310173,0.4176079108353392
0,2019-06,2019-10,applicationscnt_1086L,num,0.023122333875875086,0.47291593124947173,0.4137134542447542,2.708719903636632,2.651092857542656,0.059202477004717535,-0.021856256501543173,0.47291593124947173,2.708719903636632
0,2019-06,2019-10,applicationscnt_464L,num,0.02443977326981138,1.0410424942699608,1.2557387868041696,8.82556517838839,10.508301681049673,0.21469629253420885,0.024326633840963136,1.0410424942699608,8.82556517838839
0,2019-06,2019-10,applicationscnt_629L,num,0.025584771495468825,0.2642231757096051,0.32162252419156057,2.2434966242368546,2.7184172731682104,0.05739934848195549,0.025584771495468773,0.2642231757096051,2.2434966242368546
0,2019-06,2019-10,applicationscnt_867L,num,0.03235289108543201,2.4477634202244287,2.5645717875118272,3.6201724589265853,3.720981278457792,0.11680836728739852,0.03226596760587292,2.4477634202244287,3.6201724589265853
0,2019-06,2019-10,avgdbddpdlast24m_3658932P,num,0.01049076327095765,14.855419051075657,16.982384091216296,232.95127599029612,241.18283983799122,2.1269650401406395,0.009130514658478372,14.855419051075657,232.95127599029612
0,2019-06,2019-10,avgdbddpdlast3m_4187120P,num,0.0389544167985438,7.041703748266072,11.474667440584573,186.08594396810716,232.00887975732158,4.432963692318501,0.023822130773500316,7.041703748266072,186.08594396810716
0,2019-06,2019-10,avgdbdtollast24m_4525197P,num,10.929154706719567,-1.0,6.2716054290871215,0.0,153.31680348452846,7.2716054290871215,7.2716054290871215,-1.0,1.0
0,2019-06,2019-10,avgdpdtolclosure24_3658938P,num,0.016584859133965645,26.463205938359195,30.527483362090216,248.8123481822668,260.68504392683894,4.064277423731021,0.016334709484570057,26.463205938359195,248.8123481822668
0,2019-06,2019-10,avginstallast24m_3658937A,num,0.0222169431383598,2829.114973576155,2939.2158065478743,5093.642788269848,5173.875129825697,110.10083297171923,0.021615342407848168,2829.114973576155,5093.642788269848
0,2019-06,2019-10,avglnamtstart24m_4525187A,num,2901.9407476971282,-1.0,2900.9407476971305,0.0,15694.963305606843,2901.9407476971305,2901.9407476971305,-1.0,1.0
0,2019-06,2019-10,avgmaxdpdlast9m_3716943P,num,0.006512129126749408,-0.1713890808569454,-0.15217028314263678,3.191862222298471,3.3149147357088578,0.019218797714308622,0.006021186497351097,-0.1713890808569454,3.191862222298471
0,2019-06,2019-10,avgoutstandbalancel6m_4187114A,num,0.20773336159979622,13581.48368884671,21550.783335858498,38387.582018760186,47676.20155025685,7969.299647011787,0.207600980002261,13581.48368884671,38387.582018760186
0,2019-06,2019-10,avgpmtlast12m_4525200A,num,1145.4456194344723,-1.0,1144.4456194344714,0.0,4318.2770691630285,1145.4456194344714,1145.4456194344714,-1.0,1.0
0,2019-06,2019-10,clientscnt12m_3712952L,num,0.0028915906806075463,0.03169544530236212,0.03176906501705535,0.23795783891264402,0.252265833056632,7.361971469323214e-05,0.0003093813384322189,0.03169544530236212,0.23795783891264402
0,2019-06,2019-10,clientscnt3m_3712950L,num,0.001394314743035143,0.014274137013816728,0.014316156066376713,0.19263921554176477,0.193904827480212,4.201905255998492e-05,0.00021812304645143794,0.014274137013816728,0.19263921554176477
0,2019-06,2019-10,clientscnt6m_3712949L,num,0.0060876992247045165,0.021433578776232642,0.020776515302106276,0.2123851817285895,0.21846927395433416,0.000657063474126366,-0.003093735018510087,0.021433578776232642,0.2123851817285895
0,2019-06,2019-10,clientscnt_100L,num,0.03684151092569488,0.04527352547816619,0.055252967789642754,0.2721198405552052,0.33913809449807975,0.009979442311476565,0.03667296839185096,0.04527352547816619,0.2721198405552052
0,2019-06,2019-10,clientscnt_1022L,num,0.012524234123961926,0.09021393804099775,0.09458363481676434,0.34889932051040934,0.4983324772019446,0.004369696775766582,0.01252423412397048,0.09021393804099775,0.34889932051040934
0,2019-06,2019-10,clientscnt_1071L,num,0.007549407313172337,0.03658275867212243,0.03510459818553357,0.19579821637251646,0.19085230996922573,0.0014781604865888587,-0.007549407313172762,0.03658275867212243,0.19579821637251646
0,2019-06,2019-10,clientscnt_1130L,num,0.029428387900214265,0.038894661741235896,0.031995674541016324,0.24880304472724052,0.22743045754622837,0.006898987200219572,-0.02772870889816819,0.038894661741235896,0.24880304472724052
0,2019-06,2019-10,clientscnt_157L,num,0.010578831520321288,0.08423282106864612,0.09060405352755492,0.6303520331905937,0.6303384319856418,0.006371232458908804,0.010107419542473964,0.08423282106864612,0.6303520331905937
0,2019-06,2019-10,clientscnt_257L,num,0.002365638144519804,0.0031869459511865285,0.003045313953580828,0.05987052497167427,0.057501140884200844,0.00014163199760570044,-0.0023656381445245197,0.0031869459511865285,0.05987052497167427
0,2019-06,2019-10,clientscnt_304L,num,0.023252927115380947,0.091476784018535,0.07983811333656683,0.6070354895632966,0.7878238097924734,0.011638670681968166,-0.01917296580195182,0.091476784018535,0.6070354895632966
0,2019-06,2019-10,clientscnt_360L,num,0.006498291225945222,0.0033410728224607597,0.0035144354242368824,0.06250314282893966,0.06142007289449852,0.00017336260177612268,0.0027736621540869755,0.0033410728224607597,0.06250314282893966
0,2019-06,2019-10,clientscnt_493L,num,0.006379284862706217,0.011037472717057868,0.012034158404032854,0.3373614306786979,0.46325529812245464,0.0009966856869749862,0.0029543557631050805,0.011037472717057868,0.3373614306786979
0,2019-06,2019-10,clientscnt_533L,num,0.006034887760988848,0.07423943360860724,0.07593009294966088,0.2801476030726876,0.2830260202580877,0.0016906593410536408,0.00603488776098855,0.07423943360860724,0.2801476030726876
0,2019-06,2019-10,clientscnt_887L,num,0.024178346348671477,2.0240885384297953,2.6918706814983264,28.76514540493167,39.23708062759182,0.6677821430685311,0.023214975404019428,2.0240885384297953,28.76514540493167
0,2019-06,2019-10,clientscnt_946L,num,0.029160779729321476,0.023307960404309585,0.02811548339389506,0.16486263516310742,0.23088863491940834,0.004807522989585474,0.02916077972931304,0.023307960404309585,0.16486263516310742
0,2019-06,2019-10,cntincpaycont9m_3716944L,num,0.012177397532208905,3.790014567475253,3.8585877058369844,5.8476981285766465,5.952389403703287,0.06857313836173162,0.011726518170735773,3.790014567475253,5.8476981285766465
0,2019-06,2019-10,cntpmts24_3658933L,num,0.029933818089413887,6.468212575758329,6.713951195464629,8.209397777866675,8.290166343874867,0.24573861970629984,0.02993381808941391,6.468212575758329,8.209397777866675
0,2019-06,2019-10,credamount_770A,num,0.04572580345464167,46580.35500249121,48471.88914069267,41391.47743470164,42602.63677348585,1891.5341382014594,0.04569863787021146,46580.35500249121,41391.47743470164
0,2019-06,2019-10,currdebt_22A,num,0.018326510516433914,18206.010779271026,18219.218204925553,46380.18935053139,48502.30607752973,13.20742565452747,0.00028476437546877213,18206.010779271026,46380.18935053139
0,2019-06,2019-10,currdebtcredtyperange_828A,num,0.019172651623783437,10732.051499539353,10362.060386554413,34228.642614393764,34617.86993963364,369.9911129849406,-0.010809400686819893,10732.051499539353,34228.642614393764
0,2019-06,2019-10,datefirstoffer_1144D,num,0.026834666236819224,-1041.3119130127825,-1055.8138343126575,1559.728378719507,1591.8243907100318,14.501921299874994,-0.00929772228147869,-1041.3119130127825,1559.728378719507
0,2019-06,2019-10,datelastinstal40dpd_247D,num,0.13568462071577794,-100.41721149687022,-175.3510777867008,552.2649943267813,721.1824206685818,74.93386628983059,-0.13568462071577794,-100.41721149687022,552.2649943267813
0,2019-06,2019-10,datelastunpaid_3546854D,num,0.031234331274696527,-360.0759497446963,-387.38552640994857,875.3670241533802,918.0098798409018,27.30957666525228,-0.03119785862583184,-360.0759497446963,875.3670241533802
0,2019-06,2019-10,daysoverduetolerancedd_3976961L,num,0.027097542730126076,52.004758045671274,61.74246423942688,359.3575362436671,385.58988119735653,9.737706193755606,0.027097542730126097,52.004758045671274,359.3575362436671
0,2019-06,2019-10,disbursedcredamount_1113A,num,0.0585702419780575,42702.910488274116,45027.12736485351,39682.555476723806,41091.44263902107,2324.2168765793976,0.05857024197805733,42702.910488274116,39682.555476723806
0,2019-06,2019-10,downpmt_116A,num,0.006057580436829554,501.2114117524846,522.9060569751324,3952.8133149310306,4016.4319230694346,21.694645222647807,0.005488406229735223,501.2114117524846,3952.8133149310306
0,2019-06,2019-10,dtlastpmtallstes_4499206D,num,108.80232095859805,-1.0,-108.74254375154055,0.0,470.83145460611297,107.74254375154055,-107.74254375154055,-1.0,1.0
0,2019-06,2019-10,eir_270L,num,0.0682181719311472,0.14379170822609963,0.13151561744570503,0.45383548802037393,0.43707698833291936,0.0122760907803946,-0.027049649276972124,0.14379170822609963,0.45383548802037393
0,2019-06,2019-10,firstclxcampaign_1125D,num,0.07970117311959835,-369.00734339964106,-394.9972926125295,488.01380972791196,535.1338342835872,25.98994921288846,-0.053256585561336764,-369.00734339964106,488.01380972791196
0,2019-06,2019-10,firstdatedue_489D,num,0.03394130798208274,-1138.1669989509428,-1185.6439527061948,1400.0512643465624,1438.6334961031926,47.476953755252,-0.033910868097684004,-1138.1669989509428,1400.0512643465624
0,2019-06,2019-10,homephncnt_628L,num,0.022024915451792935,0.6368224010977811,0.6182981227189962,0.844846934852689,0.8358889861961367,0.018524278378784897,-0.021926194692314136,0.6368224010977811,0.844846934852689
0,2019-06,2019-10,inittransactionamount_650A,num,0.02192349370465161,2649.1022485039243,2892.205288604979,11302.265967879186,12423.93559749839,243.10304010105483,0.021509230166052436,2649.1022485039243,11302.265967879186
0,2019-06,2019-10,lastactivateddate_801D,num,0.025801198250214537,-419.81942296888127,-440.1102634236326,788.0762385729288,817.9041093240223,20.290840454751333,-0.025747306493461308,-419.81942296888127,788.0762385729288
0,2019-06,2019-10,lastapplicationdate_877D,num,0.018244440819244773,-364.2090258684552,-375.84509847575276,686.3976816553245,700.1082170767979,11.636072607297535,-0.016952377489440014,-364.2090258684552,686.3976816553245
0,2019-06,2019-10,lastapprcredamount_781A,num,0.024238043987938857,24948.039289253287,25755.04775860214,33295.11530511438,34643.23224703887,807.0084693488534,0.0242380439879387,24948.039289253287,33295.11530511438
0,2019-06,2019-10,lastapprdate_640D,num,0.022316425466356343,-412.0837704404548,-429.1362082263233,776.2512065447838,803.9872329391097,17.05243778586845,-0.021967679588894336,-412.0837704404548,776.2512065447838
0,2019-06,2019-10,lastdelinqdate_224D,num,0.04898758698321094,-159.87235311957758,-179.2256633298083,395.3788886201886,439.5302532790937,19.353310210230717,-0.04894876981866884,-159.87235311957758,395.3788886201886
0,2019-06,2019-10,lastrejectcredamount_222A,num,0.039672090753090965,21511.301370531957,23034.363207521925,38391.267212739534,40998.36238010244,1523.0618369899676,0.039672090753090944,21511.301370531957,38391.267212739534
0,2019-06,2019-10,lastrejectdate_50D,num,0.017003333659534742,-386.8328518940204,-399.8144147510873,790.3996925323811,809.0841365664471,12.981562857066933,-0.016424048465245453,-386.8328518940204,790.3996925323811
0,2019-06,2019-10,maininc_215A,num,0.028397717931333985,31355.936347647883,32324.357135313076,34127.75473605765,34616.38423196367,968.4207876651926,0.028376340464085922,31355.936347647883,34127.75473605765
0,2019-06,2019-10,maxannuity_159A,num,0.06194030353061986,19496.29551649567,22858.441400882606,54301.272743002635,65005.47548604218,3362.145884386937,0.061916520820779274,19496.29551649567,54301.272743002635
0,2019-06,2019-10,maxannuity_4075009A,num,0.8321941740298882,419.44068352781494,4415.888500163,4802.302084479211,34302.75611866131,3996.4478166351846,0.8321941740298876,419.44068352781494,4802.302084479211
0,2019-06,2019-10,maxdbddpdlast1m_3658939P,num,0.003591073920494991,14.987137864000438,15.335521241661167,269.3017872195639,274.37734975015,0.34838337766072947,0.0012936541612205853,14.987137864000438,269.3017872195639
0,2019-06,2019-10,maxdbddpdtollast12m_3658940P,num,0.008409309041711674,24.37525418504174,26.741649240261754,290.6380470946501,302.9528003954278,2.366395055220014,0.008142069074835775,24.37525418504174,290.6380470946501
0,2019-06,2019-10,maxdbddpdtollast6m_4187119P,num,0.042213334547847856,13.134065518835795,21.67438596770218,228.961554818615,290.11117573782735,8.540320448866384,0.03730023783089736,13.134065518835795,228.961554818615
0,2019-06,2019-10,maxdebt4_972A,num,0.03445824314375415,33462.22866230514,35048.297974912355,46028.7341403448,47717.931238300094,1586.0693126072147,0.03445824314375406,33462.22866230514,46028.7341403448
0,2019-06,2019-10,maxdpdfrom6mto36m_3546853P,num,0.0305399299292898,17.00488731336976,22.286609364936748,172.94479927740318,202.217400107739,5.281722051566987,0.03053992992928983,17.00488731336976,172.94479927740318
0,2019-06,2019-10,maxdpdinstldate_3546855D,num,0.03233805706661641,-461.7470081985552,-434.9967956618191,956.062478970765,931.776921210684,26.750212536736115,0.02797956527436749,-461.7470081985552,956.062478970765
0,2019-06,2019-10,maxdpdinstlnum_3546846P,num,0.019956176578439594,2.873357430158154,2.991412691723584,5.916124811401726,5.97643385476272,0.11805526156543023,0.019954829441378708,2.873357430158154,5.916124811401726
0,2019-06,2019-10,maxdpdlast12m_727P,num,0.017278829083637193,10.04463713065484,12.595112390372673,147.60694994854083,167.7025953270341,2.5504752597178335,0.01727882908363724,10.04463713065484,147.60694994854083
0,2019-06,2019-10,maxdpdlast24m_143P,num,0.02556095817964126,14.627017943350918,18.894861132093475,166.96726150672225,193.97331418100856,4.267843188742557,0.02556095817964128,14.627017943350918,166.96726150672225
0,2019-06,2019-10,maxdpdlast3m_392P,num,0.003966693142400057,4.54239234735225,4.9936748113575105,113.76792905442858,120.8871223371685,0.45128246400526084,0.003966693142400082,4.54239234735225,113.76792905442858
0,2019-06,2019-10,maxdpdlast6m_474P,num,0.009377997665044982,6.846315622001362,8.068738222268163,130.35006447305807,142.5789103012025,1.2224226002668006,0.009377997665044976,6.846315622001362,130.35006447305807
0,2019-06,2019-10,maxdpdlast9m_1059P,num,0.016412811815301763,8.455489651126369,10.730263105584136,138.59742499070066,158.1122850639956,2.274773454457767,0.016412811815301732,8.455489651126369,138.59742499070066
0,2019-06,2019-10,maxdpdtolerance_374P,num,0.04459422291470629,29.138266719036658,38.17874323153132,202.72752660778596,237.2807644999563,9.040476512494664,0.04459422291470632,29.138266719036658,202.72752660778596
0,2019-06,2019-10,maxinstallast24m_3658928A,num,0.05269748705459838,7004.369997008084,7904.261596986112,17079.266418069175,18829.709235544262,899.8915999780274,0.052689124810769296,7004.369997008084,17079.266418069175
0,2019-06,2019-10,maxlnamtstart6m_4525199A,num,8196.983108165392,-1.0,8195.983108165387,0.0,22721.40447896243,8196.983108165387,8196.983108165387,-1.0,1.0
0,2019-06,2019-10,maxoutstandbalancel12m_4187113A,num,0.25727532058893243,22513.14641952987,36335.175226570784,53732.86074916235,65948.4725937905,13822.028807040915,0.25723604912020975,22513.14641952987,53732.86074916235
0,2019-06,2019-10,maxpmtlast3m_4525190A,num,1706.575672535409,-1.0,1705.5756725354142,0.0,8505.591495358525,1706.5756725354142,1706.5756725354142,-1.0,1.0
0,2019-06,2019-10,mindbddpdlast24m_3658935P,num,0.008315767085787292,-0.5059488000477296,0.39200664721270284,225.37012488071053,231.2971540255559,0.8979554472604324,0.003984358830771046,-0.5059488000477296,225.37012488071053
0,2019-06,2019-10,mindbdtollast24m_4525191P,num,13.593752733228904,-1.0,-0.005784506269530163,0.0,147.17360304177373,0.9942154937304698,0.9942154937304698,-1.0,1.0
0,2019-06,2019-10,mobilephncnt_593L,num,0.017345289452800106,1.7158994297305763,1.7345488085109766,1.0751840625749858,1.0943140741360182,0.018649378780400294,0.017345289452799756,1.7158994297305763,1.0751840625749858
0,2019-06,2019-10,monthsannuity_845L,num,0.01690258225252436,16.178096085674653,16.543584565108493,21.62969239599599,21.70253841521881,0.36548847943383933,0.016897534774997412,16.178096085674653,21.62969239599599
0,2019-06,2019-10,numactivecreds_622L,num,0.008205693957315572,0.43432952325078433,0.42995380346195744,0.6570718235355358,0.6577407167284612,0.004375719788826893,-0.006659423874367738,0.43432952325078433,0.6570718235355358
0,2019-06,2019-10,numactivecredschannel_414L,num,0.00013051370782879516,0.09798491545395335,0.09795892404207782,0.3194782629521779,0.31923633473032553,2.5991411875536663e-05,-8.135580691894293e-05,0.09798491545395335,0.3194782629521779
0,2019-06,2019-10,numactiverelcontr_750L,num,0.012999868138361004,0.18861151576320145,0.19387438676282331,0.40484033711786493,0.4142764724760572,0.00526287099962186,0.012999868138361004,0.18861151576320145,0.40484033711786493
0,2019-06,2019-10,numcontrs3months_479L,num,0.016021175561486536,0.2319509975986039,0.24213426415514402,0.6390893250035923,0.6864082137496774,0.010183266556540116,0.015934026994556476,0.2319509975986039,0.6390893250035923
0,2019-06,2019-10,numincomingpmts_3546848L,num,0.017345129868604318,19.993382488204322,20.494183688885002,29.40867425983208,29.412059078441434,0.5008012006806801,0.01702903015130814,19.993382488204322,29.40867425983208
0,2019-06,2019-10,numinstlallpaidearly3d_817L,num,0.010970104373294208,13.13067969950232,13.105238258048614,22.61086328239143,22.26603925986313,0.025441441453706304,-0.0011251866474960835,13.13067969950232,22.61086328239143
0,2019-06,2019-10,numinstls_657L,num,0.023328221879655983,7.337677059458169,7.263288461997186,13.781543075127043,14.459828842277327,0.0743885974609837,-0.005397697272030473,7.337677059458169,13.781543075127043
0,2019-06,2019-10,numinstlsallpaid_934L,num,0.012485852197221812,17.115485773095415,17.375933273434207,26.405355084712628,26.27989338185012,0.2604475003387918,0.00986343487914608,17.115485773095415,26.405355084712628
0,2019-06,2019-10,numinstlswithdpd10_728L,num,0.03197144695528772,2.5901567619435895,2.3143471657907084,12.02222100928686,10.482095718078858,0.27580959615288103,-0.02294165079312925,2.5901567619435895,12.02222100928686
0,2019-06,2019-10,numinstlswithdpd5_4187116L,num,0.26198548722101833,0.2895795319514948,1.1504687239100877,3.2860186306133907,4.102607807827666,0.8608891919585929,0.26198548722101844,0.2895795319514948,3.2860186306133907
0,2019-06,2019-10,numinstlswithoutdpd_562L,num,0.015205847859665377,19.42786613832638,19.858790461726844,28.821465593547305,28.88098149048997,0.4309243234004647,0.014951506265418446,19.42786613832638,28.821465593547305
0,2019-06,2019-10,numinstmatpaidtearly2d_4499204L,num,6.684277274642794,-1.0,5.684277274642792,0.0,17.06724066042273,6.684277274642792,6.684277274642792,-1.0,1.0
0,2019-06,2019-10,numinstpaid_4499208L,num,9.715756120444949,-1.0,8.715756120444949,0.0,22.47254369825095,9.715756120444949,9.715756120444949,-1.0,1.0
0,2019-06,2019-10,numinstpaidearly3d_3546850L,num,0.010700642576182742,12.604808758383756,12.591359418607425,21.732180962445565,21.402768572093454,0.013449339776331115,-0.0006188674666188512,12.604808758383756,21.732180962445565
0,2019-06,2019-10,numinstpaidearly3dest_4493216L,num,6.315110482081945,-1.0,5.315110482081945,0.0,15.985829515019255,6.315110482081945,6.315110482081945,-1.0,1.0
0,2019-06,2019-10,numinstpaidearly5d_1087L,num,0.24436888120801253,5.0790770286327955,1.9875165981537288,12.747616019806236,4.195826873758789,3.091560430479067,-0.2425206741147243,5.0790770286327955,12.747616019806236
0,2019-06,2019-10,numinstpaidearly5dest_4493211L,num,1.3758617125319041,-1.0,0.37586171253190426,0.0,3.1982969452102505,1.3758617125319041,1.3758617125319041,-1.0,1.0
0,2019-06,2019-10,numinstpaidearly5dobd_4499205L,num,4.956828897882593,-1.0,3.9568288978825925,0.0,13.57225845537099,4.956828897882593,4.956828897882593,-1.0,1.0
0,2019-06,2019-10,numinstpaidearly_338L,num,0.011187416680774952,10.246533388354969,10.143054219310311,19.16890477389277,18.77276413353318,0.10347916904465748,-0.005398282805681819,10.246533388354969,19.16890477389277
0,2019-06,2019-10,numinstpaidearlyest_4493214L,num,5.173733968370081,-1.0,4.173733968370081,0.0,13.839537637835972,5.173733968370081,5.173733968370081,-1.0,1.0
0,2019-06,2019-10,numinstpaidlastcontr_4325080L,num,0.9417733309976651,0.6070112810926104,4.603389601405774,4.243460914400296,6.3889992724597136,3.9963783203131635,0.9417733309976649,0.6070112810926104,4.243460914400296
0,2019-06,2019-10,numinstpaidlate1d_3546852L,num,0.022033412234860716,3.1308338263735935,3.2920320910890775,7.333206662351914,7.486357357861539,0.16119826471548393,0.02198196125346674,3.1308338263735935,7.333206662351914
0,2019-06,2019-10,numinstregularpaid_973L,num,0.19430699552298075,14.291145659837023,19.06404303195592,24.56459481788468,28.45762116525829,4.772897372118896,0.19429986154886242,14.291145659837023,24.56459481788468
0,2019-06,2019-10,numinstregularpaidest_4493210L,num,10.14534019257834,-1.0,9.14534019257834,0.0,22.909645992037213,10.14534019257834,10.14534019257834,-1.0,1.0
0,2019-06,2019-10,numinsttopaygr_769L,num,0.019476879397728356,3.838460123400934,3.7033919867691845,9.01299180675505,8.889548702418894,0.13506813663174944,-0.014985938024543491,3.838460123400934,9.01299180675505
0,2019-06,2019-10,numinsttopaygrest_4493213L,num,2.1257046761074045,-1.0,1.125704676107405,0.0,6.39863439024487,2.125704676107405,2.125704676107405,-1.0,1.0
0,2019-06,2019-10,numinstunpaidmax_3546851L,num,0.020867066630899864,3.4672281525159967,3.3417033084990497,8.000826908325932,7.86737333718057,0.12552484401694697,-0.015688983833198736,3.4672281525159967,8.000826908325932
0,2019-06,2019-10,numinstunpaidmaxest_4493212L,num,1.9633170863581064,-1.0,0.9633170863581066,0.0,5.691400927876836,1.9633170863581066,1.9633170863581066,-1.0,1.0
0,2019-06,2019-10,numnotactivated_1143L,num,0.052092986140691404,0.013006319201722244,0.0190908584922913,0.11680150709993835,0.14389666168717918,0.006084539290569057,0.05209298614069226,0.013006319201722244,0.11680150709993835
0,2019-06,2019-10,numpmtchanneldd_318L,num,0.029928291802756718,0.01688932199092143,0.02089975907829558,0.13400153653289149,0.1494904553567085,0.004010437087374148,0.02992829180275677,0.01688932199092143,0.13400153653289149
0,2019-06,2019-10,numrejects9m_859L,num,0.014271412807596365,0.3165815654318287,0.3245127895234839,0.9554537204860916,1.0377960672952808,0.007931224091655198,0.008301002886482195,0.3165815654318287,0.9554537204860916
0,2019-06,2019-10,pctinstlsallpaidearl3d_427L,num,0.022087864696589632,0.08353338028531339,0.09136894574301985,0.8146459347080577,0.8002775386974703,0.007835565457706459,0.009618369310974918,0.08353338028531339,0.8146459347080577
0,2019-06,2019-10,pctinstlsallpaidlat10d_839L,num,0.027462470385097158,-0.2785421602656904,-0.2641910338631676,0.5225723032662998,0.5219677737811541,0.014351126402522785,0.02746247038509719,-0.2785421602656904,0.5225723032662998
0,2019-06,2019-10,pctinstlsallpaidlate1d_3546856L,num,0.0287571782517039,-0.21131591999124935,-0.19456876512653587,0.5823643306770255,0.5816504257523633,0.01674715486471348,0.028757178251703944,-0.21131591999124935,0.5823643306770255
0,2019-06,2019-10,pctinstlsallpaidlate4d_3546849L,num,0.028158174012807506,-0.25475010315579855,-0.2394238239043046,0.5442923694030336,0.5435040800100603,0.015326279251493935,0.028158174012807527,-0.25475010315579855,0.5442923694030336
0,2019-06,2019-10,pctinstlsallpaidlate6d_3546844L,num,0.027869442296347177,-0.2658554746658962,-0.2509760264308738,0.5338983133140295,0.5330738764603932,0.014879448235022408,0.027869442296347136,-0.2658554746658962,0.5338983133140295
0,2019-06,2019-10,pmtnum_254L,num,0.048147052125486756,16.27644891688584,16.53147089459079,9.979884510707695,9.940851409886108,0.25502197770494917,0.02555360008738869,16.27644891688584,9.979884510707695
0,2019-06,2019-10,posfpd10lastmonth_333P,num,0.03033551442566068,0.0023914524220292046,-0.0030969968274666645,0.18092487809777377,0.17996560595209046,0.0054884492494958696,-0.03033551442566042,0.0023914524220292046,0.18092487809777377
0,2019-06,2019-10,posfpd30lastmonth_3976960P,num,0.0635392329680784,-0.06670710425439882,-0.04912655943132936,0.27668802410475685,0.24822109235845463,0.017580544823069463,0.0635392329680785,-0.06670710425439882,0.27668802410475685
0,2019-06,2019-10,posfstqpd30lastmonth_3976962P,num,0.07927695682174564,-0.0799421278457538,-0.05221162944174545,0.3497926700990871,0.32317850819917643,0.027730498404008354,0.07927695682174538,-0.0799421278457538,0.3497926700990871
0,2019-06,2019-10,price_1097A,num,0.07225572674777259,26356.885641467794,28594.694437257207,30984.969268789853,32794.62318039438,2237.808795789413,0.07222239842733957,26356.885641467794,30984.969268789853
0,2019-06,2019-10,sellerplacecnt_915L,num,0.03319705500734078,0.13995714278611665,0.15348620862388385,0.4098771962765896,0.43176561830355625,0.013529065837767196,0.03300760803642668,0.13995714278611665,0.4098771962765896
0,2019-06,2019-10,sellerplacescnt_216L,num,0.04900009800990992,1.3770689046551288,1.4646926459246066,1.7893742059260858,1.862532093481782,0.0876237412694778,0.04896893057879326,1.3770689046551288,1.7893742059260858
0,2019-06,2019-10,sumoutstandtotal_3546847A,num,0.019599939598222704,18229.205723005765,18159.14028303332,46386.598505930415,48428.39535085976,70.06543997244444,-0.001510467295063395,18229.205723005765,46386.598505930415
0,2019-06,2019-10,sumoutstandtotalest_4493215A,num,8316.849568041862,-1.0,8315.84935176892,0.0,34541.10116013363,8316.84935176892,8316.84935176892,-1.0,1.0
0,2019-06,2019-10,totaldebt_9A,num,0.018314754617877037,18206.403072997156,18220.174122901895,46380.25275282879,48502.58489383248,13.771049904738902,0.00029691623239157505,18206.403072997156,46380.25275282879
0,2019-06,2019-10,totalsettled_863A,num,0.03667841516796605,76054.5757250322,80418.34187610654,118973.68332548672,125333.01771602378,4363.766151074335,0.03667841516796616,76054.5757250322,118973.68332548672
0,2019-06,2019-10,totinstallast1m_4525188A,num,1642.6013599899359,-1.0,1641.60135998993,0.0,7519.005244072612,1642.60135998993,1642.60135998993,-1.0,1.0
0,2019-06,2019-10,validfrom_1069D,num,0.04968101163177689,-3.4998135562041037,-2.8685982809481025,12.769850425025954,11.414710410497662,0.6312152752560012,0.04943012284771678,-3.4998135562041037,12.769850425025954
0,2019-06,2019-10,assignmentdate_238D,num,0.1071312189745818,-502.63860231786924,-349.36115197150286,1431.0578830437773,1225.54381188495,153.27745034636638,0.1071077921882196,-502.63860231786924,1431.0578830437773
0,2019-06,2019-10,assignmentdate_4527235D,num,0.9507939284550003,-1.0,-0.04920607154499988,0.0,3.6503454046754737,0.9507939284550001,0.9507939284550001,-1.0,1.0
0,2019-06,2019-10,birthdate_574D,num,0.7266630546971594,-15029.038069337204,-10419.150723162675,6343.913500231068,8729.64521600722,4609.88734617453,0.7266630205482186,-15029.038069337204,6343.913500231068
0,2019-06,2019-10,contractssum_5085716L,num,0.0,-1.0,-1.0,0.0,0.0,0.0,0.0,-1.0,1.0
0,2019-06,2019-10,dateofbirth_337D,num,0.27845219396782794,-12745.408162757976,-14921.705208838566,7815.781376643424,6367.857056513819,2176.29704608059,-0.2784490687756706,-12745.408162757976,7815.781376643424
0,2019-06,2019-10,days120_123L,num,0.11809346890591087,1.3108540120218959,1.468497300563741,2.397128492250555,2.124972548368026,0.15764328854184506,0.065763386923761,1.3108540120218959,2.397128492250555
0,2019-06,2019-10,days180_256L,num,0.09637215795920144,2.0388200842228774,2.230294910429604,3.2658053362458705,2.9881975322612817,0.1914748262067265,0.05863020189281455,2.0388200842228774,3.2658053362458705
0,2019-06,2019-10,days30_165L,num,0.1698405294786935,0.24967558779514054,0.41721198724625697,1.0581474340397485,0.9434829450050434,0.16753639945111642,0.1583299208235126,0.24967558779514054,1.0581474340397485
0,2019-06,2019-10,days360_512L,num,0.1078629594241529,3.9181387440151543,4.4989106840427135,5.3874715773606425,5.353647131752953,0.5807719400275593,0.10780046477982223,3.9181387440151543,5.3874715773606425
0,2019-06,2019-10,days90_310L,num,0.12928541430475765,0.9243435935425813,1.0905324926252515,1.908552724819994,1.6917518127213693,0.1661888990826702,0.0870758753066905,0.9243435935425813,1.908552724819994
0,2019-06,2019-10,firstquarter_103L,num,0.11979052834382958,2.0537654189019205,2.4641122074948116,3.4255361777442883,3.5149425289814356,0.4103467885928911,0.11979052834382967,2.0537654189019205,3.4255361777442883
0,2019-06,2019-10,fourthquarter_440L,num,0.06886223503408777,2.0403762684392914,2.2615272686793833,3.3364685842241135,3.2067742139206845,0.22115100024009182,0.06628295596300958,2.0403762684392914,3.3364685842241135
0,2019-06,2019-10,pmtaverage_3A,num,0.03777960007634893,1754.6406635827366,1605.2669172500691,4320.7020429514305,4263.227481817244,149.37374633266745,-0.03457163786064536,1754.6406635827366,4320.7020429514305
0,2019-06,2019-10,pmtaverage_4527227A,num,645.8168724455156,-1.0,644.8168724455137,0.0,2839.310780010053,645.8168724455137,645.8168724455137,-1.0,1.0
0,2019-06,2019-10,pmtcount_4527229L,num,0.4388671114044227,-1.0,-0.5611328885955775,0.0,1.6915932576886181,0.43886711140442247,0.43886711140442247,-1.0,1.0
0,2019-06,2019-10,pmtcount_693L,num,0.042708978713924706,0.28642738884220886,0.16956753361374605,2.743007586080836,2.6480640659456616,0.11685985522846282,-0.042602818826115704,0.28642738884220886,2.743007586080836
0,2019-06,2019-10,pmtscount_423L,num,0.09297021753210626,3.9908319370764618,3.6805044248491257,4.563242503266318,4.767879250947698,0.3103275122273361,-0.06800592166758772,3.9908319370764618,4.563242503266318
0,2019-06,2019-10,pmtssum_45A,num,0.03808196754613506,9672.21056452849,9065.824165453676,16480.606528280623,16348.05485836938,606.3863990748141,-0.036793937045597115,9672.21056452849,16480.606528280623
0,2019-06,2019-10,responsedate_1012D,num,0.3217372546255963,12.792286695867908,11.542535005208043,3.8843860096779688,5.41958886144039,1.2497516906598651,-0.32173725462559644,12.792286695867908,3.8843860096779688
0,2019-06,2019-10,responsedate_4527233D,num,5.355109050863899,-1.0,4.355109050863899,0.0,7.178959946025041,5.355109050863899,5.355109050863899,-1.0,1.0
0,2019-06,2019-10,responsedate_4917613D,num,0.0,-1.0,-1.0,0.0,0.0,0.0,0.0,-1.0,1.0
0,2019-06,2019-10,secondquarter_766L,num,0.24329371510986045,1.7893334261409117,2.5403722757162055,3.086963628452789,3.4030706338134684,0.7510388495752938,0.2432937151098604,1.7893334261409117,3.086963628452789
0,2019-06,2019-10,thirdquarter_1082L,num,0.2451208943549142,1.7468988181949257,2.478205729642911,2.983453994701551,3.2763026865374902,0.7313069114479853,0.2451208943549141,1.7468988181949257,2.983453994701551
0,2019-06,2019-10,applprev_1_max_actualdpd_943P,num,0.08698081960838352,-0.21558371823619196,-0.16549253778813203,0.5758876574582237,10.972054674129744,0.050091180448059935,0.08698081960836897,-0.21558371823619196,0.5758876574582237
0,2019-06,2019-10,applprev_1_min_actualdpd_943P,num,0.08921050536889037,-0.22411041450184704,-0.18589137055030333,0.4286828008136518,10.355224044158305,0.03821904395154371,0.08915460074209396,-0.22411041450184704,0.4286828008136518
0,2019-06,2019-10,applprev_1_mean_actualdpd_943P,num,0.09412171587410086,-0.22209914596275654,-0.1803303561650826,0.44377420672673434,10.425506530722366,0.04176878979767393,0.09412171587384338,-0.22209914596275654,0.44377420672673434
0,2019-06,2019-10,applprev_1_std_actualdpd_943P,num,0.03807997470886374,-0.38432869127976255,-0.3642310614380836,0.5277742434272239,2.1470428814305667,0.020097629841678954,0.03807997470882693,-0.38432869127976255,0.5277742434272239
0,2019-06,2019-10,applprev_1_max_annuity_853A,num,0.03325637709632268,4160.875406211651,4298.524816667403,4148.621526324444,4244.323997333728,137.64941045575142,0.033179553637833224,4160.875406211651,4148.621526324444
0,2019-06,2019-10,applprev_1_min_annuity_853A,num,0.021548915457106795,1436.096765309287,1397.2701233042621,1900.4413217544584,1909.359227699676,38.82664200502495,-0.020430329292767002,1436.096765309287,1900.4413217544584
0,2019-06,2019-10,applprev_1_mean_annuity_853A,num,0.013827742341182373,2596.3379565741066,2627.670403720865,2352.0005210026675,2360.532465678297,31.332447146758568,0.01332161573391209,2596.3379565741066,2352.0005210026675
0,2019-06,2019-10,applprev_1_std_annuity_853A,num,0.04002596325346344,1154.0022584818346,1217.0087491237146,1606.857791851507,1634.5726398183258,63.006490641879964,0.03921099363079326,1154.0022584818346,1606.857791851507
0,2019-06,2019-10,applprev_1_max_byoccupationinc_3656910L,num,0.024122786226437452,10449.507561286406,9800.011614200112,26924.582466948894,26145.630538635516,649.4959470862941,-0.024122786226437452,10449.507561286406,26924.582466948894
0,2019-06,2019-10,applprev_1_min_byoccupationinc_3656910L,num,0.0074053601614143625,3850.0634324483926,3782.6940230293794,14539.775977033385,14643.588892800086,67.36940941901321,-0.004633455806019845,3850.0634324483926,14539.775977033385
0,2019-06,2019-10,applprev_1_mean_byoccupationinc_3656910L,num,0.019127065847764173,6705.683442552014,6403.327087468377,17660.06354582269,17564.243623516282,302.356355083637,-0.017120909803020293,6705.683442552014,17660.06354582269
0,2019-06,2019-10,applprev_1_std_byoccupationinc_3656910L,num,0.023804949082625343,3340.691533557233,3071.417530141186,11346.219649893856,10918.05543544616,269.274003416047,-0.023732486389734755,3340.691533557233,11346.219649893856
0,2019-06,2019-10,applprev_1_max_childnum_21L,num,0.03100885876133791,0.5217542621051742,0.4716141754196252,1.6195650887449367,1.6188130132479925,0.05014008668554898,-0.03095898215761397,0.5217542621051742,1.6195650887449367
0,2019-06,2019-10,applprev_1_min_childnum_21L,num,0.025243524896494757,0.11696240795891276,0.09071537048669365,1.206066749700043,1.22368141425767,0.026247037472219112,-0.021762508152013086,0.11696240795891276,1.206066749700043
0,2019-06,2019-10,applprev_1_mean_childnum_21L,num,0.029191882506681588,0.2834317148482495,0.24902514681747953,1.3017518497540805,1.3187188265918215,0.034406568030769996,-0.026430973028592115,0.2834317148482495,1.3017518497540805
0,2019-06,2019-10,applprev_1_std_childnum_21L,num,0.03395810413152843,-0.3984545558157012,-0.4280476769137568,0.8715297855527773,0.8563557699140737,0.029593121098055564,-0.03395537546578033,-0.3984545558157012,0.8715297855527773
0,2019-06,2019-10,applprev_1_max_credacc_actualbalance_314A,num,0.04477774744541936,2590.027008083858,3083.378536267205,11038.500402923388,12359.093869667897,493.351528183347,0.044693709306083816,2590.027008083858,11038.500402923388
0,2019-06,2019-10,applprev_1_min_credacc_actualbalance_314A,num,0.0367165159790488,2333.3947471470674,2709.735070869427,10268.73107417681,11224.54853142737,376.3403237223597,0.036649155675014006,2333.3947471470674,10268.73107417681
0,2019-06,2019-10,applprev_1_mean_credacc_actualbalance_314A,num,0.04138144454150871,2459.284033975753,2893.404072676514,10510.216390611715,11580.70326183049,434.1200387007607,0.04130457666775918,2459.284033975753,10510.216390611715
0,2019-06,2019-10,applprev_1_max_credacc_credlmt_575A,num,0.0551824229123186,6379.016119676663,7443.859263857558,19296.781257192564,21182.558953814423,1064.8431441808953,0.055182422912318195,6379.016119676663,19296.781257192564
0,2019-06,2019-10,applprev_1_min_credacc_credlmt_575A,num,0.006373072677514414,1070.408262794055,1117.883721500498,7559.652366892551,7748.844417203477,47.47545870644308,0.006280111359929928,1070.408262794055,7559.652366892551
0,2019-06,2019-10,applprev_1_mean_credacc_credlmt_575A,num,0.035224850059717455,2713.2701902698163,3054.0208818837245,9673.592797735046,10216.36066081681,340.7506916139082,0.03522483308308066,2713.2701902698163,9673.592797735046
0,2019-06,2019-10,applprev_1_std_credacc_credlmt_575A,num,0.05177171855595091,2482.73456857082,2925.6146664018543,8554.528610788513,9381.340234767775,442.88009783103416,0.051771420493292586,2482.73456857082,8554.528610788513
0,2019-06,2019-10,applprev_1_max_credacc_maxhisbal_375A,num,0.034683109782856276,-515.0367523684193,-435.5880281430272,4984.362969859076,7397.155946554252,79.44872422539214,0.01593959442878182,-515.0367523684193,4984.362969859076
0,2019-06,2019-10,applprev_1_min_credacc_maxhisbal_375A,num,0.03067112701306348,-599.701010093208,-568.1934995057186,5148.98944332302,7353.72728063474,31.507510587489378,0.006119163951354942,-599.701010093208,5148.98944332302
0,2019-06,2019-10,applprev_1_mean_credacc_maxhisbal_375A,num,0.03294958268026038,-556.4460930901354,-501.00389114109527,4944.052507698516,7216.654021644891,55.44220194904011,0.01121391851375154,-556.4460930901354,4944.052507698516
0,2019-06,2019-10,applprev_1_max_credacc_minhisbal_90A,num,0.022465701908384185,-771.2283522852763,-891.5437599747852,5794.281044750151,6565.490807359237,120.3154076895089,-0.020764510171373107,-771.2283522852763,5794.281044750151
0,2019-06,2019-10,applprev_1_min_credacc_minhisbal_90A,num,0.02728356543410333,-877.9806168158959,-1040.4830784943924,6205.5653402151465,7101.746867599791,162.5024616784965,-0.026186568470305167,-877.9806168158959,6205.5653402151465
0,2019-06,2019-10,applprev_1_mean_credacc_minhisbal_90A,num,0.02522925795768507,-822.6439381659624,-963.0917662518856,5891.155125405464,6689.543561121049,140.44782808592322,-0.023840456599121852,-822.6439381659624,5891.155125405464
0,2019-06,2019-10,applprev_1_max_credacc_transactions_402L,num,0.049083140197453703,-0.829237370297266,-0.7856234147272337,0.888573049617039,1.1581289641730432,0.043613955570032226,0.049083140197453835,-0.829237370297266,0.888573049617039
0,2019-06,2019-10,applprev_1_min_credacc_transactions_402L,num,0.04293703087740097,-0.8374657564894871,-0.8028616409710019,0.8059270706745124,0.9809776869467323,0.03460411551848519,0.04293703087740139,-0.8374657564894871,0.8059270706745124
0,2019-06,2019-10,applprev_1_mean_credacc_transactions_402L,num,0.046671127244160504,-0.8334896146651328,-0.7948009016661368,0.8289646143877196,1.026664293433792,0.03868871299899601,0.04667112724416087,-0.8334896146651328,0.8289646143877196
0,2019-06,2019-10,applprev_1_max_credamount_590A,num,0.05818441807936817,49456.36063597547,52428.215117091924,51076.46650453053,54323.78090414359,2971.854481116454,0.058184418079368264,49456.36063597547,51076.46650453053
0,2019-06,2019-10,applprev_1_min_credamount_590A,num,0.007432121046909294,14181.986384790562,14232.290745867926,19292.63427097021,19699.780037265024,50.304361077363865,0.0026074386924473687,14181.986384790562,19292.63427097021
0,2019-06,2019-10,applprev_1_mean_credamount_590A,num,0.03856253921032367,27963.447523906707,28967.067967889554,26025.787319372634,26893.732620001523,1003.6204439828471,0.03856253921032349,27963.447523906707,26025.787319372634
0,2019-06,2019-10,applprev_1_std_credamount_590A,num,0.05396685400109987,14925.937533465432,16006.181238350835,20016.799661202946,21197.397695650394,1080.2437048854026,0.05396685400109977,14925.937533465432,20016.799661202946
0,2019-06,2019-10,applprev_1_max_currdebt_94A,num,0.01632646223806855,12523.285512653463,12550.126668981498,28242.298187481178,29252.524278189027,26.84115632803514,0.0009503885324719391,12523.285512653463,28242.298187481178
0,2019-06,2019-10,applprev_1_min_currdebt_94A,num,0.00668795180185328,1525.0167460466298,1489.705371454998,8583.866143926823,8657.593213381255,35.311374591631875,-0.004113691196899086,1525.0167460466298,8583.866143926823
0,2019-06,2019-10,applprev_1_mean_currdebt_94A,num,0.006184263693259277,4408.294184933094,4389.4865764985125,11305.969885849294,11516.591991479485,18.807608434581198,-0.0016635112798346523,4408.294184933094,11305.969885849294
0,2019-06,2019-10,applprev_1_std_currdebt_94A,num,0.01113360499051701,5241.628444077488,5268.849201112508,13217.667969698088,13576.409372433576,27.220757035020142,0.0020594220627590714,5241.628444077488,13217.667969698088
0,2019-06,2019-10,applprev_1_max_downpmt_134A,num,0.004415585680516693,1284.4156474406273,1298.1598020902816,4586.803575187877,4649.07731910463,13.74415464965432,0.0029964559031920948,1284.4156474406273,4586.803575187877
0,2019-06,2019-10,applprev_1_min_downpmt_134A,num,0.005282181273271879,150.0908464736442,140.55471318443745,1821.434097786057,1637.3746317194536,9.53613328920676,-0.0052355082738364655,150.0908464736442,1821.434097786057
0,2019-06,2019-10,applprev_1_mean_downpmt_134A,num,0.004633675927442853,449.91414195089544,439.6655780877084,2223.6570196631924,2086.2708439500066,10.24856386318703,-0.0046088779755878604,449.91414195089544,2223.6570196631924
0,2019-06,2019-10,applprev_1_std_downpmt_134A,num,0.0038325975284189775,514.2361724603935,520.001898914812,1995.6088296523083,2039.0234546624995,5.765726454418541,0.0028892067266625063,514.2361724603935,1995.6088296523083
0,2019-06,2019-10,applprev_1_mean_isbidproduct_390L,num,0.02119838785442384,-0.1931552598047813,-0.1849083704884805,0.44377483278150776,0.43691919076918756,0.008246889316300798,0.018583499349457584,-0.1931552598047813,0.44377483278150776
0,2019-06,2019-10,applprev_1_std_isbidproduct_390L,num,0.025364051827214153,-0.32479060225750195,-0.3114912361994268,0.5574381987174162,0.5524529701065174,0.013299366058075135,0.023858009890020154,-0.32479060225750195,0.5574381987174162
0,2019-06,2019-10,applprev_1_mean_isdebitcard_527L,num,0.061114971655897715,-0.803745235608137,-0.7762013743739323,0.45068925809681787,0.4790874709924588,0.027543861234204714,0.06111497165589798,-0.803745235608137,0.45068925809681787
0,2019-06,2019-10,applprev_1_std_isdebitcard_527L,num,0.04964097136043774,-0.964213287985252,-0.9543102368714439,0.1994934998733828,0.22759381188133124,0.00990305111380807,0.049640971360437665,-0.964213287985252,0.1994934998733828
0,2019-06,2019-10,applprev_1_max_mainoccupationinc_437A,num,0.046996517175492414,46997.624363725525,48986.17590927762,42312.74283850683,43194.758630872035,1988.5515455520945,0.04699651717549276,46997.624363725525,42312.74283850683
0,2019-06,2019-10,applprev_1_min_mainoccupationinc_437A,num,0.01943274919908737,18924.271024689173,19353.683227012836,22170.095038873213,22277.55606653192,429.4122023236632,0.01936898337922001,18924.271024689173,22170.095038873213
0,2019-06,2019-10,applprev_1_mean_mainoccupationinc_437A,num,0.04125882834963545,30715.686120004742,31810.13913994065,26535.39662375141,26807.832210985354,1094.453019935907,0.04124502209084297,30715.686120004742,26535.39662375141
0,2019-06,2019-10,applprev_1_std_mainoccupationinc_437A,num,0.03569948177298568,12072.861613148796,12633.535110504863,15738.054221548899,16022.428509621335,560.673497356067,0.03562533776179143,12072.861613148796,15738.054221548899
0,2019-06,2019-10,applprev_1_max_maxdpdtolerance_577P,num,0.04057779502333732,19.280679948094047,25.8970993980933,163.05517454050892,194.502684814519,6.616419449999253,0.04057779502333727,19.280679948094047,163.05517454050892
0,2019-06,2019-10,applprev_1_min_maxdpdtolerance_577P,num,0.01832100447385509,7.507688942142761,9.698462235721612,119.57713872649185,137.1384662488843,2.190773293578851,0.018321004473855117,7.507688942142761,119.57713872649185
0,2019-06,2019-10,applprev_1_mean_maxdpdtolerance_577P,num,0.029798293007368228,12.0771134131233,15.92904711595497,129.26692484966145,149.48740619636692,3.851933702831671,0.029798293007368304,12.0771134131233,129.26692484966145
0,2019-06,2019-10,applprev_1_std_maxdpdtolerance_577P,num,0.0365852841491678,6.299462065030288,8.865795131769824,70.14659417268948,86.55065545750367,2.566333066739536,0.03658528396149416,6.299462065030288,70.14659417268948
0,2019-06,2019-10,applprev_1_max_outstandingdebt_522A,num,0.018080097452146976,16946.300748045207,16906.03287631838,43362.76584499165,45178.19638100024,40.26787172682816,-0.0009286278433154664,16946.300748045207,43362.76584499165
0,2019-06,2019-10,applprev_1_min_outstandingdebt_522A,num,0.007169262015022159,1845.1765905996767,1789.715453801329,11356.608765946421,11490.876365062646,55.46113679834775,-0.004883600196270899,1845.1765905996767,11356.608765946421
0,2019-06,2019-10,applprev_1_mean_outstandingdebt_522A,num,0.00811588339348836,5708.769673778503,5645.260492064654,15884.382159917823,16205.903663529194,63.5091817138491,-0.003998215421567122,5708.769673778503,15884.382159917823
0,2019-06,2019-10,applprev_1_std_outstandingdebt_522A,num,0.012317611141293934,7124.997376109271,7116.934303765542,20107.20685975746,20687.932247064076,8.06307234372889,-0.0004010040976833194,7124.997376109271,20107.20685975746
0,2019-06,2019-10,applprev_1_max_pmtnum_8L,num,0.040537121411129924,16.36343116246464,16.95019758760247,14.474792602731037,14.617478347843027,0.5867664251378315,0.04053712141112979,16.36343116246464,14.474792602731037
0,2019-06,2019-10,applprev_1_min_pmtnum_8L,num,0.012496216138512503,6.666832394485241,6.743307067831784,7.063516136376493,7.046381121266342,0.07647467334654312,0.010826714609273024,6.666832394485241,7.063516136376493
0,2019-06,2019-10,applprev_1_mean_pmtnum_8L,num,0.031858422970403075,10.864762090268377,11.155871563378158,9.139360784552409,9.134545763890888,0.2911094731097812,0.031852279384989614,10.864762090268377,9.139360784552409
0,2019-06,2019-10,applprev_1_std_pmtnum_8L,num,0.0397875321449674,3.789494796525963,4.006070694577494,5.4435582048579025,5.528616265880129,0.21657589805153155,0.03978572284912034,3.789494796525963,5.4435582048579025
0,2019-06,2019-10,applprev_1_max_revolvingaccount_394A,num,0.05439069642964757,90378790.09232697,103546247.67786065,242090255.31719968,258297910.61473843,13167457.585533679,0.054390696429647556,90378790.09232697,242090255.31719968
0,2019-06,2019-10,applprev_1_min_revolvingaccount_394A,num,0.053997180067470785,89766512.1429104,102756523.5160694,240568328.8817612,256468179.85802364,12990011.373158991,0.053997180067470785,89766512.1429104,240568328.8817612
0,2019-06,2019-10,applprev_1_mean_revolvingaccount_394A,num,0.05421824463015634,90077575.6004236,103160549.2863907,241302052.01609075,257357819.48625553,13082973.685967103,0.05421824463015627,90077575.6004236,241302052.01609075
0,2019-06,2019-10,applprev_1_n_unique_cancelreason_3545846M,num,0.04016343470556667,1.0649769058284817,1.1187791710067028,1.3395832695246135,1.3559759785734826,0.053802265178221065,0.04016343470556647,1.0649769058284817,1.3395832695246135
0,2019-06,2019-10,applprev_1_n_unique_district_544M,num,0.046523928107154,0.7718922305141374,0.8212607440743598,1.06144220347681,1.0771577589118233,0.04936851356022243,0.04651078824500594,0.7718922305141374,1.06144220347681
0,2019-06,2019-10,applprev_1_n_unique_education_1138M,num,0.029643779885203097,1.1537241526750956,1.1914651697186067,1.2861605347231269,1.2766314158506376,0.03774101704351107,0.029343939597427954,1.1537241526750956,1.2861605347231269
0,2019-06,2019-10,applprev_1_n_unique_postype_4733339M,num,0.021084263757231454,0.5500688599086176,0.5676767355506611,0.8351193024705114,0.8232515556708926,0.01760787564204347,0.02108426375723152,0.5500688599086176,0.8351193024705114
0,2019-06,2019-10,applprev_1_n_unique_profession_152M,num,0.023076661792943026,0.5957152729785764,0.6104303990712985,0.8889579250060952,0.8735843480703117,0.014715126092722075,0.016553231237149024,0.5957152729785764,0.8889579250060952
0,2019-06,2019-10,applprev_1_n_unique_rejectreason_755M,num,0.07930734333155962,1.0187885627917845,1.122400947784395,1.3064915945699749,1.3792769561903855,0.1036123849926105,0.07930581828711572,1.0187885627917845,1.3064915945699749
0,2019-06,2019-10,applprev_1_n_unique_rejectreasonclient_4145042M,num,0.11901619015526689,0.7970497133737378,0.9251393449792076,1.0762370349644514,1.1432087282395962,0.12808963160546982,0.11901619015526693,0.7970497133737378,1.0762370349644514
0,2019-06,2019-10,applprev_1_max_approvaldate_319D,num,0.022258198874816927,-411.6706607070943,-428.65277457520654,775.7726975312926,803.4640181549046,16.982113868112208,-0.02189057944698704,-411.6706607070943,775.7726975312926
0,2019-06,2019-10,applprev_1_min_approvaldate_319D,num,0.03477288842847851,-1165.9014681827448,-1214.2733944516447,1391.0816286772435,1427.5716373186829,48.37192626889987,-0.03477288842847844,-1165.9014681827448,1391.0816286772435
0,2019-06,2019-10,applprev_1_mean_approvaldate_319D,num,0.0310639411570449,-759.7178916108215,-788.9086228775235,939.6982539700008,965.3645046701954,29.19073126670196,-0.031063941157044923,-759.7178916108215,939.6982539700008
0,2019-06,2019-10,applprev_1_std_approvaldate_319D,num,0.03306750965259549,-8163.467191053114,-8448.19192076093,8610.407396840885,8675.849503803045,284.72472970781564,-0.0330675096525955,-8163.467191053114,8610.407396840885
0,2019-06,2019-10,applprev_1_min_creationdate_885D,num,0.04081753821768961,-1399.1045129342276,-1457.712516001813,1435.8534499316177,1470.5030743011068,58.60800306758529,-0.04081753821768962,-1399.1045129342276,1435.8534499316177
0,2019-06,2019-10,applprev_1_mean_creationdate_885D,num,0.032829377825917286,-834.1048925415645,-863.298269874643,889.2455253913336,906.6746829347861,29.1933773330785,-0.03282937782591738,-834.1048925415645,889.2455253913336
0,2019-06,2019-10,applprev_1_std_creationdate_885D,num,0.036007059539021856,-10568.379182055725,-10871.597182174552,8421.070867789707,8416.788421540006,303.21800011882624,-0.036007059539021835,-10568.379182055725,8421.070867789707
0,2019-06,2019-10,applprev_1_max_dateactivated_425D,num,0.025694244460373945,-419.38605300970005,-439.5799017230275,787.5818087388568,817.3534836225167,20.19384871332744,-0.025640318871335478,-419.38605300970005,787.5818087388568
0,2019-06,2019-10,applprev_1_min_dateactivated_425D,num,0.03437490650425517,-1151.4005508792688,-1199.1056199161942,1387.9345151530472,1424.5023333806928,47.70506903692535,-0.03437126789203374,-1151.4005508792688,1387.9345151530472
0,2019-06,2019-10,applprev_1_mean_dateactivated_425D,num,0.03269231869153576,-758.3143795719515,-789.3068647070637,948.1612862105408,975.8221972895816,30.992485135112247,-0.03268693373780114,-758.3143795719515,948.1612862105408
0,2019-06,2019-10,applprev_1_std_dateactivated_425D,num,0.030071255581192648,-7947.718699077538,-8206.194600489987,8595.447593285944,8665.624810264708,258.4759014124493,-0.030071255581192696,-7947.718699077538,8595.447593285944
0,2019-06,2019-10,applprev_1_max_dtlastpmt_581D,num,0.052475012368549206,-144.5092401545246,-157.4299219986165,249.0076084586626,270.03052740845015,12.920681844091888,-0.051888703016224634,-144.5092401545246,249.0076084586626
0,2019-06,2019-10,applprev_1_min_dtlastpmt_581D,num,0.10207594598618003,-276.244713696907,-315.1664705367863,381.97395455497366,421.725198153438,38.921756839879265,-0.10189636328797819,-276.244713696907,381.97395455497366
0,2019-06,2019-10,applprev_1_mean_dtlastpmt_581D,num,0.087904075182579,-208.2677282219663,-233.6460078458578,289.48495587609614,315.3274199047242,25.3782796238915,-0.08766700689881025,-208.2677282219663,289.48495587609614
0,2019-06,2019-10,applprev_1_std_dtlastpmt_581D,num,0.0573652431949148,-4441.014755652393,-4881.163000190208,7672.733872011749,7940.270996300636,440.1482445378142,-0.057365243194914796,-4441.014755652393,7672.733872011749
0,2019-06,2019-10,applprev_1_max_dtlastpmtallstes_3545839D,num,0.058049616158186906,-79.40258933143741,-91.21744575286044,203.7211865525405,226.91875073331622,11.81485642142303,-0.057995226816411324,-79.40258933143741,203.7211865525405
0,2019-06,2019-10,applprev_1_min_dtlastpmtallstes_3545839D,num,0.10276368862233216,-280.45408759378125,-319.84295959989504,383.6152488526256,423.3357342770871,39.388872006113786,-0.10267806643224943,-280.45408759378125,383.6152488526256
0,2019-06,2019-10,applprev_1_mean_dtlastpmtallstes_3545839D,num,0.09853768869788282,-171.86507210092327,-196.35076294124875,248.58320104724777,275.72042021791424,24.485690840325475,-0.09850098774643876,-171.86507210092327,248.58320104724777
0,2019-06,2019-10,applprev_1_std_dtlastpmtallstes_3545839D,num,0.04335461893289922,-6409.197848650287,-6777.942901497039,8505.323352454476,8642.633425431339,368.7450528467525,-0.0433546189328992,-6409.197848650287,8505.323352454476
0,2019-06,2019-10,applprev_1_max_employedfrom_700D,num,0.03078914430672366,-1977.477693864259,-2055.9055674381993,2558.7854585527743,2596.470742236307,78.42787357394036,-0.030650429605887493,-1977.477693864259,2558.7854585527743
0,2019-06,2019-10,applprev_1_min_employedfrom_700D,num,0.02747367687407474,-2359.689145987978,-2437.4987238305757,2852.3339948115545,2883.9814200869687,77.80957784259772,-0.027279266027097356,-2359.689145987978,2852.3339948115545
0,2019-06,2019-10,applprev_1_mean_employedfrom_700D,num,0.029421116115384914,-2170.737990091794,-2248.602218587528,2658.82718052459,2692.8224666581036,77.8642284957341,-0.029285178467436678,-2170.737990091794,2658.82718052459
0,2019-06,2019-10,applprev_1_std_employedfrom_700D,num,0.013106447207582618,-6115.9811242504575,-6225.172957191703,8331.154218366215,8411.51042394359,109.1918329412456,-0.013106447207582566,-6115.9811242504575,8331.154218366215
0,2019-06,2019-10,applprev_1_max_firstnonzeroinstldate_307D,num,0.020558321687426117,-372.12862633183016,-386.53778018081056,722.3743933773584,739.9819198647119,14.409153848980395,-0.019946933309211656,-372.12862633183016,722.3743933773584
0,2019-06,2019-10,applprev_1_min_firstnonzeroinstldate_307D,num,0.03947056327554125,-1364.312604097786,-1420.9532508527675,1435.01268641828,1470.9604270309812,56.64064675498139,-0.03947048502850077,-1364.312604097786,1435.01268641828
0,2019-06,2019-10,applprev_1_mean_firstnonzeroinstldate_307D,num,0.03415888595207927,-830.7485830417171,-861.922551959458,912.6207049079101,934.2332826710759,31.173968917740922,-0.03415873511316686,-830.7485830417171,912.6207049079101
0,2019-06,2019-10,applprev_1_std_firstnonzeroinstldate_307D,num,0.030706063198952232,-10082.513934153838,-10343.816202783626,8509.79387806066,8526.851980337839,261.30226862978816,-0.03070606319895232,-10082.513934153838,8509.79387806066
0,2019-06,2019-10,tax_a_1_max_amount_4527230A,num,974.698016091526,-1.0,973.6980160915257,0.0,2996.055035614909,974.6980160915257,974.6980160915257,-1.0,1.0
0,2019-06,2019-10,tax_a_1_min_amount_4527230A,num,323.7753170307508,-1.0,322.77531703075044,0.0,1145.808927849402,323.77531703075044,323.77531703075044,-1.0,1.0
0,2019-06,2019-10,tax_a_1_mean_amount_4527230A,num,576.7122370417941,-1.0,575.7122370417939,0.0,1735.556189594917,576.7122370417939,576.7122370417939,-1.0,1.0
0,2019-06,2019-10,tax_a_1_std_amount_4527230A,num,235.86376964465242,-1.0,234.86376964465234,0.0,845.6817529999679,235.86376964465234,235.86376964465234,-1.0,1.0
0,2019-06,2019-10,tax_a_1_n_unique_name_4527232M,num,0.5794405527682142,-1.0,-0.4205594472317858,0.0,1.0802813134327711,0.5794405527682143,0.5794405527682143,-1.0,1.0
0,2019-06,2019-10,tax_a_1_max_recorddate_4527225D,num,3.6254701153720763,-1.0,2.6254701153720768,0.0,6.415801237473949,3.6254701153720768,3.6254701153720768,-1.0,1.0
0,2019-06,2019-10,tax_a_1_std_recorddate_4527225D,num,4224.058417549913,-1.0,-4225.058417549913,0.0,7674.523252021827,4224.058417549913,-4224.058417549913,-1.0,1.0
0,2019-06,2019-10,tax_b_1_max_amount_4917619A,num,0.0,-1.0,-1.0,0.0,0.0,0.0,0.0,-1.0,1.0
0,2019-06,2019-10,tax_b_1_min_amount_4917619A,num,0.0,-1.0,-1.0,0.0,0.0,0.0,0.0,-1.0,1.0
0,2019-06,2019-10,tax_b_1_mean_amount_4917619A,num,0.0,-1.0,-1.0,0.0,0.0,0.0,0.0,-1.0,1.0
0,2019-06,2019-10,tax_b_1_std_amount_4917619A,num,0.0,-1.0,-1.0,0.0,0.0,0.0,0.0,-1.0,1.0
0,2019-06,2019-10,tax_b_1_n_unique_name_4917606M,num,0.0,-1.0,-1.0,0.0,0.0,0.0,0.0,-1.0,1.0
0,2019-06,2019-10,tax_b_1_max_deductiondate_4917603D,num,0.0,-1.0,-1.0,0.0,0.0,0.0,0.0,-1.0,1.0
0,2019-06,2019-10,tax_b_1_min_deductiondate_4917603D,num,0.0,-1.0,-1.0,0.0,0.0,0.0,0.0,-1.0,1.0
0,2019-06,2019-10,tax_b_1_mean_deductiondate_4917603D,num,0.0,-1.0,-1.0,0.0,0.0,0.0,0.0,-1.0,1.0
0,2019-06,2019-10,tax_b_1_std_deductiondate_4917603D,num,0.0,-1.0,-1.0,0.0,0.0,0.0,0.0,-1.0,1.0
0,2019-06,2019-10,tax_c_1_max_pmtamount_36A,num,0.03270746769608339,2381.651204622699,2242.701640810453,4362.672356303793,4251.730533963858,138.9495638122462,-0.031849644544466565,2381.651204622699,4362.672356303793
0,2019-06,2019-10,tax_c_1_min_pmtamount_36A,num,0.04428737386160094,846.4895210108829,774.2511476051444,1673.4048501331847,1642.657747495917,72.23837340573846,-0.043168497689001606,846.4895210108829,1673.4048501331847
0,2019-06,2019-10,tax_c_1_mean_pmtamount_36A,num,0.04838754004258086,1470.3513780001174,1350.2449238887366,2500.215355884403,2439.8933308983715,120.1064541113808,-0.04803844349995821,1470.3513780001174,2500.215355884403
0,2019-06,2019-10,tax_c_1_std_pmtamount_36A,num,0.03101115811838731,576.6086506740495,537.5542379783553,1260.9678543530042,1221.2205516250228,39.05441269569417,-0.030971775022554222,576.6086506740495,1260.9678543530042
0,2019-06,2019-10,tax_c_1_n_unique_employername_160M,num,0.11341315925513787,0.5029060372987029,0.35693782947832103,1.2870832192221289,1.2931022938957544,0.14596820782038183,-0.11341007763942433,0.5029060372987029,1.2870832192221289
0,2019-06,2019-10,tax_c_1_max_processingdate_168D,num,0.18586984995576084,-7.951579303247105,-3.39635595983048,24.507596818423327,20.921614687541997,4.555223343416625,0.1858698499557608,-7.951579303247105,24.507596818423327
0,2019-06,2019-10,tax_c_1_min_processingdate_168D,num,0.40298033717641074,-87.46093380996653,-58.28301541739884,72.40531534866084,73.87455390958739,29.17791839256769,0.40298033717641074,-87.46093380996653,72.40531534866084
0,2019-06,2019-10,tax_c_1_mean_processingdate_168D,num,0.4068463396611417,-47.44262154309897,-30.94128007110868,40.55914939712643,41.86232601565246,16.501341471990294,0.40684633966114175,-47.44262154309897,40.55914939712643
0,2019-06,2019-10,tax_c_1_std_processingdate_168D,num,0.11599981937081516,-10763.275050675813,-9863.52867152465,8791.810112823909,8993.26057344032,899.7463791511636,0.1023391505963915,-10763.275050675813,8791.810112823909
0,2019-06,2019-10,credit_a_1_max_annualeffectiverate_199L,num,0.07517973304161414,25.77602769163845,116.21157639078825,1202.9245787437153,2611.396569512273,90.4355486991498,0.07517973304161508,25.77602769163845,1202.9245787437153
0,2019-06,2019-10,credit_a_1_min_annualeffectiverate_199L,num,0.04369364518488036,4.68414537596855,25.689460343478522,480.74073194467434,1141.6286384913735,21.005314967509975,0.043693645184879726,4.68414537596855,480.74073194467434
0,2019-06,2019-10,credit_a_1_mean_annualeffectiverate_199L,num,0.06764911393385482,12.098425183294728,56.303404479258326,653.445059741449,1466.7060073885802,44.2049792959636,0.06764911393385444,12.098425183294728,653.445059741449
0,2019-06,2019-10,credit_a_1_std_annualeffectiverate_199L,num,0.06467306326290745,8.648147323655124,41.583537420769886,509.2597819779591,1125.5551743259937,32.93539009711476,0.06467306326290698,8.648147323655124,509.2597819779591
0,2019-06,2019-10,credit_a_1_max_annualeffectiverate_63L,num,0.006559898072128097,12.172708556254971,16.936495599788376,727.3774867544311,869.9311540373939,4.763787043533405,0.006549263800821623,12.172708556254971,727.3774867544311
0,2019-06,2019-10,credit_a_1_min_annualeffectiverate_63L,num,0.004204807971371225,7.9003499160947825,10.267406797846881,563.9591324152237,637.6751463686604,2.3670568817520987,0.00419721349597601,7.9003499160947825,563.9591324152237
0,2019-06,2019-10,credit_a_1_mean_annualeffectiverate_63L,num,0.005513830867071133,9.848878978414893,13.173755400917633,603.5215199638308,689.547757300447,3.32487642250274,0.005509126539020515,9.848878978414893,603.5215199638308
0,2019-06,2019-10,credit_a_1_max_contractsum_5085717L,num,0.0,-1.0,-1.0,0.0,0.0,0.0,0.0,-1.0,1.0
0,2019-06,2019-10,credit_a_1_min_contractsum_5085717L,num,0.0,-1.0,-1.0,0.0,0.0,0.0,0.0,-1.0,1.0
0,2019-06,2019-10,credit_a_1_mean_contractsum_5085717L,num,0.0,-1.0,-1.0,0.0,0.0,0.0,0.0,-1.0,1.0
0,2019-06,2019-10,credit_a_1_std_contractsum_5085717L,num,0.0,-1.0,-1.0,0.0,0.0,0.0,0.0,-1.0,1.0
0,2019-06,2019-10,credit_a_1_max_credlmt_230A,num,0.05365571682364584,4895.824564470868,15781.464389131204,203956.29295761243,248919.6536932424,10885.639824660337,0.05337241458356307,4895.824564470868,203956.29295761243
0,2019-06,2019-10,credit_a_1_min_credlmt_230A,num,0.035896733998408877,2412.185311505002,7790.0532781937045,150647.5445130941,194537.87219324586,5377.867966688702,0.035698344663170165,2412.185311505002,150647.5445130941
0,2019-06,2019-10,credit_a_1_mean_credlmt_230A,num,0.05107409071815882,3419.8522649640204,11231.242755866375,153527.4979320567,202561.55134593265,7811.390490902355,0.05087942287940673,3419.8522649640204,153527.4979320567
0,2019-06,2019-10,credit_a_1_std_credlmt_230A,num,0.05471706358888833,1387.9585797902141,4586.335136996019,58792.37956142212,78438.7630392901,3198.376557205805,0.054401209494580285,1387.9585797902141,58792.37956142212
0,2019-06,2019-10,credit_a_1_max_credlmt_935A,num,0.004594952665739334,64378.681459382206,64067.564027448294,4761146.475503108,2998123.1679569953,311.1174319339116,-6.534506626390568e-05,64378.681459382206,4761146.475503108
0,2019-06,2019-10,credit_a_1_min_credlmt_935A,num,0.014293105218217762,24605.938698170765,28998.575045037946,326821.99325114023,325840.44896482845,4392.636346867181,0.013440455163896334,24605.938698170765,326821.99325114023
0,2019-06,2019-10,credit_a_1_mean_credlmt_935A,num,0.005407833190565879,43106.56104146566,45120.62555880618,2319336.4439380853,1509284.8214757843,2014.064517340521,0.0008683796275458717,43106.56104146566,2319336.4439380853
0,2019-06,2019-10,credit_a_1_std_credlmt_935A,num,0.0034156920754614163,25271.956621474197,22135.52820885765,3198143.2509624287,2059378.951469624,3136.4284126165476,-0.0009807029161913528,25271.956621474197,3198143.2509624287
0,2019-06,2019-10,credit_a_1_max_debtoutstand_525A,num,0.012471271162802968,155120.1020536777,170161.62133882637,1670290.4099802903,697162.3352030609,15041.519285148679,0.009005331764627788,155120.1020536777,1670290.4099802903
0,2019-06,2019-10,credit_a_1_max_debtoverdue_47A,num,0.0026467811646743015,1764.6619909175345,2057.1003577088027,133782.28639037296,169962.29785555345,292.4383667912682,0.0021859274099856633,1764.6619909175345,133782.28639037296
0,2019-06,2019-10,credit_a_1_max_dpdmax_139P,num,0.009493475609458126,18.31593025510483,19.802094349074082,156.54583791089442,165.34302563241687,1.4861640939692506,0.009493475609458056,18.31593025510483,156.54583791089442
0,2019-06,2019-10,credit_a_1_min_dpdmax_139P,num,0.0023667182805809798,9.165169315825846,9.338757384687558,116.03756349821788,117.24657801226846,0.17358806886171152,0.0014959644414145037,9.165169315825846,116.03756349821788
0,2019-06,2019-10,credit_a_1_mean_dpdmax_139P,num,0.0056865484547632805,13.139367218682432,13.838406116105734,125.79835884007917,128.66659708797167,0.6990388974233017,0.005556820485328851,13.139367218682432,125.79835884007917
0,2019-06,2019-10,credit_a_1_std_dpdmax_139P,num,0.012106821728408913,5.238680519259291,6.055489366529597,67.58706423361437,74.06364342912437,0.8168088472703054,0.012085283723036253,5.238680519259291,67.58706423361437
0,2019-06,2019-10,credit_a_1_max_dpdmax_757P,num,0.3484984934144515,38.7629677874839,145.8243656921132,307.20768046400383,593.0222684404314,107.06139790462929,0.3484984416500417,38.7629677874839,307.20768046400383
0,2019-06,2019-10,credit_a_1_min_dpdmax_757P,num,0.16286752649914657,4.3340177892240455,17.849070105830624,82.98962951343395,155.95035952056068,13.515052316606578,0.16285230330397882,4.3340177892240455,82.98962951343395
0,2019-06,2019-10,credit_a_1_mean_dpdmax_757P,num,0.32934051183155544,13.369713794151021,51.37252976260392,115.39071510011973,216.454246634955,38.00281596845289,0.32934032807994496,13.369713794151021,115.39071510011973
0,2019-06,2019-10,credit_a_1_std_dpdmax_757P,num,0.30869761558737985,14.494042127559865,56.46370295223074,135.95719145679985,255.54342933159606,41.969660824670875,0.3086976155873789,14.494042127559865,135.95719145679985
0,2019-06,2019-10,credit_a_1_max_dpdmaxdatemonth_442T,num,1.2296750340506293,1.1560758304206669,6.636025348461838,4.456420896820083,5.336969215544349,5.479949518041171,1.2296750340506293,1.1560758304206669,4.456420896820083
0,2019-06,2019-10,credit_a_1_min_dpdmaxdatemonth_442T,num,1.0328905889331723,-0.13211158785480254,2.0674501260267,2.1295205295202986,3.0365213338580683,2.199561713881503,1.0328905889331728,-0.13211158785480254,2.1295205295202986
0,2019-06,2019-10,credit_a_1_mean_dpdmaxdatemonth_442T,num,1.2249086226181554,0.5166217391059565,4.374887946916129,3.1498400260775385,3.799872144776718,3.858266207810172,1.2249086226181554,0.5166217391059565,3.1498400260775385
0,2019-06,2019-10,credit_a_1_std_dpdmaxdatemonth_442T,num,1.0951280099763587,-0.2842959714822337,1.5341516469727756,1.6604886386699806,2.257298149340464,1.8184476184550094,1.095128009976359,-0.2842959714822337,1.6604886386699806
0,2019-06,2019-10,credit_a_1_max_dpdmaxdatemonth_89T,num,0.259462607053887,5.7350061899340234,6.934064579738723,4.621314814568524,4.368872591345911,1.1990583898046996,0.259462607053887,5.7350061899340234,4.621314814568524
0,2019-06,2019-10,credit_a_1_min_dpdmaxdatemonth_89T,num,0.3152077245326236,3.4176241591384806,4.554334602876748,3.6062264826273944,3.830121350784998,1.1367104437382678,0.3152077245326236,3.4176241591384806,3.6062264826273944
0,2019-06,2019-10,credit_a_1_mean_dpdmaxdatemonth_89T,num,0.31299125256611077,4.570613256789678,5.767371986048568,3.823617176029888,3.8114124106743468,1.1967587292588897,0.3129912525661107,4.570613256789678,3.823617176029888
0,2019-06,2019-10,credit_a_1_std_dpdmaxdatemonth_89T,num,0.06069193255968789,0.8213893537004644,0.9023904132919036,2.285607467354713,2.2123022880839605,0.08100105959143922,0.035439619772150634,0.8213893537004644,2.285607467354713
0,2019-06,2019-10,credit_a_1_max_dpdmaxdateyear_596T,num,0.15767298124843893,1560.1630612579736,1693.5014988033427,845.664466350599,742.0944740964449,133.33843754536906,0.15767298124843887,1560.1630612579736,845.664466350599
0,2019-06,2019-10,credit_a_1_min_dpdmaxdateyear_596T,num,0.15761922824739763,1559.6991095444307,1692.9524756096591,845.4131361186156,741.8541108532532,133.25336606522842,0.15761922824739774,1559.6991095444307,845.4131361186156
0,2019-06,2019-10,credit_a_1_mean_dpdmaxdateyear_596T,num,0.15765868255482807,1559.9372970566565,1693.2443514903102,845.5421057276325,741.9818119236662,133.30705443365378,0.15765868255482818,1559.9372970566565,845.5421057276325
0,2019-06,2019-10,credit_a_1_std_dpdmaxdateyear_596T,num,0.11711055371220846,-0.2542257721072828,-0.154931222902823,0.847912609729326,0.8899334947584548,0.09929454920445982,0.11710469695238641,-0.2542257721072828,0.847912609729326
0,2019-06,2019-10,credit_a_1_max_dpdmaxdateyear_896T,num,1.2778538651613447,408.2703981942297,1445.1778208910127,811.4444467919348,909.6413593079299,1036.907422696783,1.2778538651613447,408.2703981942297,811.4444467919348
0,2019-06,2019-10,credit_a_1_min_dpdmaxdateyear_896T,num,1.27777228036991,407.16073941123534,1441.1929321682157,809.246067270791,907.1404834051242,1034.0321927569803,1.27777228036991,407.16073941123534,809.246067270791
0,2019-06,2019-10,credit_a_1_mean_dpdmaxdateyear_896T,num,1.2778306760962341,407.75899553140346,1443.3523331128283,810.4308003820637,908.4941160732405,1035.5933375814247,1.2778306760962344,407.75899553140346,810.4308003820637
0,2019-06,2019-10,credit_a_1_std_dpdmaxdateyear_896T,num,1.0596530826598267,-0.37628956724567963,1.2309246129476459,1.5167361908286718,2.1740981800942203,1.6072141801933255,1.059653082659827,-0.37628956724567963,1.5167361908286718
0,2019-06,2019-10,credit_a_1_max_instlamount_768A,num,0.09580117802380811,2076.345471337052,2516.08786026333,4612.527526059406,5057.317647483824,439.7423889262782,0.09533653434952197,2076.345471337052,4612.527526059406
0,2019-06,2019-10,credit_a_1_min_instlamount_768A,num,0.06754570020943343,1437.945775415936,1688.225342678918,3736.6745033031684,4025.054238477093,250.27956726298203,0.06697922632590513,1437.945775415936,3736.6745033031684
0,2019-06,2019-10,credit_a_1_mean_instlamount_768A,num,0.08646324807691959,1748.0728820080446,2089.160957967402,3969.3720986678873,4290.950444787971,341.0880759593572,0.0859299827481091,1748.0728820080446,3969.3720986678873
0,2019-06,2019-10,credit_a_1_std_instlamount_768A,num,0.06973009916811966,433.1882961796026,559.3727665013507,1812.327295183174,2078.4718040638304,126.18447032174811,0.06962565241781811,433.1882961796026,1812.327295183174
0,2019-06,2019-10,credit_a_1_max_instlamount_852A,num,0.2926614645387777,59.44464389002817,229.58960821506554,581.3712597701116,3481.7893896115265,170.14496432503736,0.2926614645387129,59.44464389002817,581.3712597701116
0,2019-06,2019-10,credit_a_1_min_instlamount_852A,num,0.22815726864136376,35.18414729565889,129.38661124690225,412.88390465141845,1011.775522256179,94.20246395124336,0.22815726864135033,35.18414729565889,412.88390465141845
0,2019-06,2019-10,credit_a_1_mean_instlamount_852A,num,0.2768897447586689,45.41402439010533,170.3076598825347,451.05908707920656,1339.0621203010787,124.89363549242935,0.2768897447586459,45.41402439010533,451.05908707920656
0,2019-06,2019-10,credit_a_1_std_instlamount_852A,num,0.1827221428964462,14.196889538249797,60.45578694429446,253.165252293905,1690.2244637933723,46.25889740604466,0.18272214289637864,14.196889538249797,253.165252293905
0,2019-06,2019-10,credit_a_1_max_monthlyinstlamount_332A,num,0.012942745001354294,5915.97972171182,6613.382613172534,56846.155334815805,62786.84014557888,697.4028914607134,0.01226825081402795,5915.97972171182,56846.155334815805
0,2019-06,2019-10,credit_a_1_min_monthlyinstlamount_332A,num,0.039714230308958834,2232.488157614888,2477.0999238672666,6190.392995365298,15354.752655427683,244.6117662523784,0.03951473944150516,2232.488157614888,6190.392995365298
0,2019-06,2019-10,credit_a_1_mean_monthlyinstlamount_332A,num,0.015122924231523824,3883.7680498896916,4337.960274492599,30363.22763634791,35726.00296548954,454.1922246029071,0.014958627918040973,3883.7680498896916,30363.22763634791
0,2019-06,2019-10,credit_a_1_std_monthlyinstlamount_332A,num,0.010682657438225794,2113.8697640200758,2387.4786118080383,29507.215008761377,37253.38693547727,273.60884778796253,0.00927260833347782,2113.8697640200758,29507.215008761377
0,2019-06,2019-10,credit_a_1_max_monthlyinstlamount_674A,num,0.08075368838938812,4431.466624283701,15780.370408680465,141386.60805979013,167930.83787040363,11348.903784396764,0.08026859078193244,4431.466624283701,141386.60805979013
0,2019-06,2019-10,credit_a_1_min_monthlyinstlamount_674A,num,0.13734284579334918,235.6715636965732,935.6780323460034,5096.7814494171735,31414.68164155601,700.0064686494302,0.13734284579329514,235.6715636965732,5096.7814494171735
0,2019-06,2019-10,credit_a_1_mean_monthlyinstlamount_674A,num,0.2514176265122331,1090.6926122034233,4105.045008710682,11989.423487620197,39433.247822223624,3014.3523965072586,0.25141762651221383,1090.6926122034233,11989.423487620197
0,2019-06,2019-10,credit_a_1_std_monthlyinstlamount_674A,num,0.13876217389256712,1551.2492257925144,5621.79980147667,29361.222689987593,46906.2024248745,4070.550575684156,0.13863695727740402,1551.2492257925144,29361.222689987593
0,2019-06,2019-10,credit_a_1_max_nominalrate_281L,num,0.010048200012537338,15.088462818568859,15.994006500762554,113.71530835728409,101.79390362801763,0.9055436821936951,0.00796325222412933,15.088462818568859,113.71530835728409
0,2019-06,2019-10,credit_a_1_min_nominalrate_281L,num,0.007503556510709699,12.362853595949067,12.673287475212785,106.62824088138916,75.87153269500021,0.31043387926371757,0.0029113664137912316,12.362853595949067,106.62824088138916
0,2019-06,2019-10,credit_a_1_mean_nominalrate_281L,num,0.008633594129433783,13.705805166144682,14.28231166298694,108.07334378000671,81.853879540803,0.5765064968422582,0.005334400479139338,13.705805166144682,108.07334378000671
0,2019-06,2019-10,credit_a_1_std_nominalrate_281L,num,0.01581935443652097,0.9034922810269697,1.3036490548048956,25.317213048299514,44.74537468095928,0.4001567737779259,0.0158057197296763,0.9034922810269697,25.317213048299514
0,2019-06,2019-10,credit_a_1_max_nominalrate_498L,num,0.1831222238658225,8.992151938128066,38.16293028111342,159.29676762968228,384.2135085323818,29.17077834298535,0.1831222238658273,8.992151938128066,159.29676762968228
0,2019-06,2019-10,credit_a_1_min_nominalrate_498L,num,0.23976226408343662,3.0626696705021232,13.623669972329523,44.04780019157978,102.73405892887007,10.5610003018274,0.23976226408342297,3.0626696705021232,44.04780019157978
0,2019-06,2019-10,credit_a_1_mean_nominalrate_498L,num,0.28639893162265984,5.495960213228487,23.313440932595476,62.2121060941746,151.22137556326945,17.81748071936699,0.28639893162265695,5.495960213228487,62.2121060941746
0,2019-06,2019-10,credit_a_1_std_nominalrate_498L,num,0.13408334790644255,1.926701594893561,11.139659567908407,68.71067971425471,173.6535233562621,9.212957973014845,0.13408334790644671,1.926701594893561,68.71067971425471
0,2019-06,2019-10,credit_a_1_max_numberofcontrsvalue_258L,num,0.13758980733220835,1.302093639532051,1.5171030556505283,1.5645353368159631,1.4804912939901897,0.21500941611847724,0.13742701175164884,1.302093639532051,1.5645353368159631
0,2019-06,2019-10,credit_a_1_min_numberofcontrsvalue_258L,num,0.14286085400558307,1.2667737268374657,1.4871190375853762,1.5425865705993491,1.4682761525087806,0.22034531074791053,0.14284145535008685,1.2667737268374657,1.5425865705993491
0,2019-06,2019-10,credit_a_1_mean_numberofcontrsvalue_258L,num,0.14084930146124636,1.2843417042463385,1.502050749932858,1.5465709264344372,1.4681834628038575,0.2177090456865194,0.1407688725847444,1.2843417042463385,1.5465709264344372
0,2019-06,2019-10,credit_a_1_max_numberofcontrsvalue_358L,num,0.1410140455305648,3.9055301715780106,4.712893684352811,5.732439542155152,5.820827434678893,0.8073635127748005,0.14084117361162196,3.9055301715780106,5.732439542155152
0,2019-06,2019-10,credit_a_1_min_numberofcontrsvalue_358L,num,0.1392983573412494,3.7412010957923365,4.520470393664475,5.596475485181792,5.706338765447541,0.7792692978721383,0.13924286811145123,3.7412010957923365,5.596475485181792
0,2019-06,2019-10,credit_a_1_mean_numberofcontrsvalue_358L,num,0.14138679530074844,3.8226070146076014,4.615841861006893,5.61282511358518,5.707813738894195,0.7932348463992915,0.14132541640739177,3.8226070146076014,5.61282511358518
0,2019-06,2019-10,credit_a_1_max_numberofinstls_229L,num,0.7041202169345527,4.563989996668871,18.278534909793507,19.47756161984961,31.60358108343238,13.714544913124636,0.7041202169345533,4.563989996668871,19.47756161984961
0,2019-06,2019-10,credit_a_1_min_numberofinstls_229L,num,0.5622951541360742,0.07827656326908065,2.8148997749807183,4.866880305799983,8.854896771993827,2.736623211711638,0.5622951541360768,0.07827656326908065,4.866880305799983
0,2019-06,2019-10,credit_a_1_mean_numberofinstls_229L,num,0.8018930284578111,1.6342186404218142,8.200983396734776,8.189078247683556,13.064879886836518,6.566764756312962,0.8018930284578123,1.6342186404218142,8.189078247683556
0,2019-06,2019-10,credit_a_1_std_numberofinstls_229L,num,0.6418744150355705,1.0162595755535926,5.954289099429446,7.693139667519234,12.700231730916508,4.938029523875853,0.6418744150355707,1.0162595755535926,7.693139667519234
0,2019-06,2019-10,credit_a_1_max_numberofinstls_320L,num,0.04290021085405572,19.95151964123242,21.452877145833167,34.9965064206395,35.92140244584391,1.5013575046007475,0.04290021085405567,19.95151964123242,34.9965064206395
0,2019-06,2019-10,credit_a_1_min_numberofinstls_320L,num,0.048198829649166705,13.516006821357012,14.75844617427465,25.777462117925467,26.730876710230568,1.2424393529176392,0.04819866855913855,13.516006821357012,25.777462117925467
0,2019-06,2019-10,credit_a_1_mean_numberofinstls_320L,num,0.04854340348260952,16.550376554589096,17.920436737997417,28.223405964914267,29.113096798193926,1.3700601834083201,0.04854340348260947,16.550376554589096,28.223405964914267
0,2019-06,2019-10,credit_a_1_std_numberofinstls_320L,num,0.012657145995070729,3.2767193861645434,3.4618431547185997,14.635509636769726,14.928533614383703,0.18512376855405632,0.012648945827547955,3.2767193861645434,14.635509636769726
0,2019-06,2019-10,credit_a_1_max_numberofoutstandinstls_520L,num,0.19502753266681264,-0.7314016098800297,-0.04656626937113869,3.511480308161778,6.943268108376863,0.6848353405088909,0.19502753266681278,-0.7314016098800297,3.511480308161778
0,2019-06,2019-10,credit_a_1_min_numberofoutstandinstls_520L,num,1.1963880314231872,-0.8046864512536481,-0.3089085372156448,0.4143955815474356,0.5000755218585565,0.4957779140380033,1.1963880314231872,-0.8046864512536481,0.4143955815474356
0,2019-06,2019-10,credit_a_1_mean_numberofoutstandinstls_520L,num,0.6884799496007039,-0.7948033579516334,-0.27307143218516483,0.7578026434452534,1.323913196858219,0.5217319257664685,0.6884799496007042,-0.7948033579516334,0.7578026434452534
0,2019-06,2019-10,credit_a_1_std_numberofoutstandinstls_520L,num,0.33868234751292836,-0.8150498971705248,-0.34087841155543275,1.4000478297647092,2.6608046804186083,0.47417148561509204,0.3386823475129281,-0.8150498971705248,1.4000478297647092
0,2019-06,2019-10,credit_a_1_max_numberofoutstandinstls_59L,num,0.04115832533292353,13.900110871910627,15.073536778328178,28.52783015763631,29.584109519933374,1.1734259064175507,0.04113267289988576,13.900110871910627,28.52783015763631
0,2019-06,2019-10,credit_a_1_min_numberofoutstandinstls_59L,num,0.04426847894427685,8.633963596227371,9.554612895274595,20.835943578658522,21.80780821604077,0.9206492990472235,0.044185630258195274,8.633963596227371,20.835943578658522
0,2019-06,2019-10,credit_a_1_mean_numberofoutstandinstls_59L,num,0.045802781451469717,11.109632552668014,12.151820994923234,22.790213722542436,23.74058211704085,1.0421884422552203,0.04572964759976615,11.109632552668014,22.790213722542436
0,2019-06,2019-10,credit_a_1_std_numberofoutstandinstls_59L,num,0.014654484107126652,2.536060539716749,2.7164353700673782,12.361463542524723,12.705122802784723,0.18037483035062918,0.014591705078457818,2.536060539716749,12.361463542524723
0,2019-06,2019-10,credit_a_1_max_numberofoverdueinstlmax_1039L,num,0.009358302695138765,23.882520521247134,25.87375861712532,226.44703101308363,226.5804105430592,1.9912380958781846,0.008793394583138232,23.882520521247134,226.44703101308363
0,2019-06,2019-10,credit_a_1_min_numberofoverdueinstlmax_1039L,num,0.0024972050060099228,11.367025798849518,11.580398673737944,131.5424095934931,132.5513676217344,0.21337287488842627,0.0016220842810148813,11.367025798849518,131.5424095934931
0,2019-06,2019-10,credit_a_1_mean_numberofoverdueinstlmax_1039L,num,0.0066615864314665185,16.694668828170347,17.627313730831304,146.20900422356172,148.6086544325635,0.9326449026609573,0.0063788472373075686,16.694668828170347,146.20900422356172
0,2019-06,2019-10,credit_a_1_std_numberofoverdueinstlmax_1039L,num,0.01156531631775736,7.262066883105788,8.361674353411738,100.49778167059894,102.85147371641729,1.0996074703059495,0.010941609377111697,7.262066883105788,100.49778167059894
0,2019-06,2019-10,credit_a_1_max_numberofoverdueinstlmax_1151L,num,0.1859630059940181,47.01607394112354,172.451108001304,676.2949284607507,879.020845274122,125.43503406018046,0.1854738647022993,47.01607394112354,676.2949284607507
0,2019-06,2019-10,credit_a_1_min_numberofoverdueinstlmax_1151L,num,0.16272365219573903,4.539051274529789,18.65430518339469,86.74731362631177,163.87041378184074,14.1152539088649,0.16271689944970852,4.539051274529789,86.74731362631177
0,2019-06,2019-10,credit_a_1_mean_numberofoverdueinstlmax_1151L,num,0.30680634903856124,15.184103055600538,57.46486338973071,137.80927437331582,242.72560933502058,42.28076033413017,0.3068063490385597,15.184103055600538,137.80927437331582
0,2019-06,2019-10,credit_a_1_std_numberofoverdueinstlmax_1151L,num,0.20430508658441446,17.61704484445013,66.46824847506512,239.38187198454227,342.2291933298855,48.85120363061499,0.20407227675857378,17.61704484445013,239.38187198454227
0,2019-06,2019-10,credit_a_1_max_numberofoverdueinstls_725L,num,0.007834702583987014,12.563293939830858,13.767657652643381,153.7216888454803,163.79755251449632,1.2043637128125226,0.007834702583986951,12.563293939830858,153.7216888454803
0,2019-06,2019-10,credit_a_1_min_numberofoverdueinstls_725L,num,0.0024822833339876614,6.542720488433027,6.7860169996899025,111.56468065732096,114.59969869203952,0.2432965112568759,0.00218076643811834,6.542720488433027,111.56468065732096
0,2019-06,2019-10,credit_a_1_mean_numberofoverdueinstls_725L,num,0.005212401941141367,9.166317679928467,9.800858260388539,121.77490477220748,126.2836603559951,0.6345405804600723,0.0052107663861207364,9.166317679928467,121.77490477220748
0,2019-06,2019-10,credit_a_1_std_numberofoverdueinstls_725L,num,0.009108377199279035,3.3090481074780014,3.927560198209242,68.16154789965987,74.38822710253025,0.6185120907312407,0.009074208403273764,3.3090481074780014,68.16154789965987
0,2019-06,2019-10,credit_a_1_max_numberofoverdueinstls_834L,num,0.1373983500265546,-0.7328881884126424,-0.05861633019790565,4.907423255697182,9.417092573932145,0.6742718582147367,0.13739835002655482,-0.7328881884126424,4.907423255697182
0,2019-06,2019-10,credit_a_1_min_numberofoverdueinstls_834L,num,1.2930045487128639,-0.7968806709987919,-0.27667830193930043,0.40232060248924256,1.5186376093402576,0.5202023690594915,1.293004548712866,-0.7968806709987919,0.40232060248924256
0,2019-06,2019-10,credit_a_1_mean_numberofoverdueinstls_834L,num,0.4026062243468885,-0.7825910194241444,-0.22947380253381555,1.373841693052836,2.8463354281285866,0.5531172168903289,0.4026062243468809,-0.7825910194241444,1.373841693052836
0,2019-06,2019-10,credit_a_1_std_numberofoverdueinstls_834L,num,0.21423595284467306,-0.8009717003105418,-0.29791968951266173,2.3481213312623255,4.352450130753775,0.50305201079788,0.21423595284467029,-0.8009717003105418,2.3481213312623255
0,2019-06,2019-10,credit_a_1_max_outstandingamount_354A,num,0.007710443510817273,3.742732386718348,10.451821253205084,905.3537013613158,1114.8923280424353,6.709088866486736,0.007410461631071655,3.742732386718348,905.3537013613158
0,2019-06,2019-10,credit_a_1_min_outstandingamount_354A,num,1.3089016200409664,-0.8050543670108834,-0.2865214085434275,0.3961588484024928,11.642393401919453,0.5185329584674558,1.3089016200406367,-0.8050543670108834,0.3961588484024928
0,2019-06,2019-10,credit_a_1_mean_outstandingamount_354A,num,0.013500262736948033,-0.32146562862878514,0.865957392731782,88.70287264141162,119.81082314162812,1.187423021360567,0.013386522735975176,-0.32146562862878514,88.70287264141162
0,2019-06,2019-10,credit_a_1_std_outstandingamount_354A,num,0.009278416247729538,0.5418333210447273,2.8400435229357277,254.05889952332817,327.01594870299897,2.2982102018910004,0.009045974009188268,0.5418333210447273,254.05889952332817
0,2019-06,2019-10,credit_a_1_max_outstandingamount_362A,num,0.010963745578924287,116323.15131278295,125061.94572088786,1228996.0990429984,519391.8268834584,8738.794408104906,0.007110514357946034,116323.15131278295,1228996.0990429984
0,2019-06,2019-10,credit_a_1_min_outstandingamount_362A,num,0.023692392283378105,62274.596296237614,68964.72990599537,322374.8011294384,305347.234179219,6690.133609757751,0.0207526568029477,62274.596296237614,322374.8011294384
0,2019-06,2019-10,credit_a_1_mean_outstandingamount_362A,num,0.022904641704627297,85796.40711322939,94142.08610825294,418327.26031418046,355854.42369409517,8345.678995023554,0.019950119886415284,85796.40711322939,418327.26031418046
0,2019-06,2019-10,credit_a_1_std_outstandingamount_362A,num,0.007984063843043555,33077.27224134714,35121.334214487215,453400.5467356216,228847.77501551594,2044.061973140073,0.0045082918136222895,33077.27224134714,453400.5467356216
0,2019-06,2019-10,credit_a_1_max_overdueamount_31A,num,0.022647441859460805,24.160839871608186,80.9508449566635,2511.405479398652,4305.024441162693,56.79000508505531,0.022612837931154588,24.160839871608186,2511.405479398652
0,2019-06,2019-10,credit_a_1_min_overdueamount_31A,num,3.330361066695988,-0.7968806709987919,0.5429921998616489,0.40232060248924256,223.06540278394013,1.3398728708604408,3.3303610666974652,-0.7968806709987919,0.40232060248924256
0,2019-06,2019-10,credit_a_1_mean_overdueamount_31A,num,0.02199219637237828,4.7511964015479204,18.199702167463865,611.5126264883291,1132.0723670067882,13.448505765915945,0.02199219637237141,4.7511964015479204,611.5126264883291
0,2019-06,2019-10,credit_a_1_std_overdueamount_31A,num,0.021668436343952373,10.394643543314588,35.60301996349247,1163.3685061550782,2034.5246393496961,25.208376420177885,0.02166843634395032,10.394643543314588,1163.3685061550782
0,2019-06,2019-10,credit_a_1_max_overdueamount_659A,num,0.002534995558295399,1592.3924754381032,1800.6986021483267,124897.2455143852,155241.18486108878,208.30612671022345,0.0016678200215891194,1592.3924754381032,124897.2455143852
0,2019-06,2019-10,credit_a_1_min_overdueamount_659A,num,0.0038681925933412406,468.3790848413541,398.8480537242475,21023.33578806695,16575.626905650828,69.53103111710658,-0.0033073262881798743,468.3790848413541,21023.33578806695
0,2019-06,2019-10,credit_a_1_mean_overdueamount_659A,num,0.003258002094107291,900.0492087084466,980.6839632210017,48116.91433769845,76895.43932051321,80.6347545125551,0.0016758089254567952,900.0492087084466,48116.91433769845
0,2019-06,2019-10,credit_a_1_std_overdueamount_659A,num,0.0035077506951023325,656.9075940797478,851.6783930492043,69313.0804109388,105448.72818652377,194.77079896945645,0.002810015047877143,656.9075940797478,69313.0804109388
0,2019-06,2019-10,credit_a_1_max_overdueamountmax2_14A,num,0.004173411269927609,4968.039562954348,5336.556461141256,177222.27553981956,180139.54398682262,368.5168981869074,0.0020794050695060982,4968.039562954348,177222.27553981956
0,2019-06,2019-10,credit_a_1_min_overdueamountmax2_14A,num,0.005102478630027352,1592.9826802671084,1422.0625281576692,49583.98853325388,25808.928422718294,170.9201521094392,-0.00344708356801128,1592.9826802671084,49583.98853325388
0,2019-06,2019-10,credit_a_1_mean_overdueamountmax2_14A,num,0.004218994836592963,2979.2697903999983,2981.044041183361,95423.1905923355,83667.85254680934,1.7742507833627315,1.8593496741715964e-05,2979.2697903999983,95423.1905923355
0,2019-06,2019-10,credit_a_1_std_overdueamountmax2_14A,num,0.005522233937030541,1998.11302081053,2297.230200309667,93959.4354347463,112454.66658920575,299.1171794991369,0.003183471442917196,1998.11302081053,93959.4354347463
0,2019-06,2019-10,credit_a_1_max_overdueamountmax2_398A,num,0.06974842512681365,5029.17500437508,18147.597072171542,188081.98240956257,439895.3804789018,13118.422067796462,0.06974842512681581,5029.17500437508,188081.98240956257
0,2019-06,2019-10,credit_a_1_min_overdueamountmax2_398A,num,0.10314344998017169,308.18648646576764,1082.1240891752625,7503.507036640168,19159.178799952202,773.9376027094949,0.10314344998016281,308.18648646576764,7503.507036640168
0,2019-06,2019-10,credit_a_1_mean_overdueamountmax2_398A,num,0.09619369909006532,1324.8644312346491,4788.796141797562,36009.96472045033,88393.24588125145,3463.931710562913,0.0961936990900666,1324.8644312346491,36009.96472045033
0,2019-06,2019-10,credit_a_1_std_overdueamountmax2_398A,num,0.06280718162820713,1887.2034388447541,6787.229545037056,78016.97161319238,160416.55496089737,4900.026106192301,0.06280718162820517,1887.2034388447541,78016.97161319238
0,2019-06,2019-10,credit_a_1_max_overdueamountmax_155A,num,0.00379559806928591,3759.2055730005923,4213.584230024205,150295.52249301065,174464.62740102035,454.3786570236125,0.003023234820882591,3759.2055730005923,150295.52249301065
0,2019-06,2019-10,credit_a_1_min_overdueamountmax_155A,num,0.004645862162575194,1169.9783455305285,1085.5564482904806,33503.40085051836,20798.494435990116,84.42189724004788,-0.002519800829077378,1169.9783455305285,33503.40085051836
0,2019-06,2019-10,credit_a_1_mean_overdueamountmax_155A,num,0.0047155866533648665,2206.0466222418722,2312.1400209219723,68114.78388910371,79317.29700717107,106.09339868010011,0.0015575678673932021,2206.0466222418722,68114.78388910371
0,2019-06,2019-10,credit_a_1_std_overdueamountmax_155A,num,0.004815946790243088,1524.5028057460684,1816.442187258868,77768.04709469623,109273.35262121688,291.9393815127996,0.0037539759891014397,1524.5028057460684,77768.04709469623
0,2019-06,2019-10,credit_a_1_max_overdueamountmax_35A,num,0.12593179881886474,3779.4075068577395,13983.57611451701,81029.32462943686,342346.7098964465,10204.16860765927,0.1259317988188221,3779.4075068577395,81029.32462943686
0,2019-06,2019-10,credit_a_1_min_overdueamountmax_35A,num,0.10205490673239648,290.1724845747612,1022.500654833835,7175.825187704119,18553.743386616577,732.3281702590739,0.1020549067323893,290.1724845747612,7175.825187704119
0,2019-06,2019-10,credit_a_1_mean_overdueamountmax_35A,num,0.15544041627929667,1106.557886288412,4091.7726229974946,19204.881253957647,76478.77967949134,2985.214736709083,0.15544041627926777,1106.557886288412,19204.881253957647
0,2019-06,2019-10,credit_a_1_std_overdueamountmax_35A,num,0.11678044276334239,1434.5028904866092,5327.57508161691,33336.67949024941,121107.87318063204,3893.072191130301,0.11678044276332258,1434.5028904866092,33336.67949024941
0,2019-06,2019-10,credit_a_1_max_overdueamountmaxdatemonth_284T,num,1.2301995125524736,1.1665365703290858,6.674958454920607,4.477665474897156,5.360934008655945,5.508421884591521,1.2301995125524734,1.1665365703290858,4.477665474897156
0,2019-06,2019-10,credit_a_1_min_overdueamountmaxdatemonth_284T,num,1.031180058116822,-0.1311172209433559,2.0720061701400208,2.136506979301753,3.0535894820765934,2.2031233910833765,1.0311800581168216,-0.1311172209433559,2.136506979301753
0,2019-06,2019-10,credit_a_1_mean_overdueamountmaxdatemonth_284T,num,1.2243453578325412,0.5238248118482616,4.400514107658745,3.1663364188952263,3.821890714160909,3.8766892958104835,1.2243453578325414,0.5238248118482616,3.1663364188952263
0,2019-06,2019-10,credit_a_1_std_overdueamountmaxdatemonth_284T,num,1.0948928377441696,-0.2789436199580872,1.5527755026428056,1.6729665766878352,2.2734845237792953,1.8317191226008929,1.0948928377441696,-0.2789436199580872,1.6729665766878352
0,2019-06,2019-10,credit_a_1_max_overdueamountmaxdatemonth_365T,num,0.2577774646314561,5.7654189019206195,6.959265944166594,4.631308807202424,4.377363220578622,1.1938470422459746,0.25777746463145623,5.7654189019206195,4.631308807202424
0,2019-06,2019-10,credit_a_1_min_overdueamountmaxdatemonth_365T,num,0.3133644868625278,3.425608925437397,4.556485405551536,3.6088214444358884,3.836467542996364,1.1308764801141389,0.3133644868625279,3.425608925437397,3.6088214444358884
0,2019-06,2019-10,credit_a_1_mean_overdueamountmaxdatemonth_365T,num,0.3110145047305073,4.590360032560435,5.780900952691215,3.8279273217896317,3.8161571103543395,1.19054092013078,0.3110145047305074,4.590360032560435,3.8279273217896317
0,2019-06,2019-10,credit_a_1_std_overdueamountmaxdatemonth_365T,num,0.06028533547343924,0.833143552715029,0.9139718556460606,2.2921290672426666,2.219050165676152,0.0808283029310316,0.03526341691930315,0.833143552715029,2.2921290672426666
0,2019-06,2019-10,credit_a_1_max_overdueamountmaxdateyear_2T,num,0.157974656492195,1560.772275061775,1694.3005160336177,845.2510291006068,741.3402190265459,133.5282409718427,0.15797465649219503,1560.772275061775,845.2510291006068
0,2019-06,2019-10,credit_a_1_min_overdueamountmaxdateyear_2T,num,0.15791792514618672,1560.3078510239493,1693.748443550375,844.9996566437777,741.0988702255213,133.4405925264257,0.15791792514618685,1560.3078510239493,844.9996566437777
0,2019-06,2019-10,credit_a_1_mean_overdueamountmaxdateyear_2T,num,0.1579589784378753,1560.5461590928455,1694.0418065371,845.1285818916458,741.227036406325,133.49564744425447,0.15795897843787512,1560.5461590928455,845.1285818916458
0,2019-06,2019-10,credit_a_1_std_overdueamountmaxdateyear_2T,num,0.11899051036040137,-0.25328057357059314,-0.1524697047162098,0.8472377092858854,0.8904145740230547,0.10081086885438334,0.11898770291911841,-0.25328057357059314,0.8472377092858854
0,2019-06,2019-10,credit_a_1_max_overdueamountmaxdateyear_994T,num,1.2778845955907996,408.2915086037597,1445.2135854397418,811.4364007624537,909.5481497924092,1036.9220768359821,1.2778845955907996,408.2915086037597,811.4364007624537
0,2019-06,2019-10,credit_a_1_min_overdueamountmaxdateyear_994T,num,1.2778026690406248,407.1886612341088,1441.2524787901436,809.2515711619311,907.0622597773432,1034.0638175560348,1.277802669040625,407.1886612341088,809.2515711619311
0,2019-06,2019-10,credit_a_1_mean_overdueamountmaxdateyear_994T,num,1.2778607446351837,407.7825954547809,1443.3963747405878,810.4277274606035,908.4061808206058,1035.613779285807,1.2778607446351842,407.7825954547809,810.4277274606035
0,2019-06,2019-10,credit_a_1_std_overdueamountmaxdateyear_994T,num,1.063876882176728,-0.3798188018116821,1.2185521583889798,1.5024021923761903,2.146527008879995,1.598370960200662,1.063876882176728,-0.3798188018116821,1.5024021923761903
0,2019-06,2019-10,credit_a_1_max_periodicityofpmts_1102L,num,1.1431092497834445,5.063942764240577,20.483859040924884,13.489451056060929,17.362231211257022,15.419916276684306,1.1431092497834447,5.063942764240577,13.489451056060929
0,2019-06,2019-10,credit_a_1_min_periodicityofpmts_1102L,num,1.2266047891250789,4.941600831290738,20.059383622094828,12.324901162001334,14.844492493340205,15.117782790804089,1.226604789125079,4.941600831290738,12.324901162001334
0,2019-06,2019-10,credit_a_1_mean_periodicityofpmts_1102L,num,1.2209629389778236,4.9801431866511185,20.19458421894617,12.461017895459138,15.093228537812115,15.21444103229505,1.220962938977824,4.9801431866511185,12.461017895459138
0,2019-06,2019-10,credit_a_1_std_periodicityofpmts_1102L,num,0.2204558486811409,-0.7886289746522125,-0.25118229994056945,2.437888030310268,4.251275172872429,0.5374466747116431,0.22045584868114007,-0.7886289746522125,2.437888030310268
0,2019-06,2019-10,credit_a_1_max_periodicityofpmts_837L,num,0.06451931683889063,15.977353293591802,17.060914230282982,16.877641036779902,16.849650633500627,1.08356093669118,0.06420097064097255,15.977353293591802,16.877641036779902
0,2019-06,2019-10,credit_a_1_min_periodicityofpmts_837L,num,0.06684187650255845,15.87850327892489,16.96852115419784,16.344918450348988,16.37491147810505,1.0900178752729506,0.06668848661338393,15.87850327892489,16.344918450348988
0,2019-06,2019-10,credit_a_1_mean_periodicityofpmts_837L,num,0.06612479742361943,15.924222197918636,17.01152428697512,16.482001465146027,16.498300426817924,1.0873020890564842,0.06596905669228145,15.924222197918636,16.482001465146027
0,2019-06,2019-10,credit_a_1_std_periodicityofpmts_837L,num,0.004699036920034915,-0.7202836204944127,-0.7163482242459476,2.600816395220067,2.4742556988538897,0.003935396248465173,0.001513138818910045,-0.7202836204944127,2.600816395220067
0,2019-06,2019-10,credit_a_1_max_prolongationcount_1120L,num,0.15366420985008408,-0.9618859162842497,-0.8676958184579421,0.6129605450625182,1.0417395446094535,0.0941900978263076,0.15366420985008228,-0.9618859162842497,0.6129605450625182
0,2019-06,2019-10,credit_a_1_min_prolongationcount_1120L,num,0.22626603650854193,-0.9817434235058394,-0.9337187020442564,0.21224891814362254,0.4028005429141983,0.048024721461582986,0.22626603650853985,-0.9817434235058394,0.21224891814362254
0,2019-06,2019-10,credit_a_1_mean_prolongationcount_1120L,num,0.20045924667878282,-0.9760539494142773,-0.9150524683570167,0.30430864162134724,0.5383605597528444,0.061001481057260554,0.20045924667878803,-0.9760539494142773,0.30430864162134724
0,2019-06,2019-10,credit_a_1_max_residualamount_488A,num,0.0029595073749407244,-0.6373367917621673,-0.3325365246348406,119.41814027030327,121.58332798168827,0.30480026712732666,0.0025523782771814272,-0.6373367917621673,119.41814027030327
0,2019-06,2019-10,credit_a_1_min_residualamount_488A,num,0.820816510706447,-0.9036060716043612,-0.6613579078772651,0.2951307150469012,0.47324795357769056,0.24224816372709612,0.820816510706447,-0.9036060716043612,0.2951307150469012
0,2019-06,2019-10,credit_a_1_mean_residualamount_488A,num,0.013341889483823555,-0.8592278599157647,-0.5968955388175654,19.90682866202127,22.983605895928385,0.26233232109819926,0.013178006680626294,-0.8592278599157647,19.90682866202127
0,2019-06,2019-10,credit_a_1_std_residualamount_488A,num,0.0031535704247011376,-0.8507357965562587,-0.7115059339641957,48.75381803903481,52.398513345485846,0.13922986259206305,0.0028557735207648447,-0.8507357965562587,48.75381803903481
0,2019-06,2019-10,credit_a_1_max_residualamount_856A,num,0.04947748409429481,19893.617092786862,25020.789251958886,105149.8734098765,103764.32535992615,5127.172159172023,0.04876061180964236,19893.617092786862,105149.8734098765
0,2019-06,2019-10,credit_a_1_min_residualamount_856A,num,0.025799546894570362,13170.398038030198,15656.66338732832,99244.67569009807,94367.04633276908,2486.2653492981226,0.025051876405559,13170.398038030198,99244.67569009807
0,2019-06,2019-10,credit_a_1_mean_residualamount_856A,num,0.037742072190558154,16419.5768915281,20140.97137101295,100566.7302930806,96413.41345998266,3721.3944794848503,0.03700423061025876,16419.5768915281,100566.7302930806
0,2019-06,2019-10,credit_a_1_std_residualamount_856A,num,0.07200760568601967,4592.4876050970715,6364.182069670891,24620.618870756894,30587.031546462633,1771.6944645738195,0.07195978597752256,4592.4876050970715,24620.618870756894
0,2019-06,2019-10,credit_a_1_max_totalamount_6A,num,0.15803053802144162,37056.169223891215,128218.37960618263,576864.5195014491,877521.1238922001,91162.2103822914,0.15803053802143643,37056.169223891215,576864.5195014491
0,2019-06,2019-10,credit_a_1_min_totalamount_6A,num,0.30203062193907143,5001.340240546983,18381.800469282367,44301.66763499475,101999.25338086674,13380.460228735385,0.3020306219390689,5001.340240546983,44301.66763499475
0,2019-06,2019-10,credit_a_1_mean_totalamount_6A,num,0.31394069249994794,14420.96972443193,51267.56785519254,117368.02208515095,217583.17367396012,36846.598130760605,0.31394069249994055,14420.96972443193,117368.02208515095
0,2019-06,2019-10,credit_a_1_std_totalamount_6A,num,0.15044010689403914,12887.058715289882,44333.20831031388,209065.9040353258,306176.2889267708,31446.149595024,0.1504126162519095,12887.058715289882,209065.9040353258
0,2019-06,2019-10,credit_a_1_max_totalamount_996A,num,0.01492196594397618,147610.37372574952,159471.61565766516,1014772.2316696264,650413.9196508265,11861.241931915632,0.011688575585478997,147610.37372574952,1014772.2316696264
0,2019-06,2019-10,credit_a_1_min_totalamount_996A,num,0.024491225030561312,83100.08133794954,91466.93613436598,377220.60734778515,367597.3453876212,8366.854796416446,0.022180269670958028,83100.08133794954,377220.60734778515
0,2019-06,2019-10,credit_a_1_mean_totalamount_996A,num,0.025006429004450256,111629.70609800231,122121.67046895537,453923.24556380307,433864.5714623511,10491.964370953065,0.023113961387726117,111629.70609800231,453923.24556380307
0,2019-06,2019-10,credit_a_1_std_totalamount_996A,num,0.009949482618767122,39661.82478789005,42411.4506856125,390846.11686829996,281019.08442627173,2749.6258977224497,0.00703506003783317,39661.82478789005,390846.11686829996
0,2019-06,2019-10,credit_a_1_max_totaldebtoverduevalue_178A,num,0.0026993245201833867,1740.8373133598388,2035.2013696175345,131927.76559903997,168768.6748280643,294.36405625769567,0.0022312517378058113,1740.8373133598388,131927.76559903997
0,2019-06,2019-10,credit_a_1_min_totaldebtoverduevalue_178A,num,0.0037958342914649174,1030.6807607316575,1026.2581228438125,40900.46761001437,34605.69990439146,4.422637887844985,-0.00010813171942225213,1030.6807607316575,40900.46761001437
0,2019-06,2019-10,credit_a_1_mean_totaldebtoverduevalue_178A,num,0.003410125814965422,1345.0189521316101,1530.6103252875664,63189.99887012838,89761.8649013291,185.59137315595626,0.0029370371336355622,1345.0189521316101,63189.99887012838
0,2019-06,2019-10,credit_a_1_max_totaldebtoverduevalue_718A,num,0.004666041494606357,75.568525733541,92.53133124714144,4479.043166592601,4641.09616007239,16.962805513600443,0.0037871493715709763,75.568525733541,4479.043166592601
0,2019-06,2019-10,credit_a_1_min_totaldebtoverduevalue_718A,num,0.00445793220141646,74.23511351376608,90.2018406110592,4464.698419779114,4607.81924808102,15.966727097293116,0.003576216262795876,74.23511351376608,4464.698419779114
0,2019-06,2019-10,credit_a_1_mean_totaldebtoverduevalue_718A,num,0.004565816512265283,74.90181962365354,91.36658592910031,4468.283385566521,4616.149585620857,16.464766305446773,0.00368480798658191,74.90181962365354,4468.283385566521
0,2019-06,2019-10,credit_a_1_max_totaloutstanddebtvalue_39A,num,0.012688850618062153,151271.46359372186,166254.71649077494,1663919.3743333155,647607.2527022527,14983.252897053084,0.00900479502082632,151271.46359372186,1663919.3743333155
0,2019-06,2019-10,credit_a_1_min_totaloutstanddebtvalue_39A,num,0.04022897095632738,123909.47519721683,140876.0323216383,421867.39886936574,474165.7562853222,16966.55712442148,0.040217748918008465,123909.47519721683,421867.39886936574
0,2019-06,2019-10,credit_a_1_mean_totaloutstanddebtvalue_39A,num,0.020727102021408154,137444.5449444757,153459.36057280327,905951.2812225054,520376.125952024,16014.815628327575,0.017677347513341914,137444.5449444757,905951.2812225054
0,2019-06,2019-10,credit_a_1_max_totaloutstanddebtvalue_668A,num,0.003063202725220809,131.09527285493647,11.537733867147299,39134.28369747038,1140.452134044753,119.55753898778917,-0.003055058830564907,131.09527285493647,39134.28369747038
0,2019-06,2019-10,credit_a_1_min_totaloutstanddebtvalue_668A,num,0.0014136074564096589,12.24101062728721,11.03426559300832,1342.2705568728165,1130.545552060648,1.2067450342788906,-0.0008990326339946922,12.24101062728721,1342.2705568728165
0,2019-06,2019-10,credit_a_1_mean_totaloutstanddebtvalue_668A,num,0.003097636909377103,71.65456863277059,11.28599973007781,19601.617204676542,1133.0290922008876,60.36856890269278,-0.00307977491205624,71.65456863277059,19601.617204676542
0,2019-06,2019-10,credit_a_1_n_unique_classificationofcontr_13M,num,0.25742387723169924,1.5114029025570146,1.851956395556863,1.3229289243177973,0.9405448169944681,0.3405534929998484,0.25742387723169907,1.5114029025570146,1.3229289243177973
0,2019-06,2019-10,credit_a_1_n_unique_classificationofcontr_400M,num,0.9105674024976571,1.0829898624293377,2.5502596070511343,1.611379608579357,2.0260751005306123,1.4672697446217966,0.9105674024976571,1.0829898624293377,1.611379608579357
0,2019-06,2019-10,credit_a_1_n_unique_contractst_545M,num,0.2678343534680896,1.4059801226054403,1.7360635142764,1.2324978748712516,0.8418015973795058,0.3300833916709598,0.2678166010675197,1.4059801226054403,1.2324978748712516
0,2019-06,2019-10,credit_a_1_n_unique_contractst_964M,num,0.8444273051334118,0.8739789094778082,1.821709987516598,1.1223358982796712,1.1173348708680284,0.9477310780387899,0.8444273051334119,0.8739789094778082,1.1223358982796712
0,2019-06,2019-10,credit_a_1_n_unique_description_351M,num,0.3003992588668715,0.638080275240761,0.8996119808852878,0.8706136847042962,0.608963835522184,0.26153170564452677,0.3003992588668715,0.638080275240761,0.8706136847042962
0,2019-06,2019-10,credit_a_1_n_unique_financialinstitution_382M,num,0.9712733215448393,1.2173188884966664,3.0408572996095957,1.877476046730106,2.421088440288254,1.8235384111129294,0.9712711990594411,1.2173188884966664,1.877476046730106
0,2019-06,2019-10,credit_a_1_n_unique_financialinstitution_591M,num,0.22997269970764825,1.9110190769291961,2.289559264353924,1.6461353959597411,1.2747104210874616,0.37854018742472806,0.22995689683474,1.9110190769291961,1.6461353959597411
0,2019-06,2019-10,credit_a_1_n_unique_purposeofcred_426M,num,0.25101423474081946,1.599563472925875,1.9456176898550495,1.3818465513505411,0.9937929132767176,0.3460542169291745,0.25042883132787797,1.599563472925875,1.3818465513505411
0,2019-06,2019-10,credit_a_1_n_unique_purposeofcred_874M,num,0.9685271694869642,1.0237106790034456,2.3615097760143757,1.3812716247491252,1.5286446437624548,1.3377990970109301,0.9685271694869639,1.0237106790034456,1.3812716247491252
0,2019-06,2019-10,credit_a_1_n_unique_subjectrole_182M,num,0.2685119687148237,1.4011823022577101,1.7207971884516606,1.2268817450545118,0.8251458484609885,0.3196148861939505,0.2605099370679361,1.4011823022577101,1.2268817450545118
0,2019-06,2019-10,credit_a_1_n_unique_subjectrole_93M,num,0.3142287324721163,1.3110131107277274,1.6919104375551615,1.2122101388225035,0.8366975630529836,0.38089732682743405,0.3142172422327896,1.3110131107277274,1.2122101388225035
0,2019-06,2019-10,credit_a_1_max_dateofcredend_289D,num,0.07337319558354342,589.319206694078,650.7087789324704,840.3708986920716,865.1299652128172,61.38957223839236,0.0730505689022993,589.319206694078,840.3708986920716
0,2019-06,2019-10,credit_a_1_min_dateofcredend_289D,num,0.06490999621690684,259.2989961866029,288.180870180572,470.70858613207855,466.7897027702638,28.881873993969123,0.061358290128714604,259.2989961866029,470.70858613207855
0,2019-06,2019-10,credit_a_1_mean_dateofcredend_289D,num,0.08330272672926504,409.912258598011,453.095344544003,530.5085608544977,530.8247249391677,43.18308594599199,0.08139941394430353,409.912258598011,530.5085608544977
0,2019-06,2019-10,credit_a_1_std_dateofcredend_289D,num,0.09902706422131405,-8217.551121874076,-9087.372633132474,8783.674625700789,8858.946708679872,869.8215112583985,-0.09902706422131402,-8217.551121874076,8783.674625700789
0,2019-06,2019-10,credit_a_1_max_dateofcredend_353D,num,0.5005920591948947,-45.85760665828084,-158.57969499153197,594.1535068411783,1074.7346887728415,112.72208833325112,-0.1897187966331108,-45.85760665828084,594.1535068411783
0,2019-06,2019-10,credit_a_1_min_dateofcredend_353D,num,1.0311050229651963,-491.8789457722005,-1748.0004094873855,1228.0310221483862,1811.1429163961382,1256.121463715185,-1.0228743745558282,-491.8789457722005,1228.0310221483862
0,2019-06,2019-10,credit_a_1_mean_dateofcredend_353D,num,0.9810163557533799,-259.9462918300251,-915.8904986735764,686.3895887935444,1037.0250920974574,655.9442068435513,-0.9556441670341965,-259.9462918300251,686.3895887935444
0,2019-06,2019-10,credit_a_1_std_dateofcredend_353D,num,1.1637420025980403,-2900.2346535683946,-10349.866264561588,6401.571951664419,8363.626173164534,7449.631610993193,-1.1637191095003276,-2900.2346535683946,6401.571951664419
0,2019-06,2019-10,credit_a_1_max_dateofcredstart_181D,num,0.8013328688906753,-186.24609586691392,-640.89899973761,567.3863547861141,903.0197670082098,454.65290387069604,-0.8013109586360869,-186.24609586691392,567.3863547861141
0,2019-06,2019-10,credit_a_1_min_dateofcredstart_181D,num,1.1073159291084875,-612.2476570229649,-2175.4826067251347,1411.7337883082164,1944.2939856226737,1563.2349497021698,-1.1073156728617428,-612.2476570229649,1411.7337883082164
0,2019-06,2019-10,credit_a_1_mean_dateofcredstart_181D,num,1.0756397689584813,-387.64114965478376,-1362.3201883749127,906.1392711309094,1251.1846322933116,974.679038720129,-1.0756393302584475,-387.64114965478376,906.1392711309094
0,2019-06,2019-10,credit_a_1_std_dateofcredstart_181D,num,1.1631140419699075,-2904.5288639806668,-10358.961278683839,6409.029678704572,8365.936387333899,7454.432414703172,-1.1631140419699075,-2904.5288639806668,6409.029678704572
0,2019-06,2019-10,credit_a_1_max_dateofcredstart_739D,num,0.05803730759871656,-347.351299886145,-381.50400343492333,590.2269523994725,616.2962936413026,34.152703548778334,-0.05786368008091807,-347.351299886145,590.2269523994725
0,2019-06,2019-10,credit_a_1_min_dateofcredstart_739D,num,0.10606710794386832,-772.8987635047456,-865.2052605214404,870.3079222753969,900.6262013150708,92.30649701669483,-0.10606188298891035,-772.8987635047456,870.3079222753969
0,2019-06,2019-10,credit_a_1_mean_dateofcredstart_739D,num,0.09450697464814689,-535.2666118120535,-595.0058152279178,632.8013603040981,651.8736062651917,59.73920341586427,-0.09440435366187595,-535.2666118120535,632.8013603040981
0,2019-06,2019-10,credit_a_1_std_dateofcredstart_739D,num,0.09795501436503455,-8152.513934891846,-9005.967170174279,8712.705937666402,8778.4554945127,853.4532352824335,-0.09795501436503447,-8152.513934891846,8712.705937666402
0,2019-06,2019-10,credit_a_1_max_dateofrealrepmt_138D,num,0.6025710060389727,-96.22715814908543,-326.36257921394326,383.93488060359186,661.6293663721912,230.13542106485784,-0.5994126418080515,-96.22715814908543,383.93488060359186
0,2019-06,2019-10,credit_a_1_min_dateofrealrepmt_138D,num,1.0401104244147965,-507.17580904177834,-1798.826377348589,1241.8749123836378,1784.4418803413585,1291.6505683068106,-1.0400810544015533,-507.17580904177834,1241.8749123836378
0,2019-06,2019-10,credit_a_1_mean_dateofrealrepmt_138D,num,1.0073003141477934,-282.8460664670579,-992.5214577143709,704.6063116609058,1026.366819818595,709.675391247313,-1.0071942012192003,-282.8460664670579,704.6063116609058
0,2019-06,2019-10,credit_a_1_std_dateofrealrepmt_138D,num,1.163057477301976,-2906.6316008920794,-10372.059384503405,6418.95012252232,8388.52787815093,7465.427783611326,-1.1630294115259137,-2906.6316008920794,6418.95012252232
0,2019-06,2019-10,credit_a_1_max_lastupdate_1112D,num,0.13117189139171292,3.1325938558068542,3.7747382063657398,5.377822694915107,5.665731814494027,0.6421443505588855,0.11940601001331864,3.1325938558068542,5.377822694915107
0,2019-06,2019-10,credit_a_1_min_lastupdate_1112D,num,0.09933646238016544,-0.012891967006905878,0.38875062615789513,6.833665786979087,11.747800444022472,0.401642593164801,0.05877410539012509,-0.012891967006905878,6.833665786979087
0,2019-06,2019-10,credit_a_1_mean_lastupdate_1112D,num,0.13292346430497473,1.5820093040115246,2.116296816794648,4.908032433979546,6.617758875079905,0.5342875127831235,0.10885981703872133,1.5820093040115246,4.908032433979546
0,2019-06,2019-10,credit_a_1_std_lastupdate_1112D,num,0.09893483063024444,-8406.164349108783,-9294.272026039627,8976.69376167456,9051.249701697308,888.1076769308438,-0.09893483063024437,-8406.164349108783,8976.69376167456
0,2019-06,2019-10,credit_a_1_max_lastupdate_388D,num,0.5928719010697588,-87.16390646984831,-298.0225695134654,356.45362017223295,610.0284088305287,210.85866304361707,-0.5915458592950561,-87.16390646984831,356.45362017223295
0,2019-06,2019-10,credit_a_1_min_lastupdate_388D,num,1.0415616283405507,-490.4768088777078,-1741.6030278212886,1201.2300177084262,1735.273616359427,1251.1262189435809,-1.0415375910521627,-490.4768088777078,1201.2300177084262
0,2019-06,2019-10,credit_a_1_mean_lastupdate_388D,num,1.001282873331943,-266.36072516382194,-937.03060056307,669.8402294854585,977.5443349361802,670.6698753992481,-1.0012385728376256,-266.36072516382194,669.8402294854585
0,2019-06,2019-10,credit_a_1_std_lastupdate_388D,num,1.1638609667461681,-2913.90388663553,-10396.70910431483,6429.294762414058,8395.164028299394,7482.805217679301,-1.1638609667461681,-2913.90388663553,6429.294762414058
0,2019-06,2019-10,credit_a_1_max_numberofoverdueinstlmaxdat_148D,num,0.7189910395628498,-163.54255641789263,-578.2582951012587,576.8093644237989,974.7938545319561,414.71573868336606,-0.7189823263317586,-163.54255641789263,576.8093644237989
0,2019-06,2019-10,credit_a_1_min_numberofoverdueinstlmaxdat_148D,num,0.8848113837384557,-327.6312290872209,-1184.697428578244,968.6436550468642,1562.4442697489383,857.0661994910231,-0.8848106267206769,-327.6312290872209,968.6436550468642
0,2019-06,2019-10,credit_a_1_mean_numberofoverdueinstlmaxdat_148D,num,0.865443871522413,-241.87171584594367,-866.4388582905293,721.6734629206729,1160.1909544482185,624.5671424445857,-0.8654428554389545,-241.87171584594367,721.6734629206729
0,2019-06,2019-10,credit_a_1_std_numberofoverdueinstlmaxdat_148D,num,0.8113612757436705,-1472.81325006242,-5364.862267928677,4796.937115712009,7957.383494479748,3892.0490178662576,-0.8113612757436703,-1472.81325006242,4796.937115712009
0,2019-06,2019-10,credit_a_1_max_numberofoverdueinstlmaxdat_641D,num,0.05536750726284328,-145.23862817140898,-165.94436537406474,375.40255084788544,408.153045168827,20.70573720265577,-0.055156090857373566,-145.23862817140898,375.40255084788544
0,2019-06,2019-10,credit_a_1_min_numberofoverdueinstlmaxdat_641D,num,0.06171762038479406,-184.40770037736223,-210.58589296079256,425.18972579627456,460.63432888517167,26.17819258343033,-0.06156826234313421,-184.40770037736223,425.18972579627456
0,2019-06,2019-10,credit_a_1_mean_numberofoverdueinstlmaxdat_641D,num,0.06035997519476311,-163.84191204774174,-187.1430529458741,386.9380171828747,419.9594267589077,23.30114089813236,-0.06021931126793305,-163.84191204774174,386.9380171828747
0,2019-06,2019-10,credit_a_1_std_numberofoverdueinstlmaxdat_641D,num,0.033281080480614664,-1293.9766030952235,-1447.023620273036,4598.6192445572315,4856.530133501747,153.04701717781245,-0.03328108048061462,-1293.9766030952235,4598.6192445572315
0,2019-06,2019-10,credit_a_1_max_overdueamountmax2date_1002D,num,0.7516237377354634,-168.5965853440261,-599.1265952117806,572.8046512686819,960.4009632485144,430.5300098677545,-0.7516175172708373,-168.5965853440261,572.8046512686819
0,2019-06,2019-10,credit_a_1_min_overdueamountmax2date_1002D,num,0.898127633830399,-321.583111672376,-1162.3229185716443,936.1034551689701,1498.668560674237,840.7398068992684,-0.8981270203169069,-321.583111672376,936.1034551689701
0,2019-06,2019-10,credit_a_1_mean_overdueamountmax2date_1002D,num,0.882768183650075,-242.07054183557958,-868.5435037329695,709.6693648599149,1133.3757130605645,626.47296189739,-0.8827673743829318,-242.07054183557958,709.6693648599149
0,2019-06,2019-10,credit_a_1_std_overdueamountmax2date_1002D,num,0.8045825607124145,-1467.7161234827358,-5327.7635255191335,4797.577763329264,7960.949367513247,3860.0474020363977,-0.8045825607124146,-1467.7161234827358,4797.577763329264
0,2019-06,2019-10,credit_a_1_max_overdueamountmax2date_1142D,num,0.05165002013571272,-159.39720483461193,-180.51937710210152,409.60411736858117,441.10855580132323,21.12217226748959,-0.05156728502434183,-159.39720483461193,409.60411736858117
0,2019-06,2019-10,credit_a_1_min_overdueamountmax2date_1142D,num,0.05694260064016744,-199.66233288421094,-225.8376402394905,460.03472221445816,493.7182625250561,26.175307355279557,-0.056898547199394224,-199.66233288421094,460.03472221445816
0,2019-06,2019-10,credit_a_1_mean_overdueamountmax2date_1142D,num,0.055894810953556556,-178.56631939826508,-202.1038638282685,421.3977810144755,453.08874348086266,23.537544430003408,-0.05585588128475424,-178.56631939826508,421.3977810144755
0,2019-06,2019-10,credit_a_1_std_overdueamountmax2date_1142D,num,0.03350620672010448,-1302.6602636542502,-1457.1886584386953,4611.93342700069,4871.796124838976,154.52839478444503,-0.03350620672010449,-1302.6602636542502,4611.93342700069
0,2019-06,2019-10,credit_a_1_max_refreshdate_3813885D,num,0.3220545707291239,10.929559047993118,12.86566428395366,6.011730346125021,3.881106119450476,1.9361052359605413,0.3220545707291239,10.929559047993118,6.011730346125021
0,2019-06,2019-10,credit_a_1_min_refreshdate_3813885D,num,2.002961274171794,-86.39541000233676,-200.05879920805936,56.74767189531477,73.49650097424343,113.6633892057226,-2.0029612741717946,-86.39541000233676,56.74767189531477
0,2019-06,2019-10,credit_a_1_mean_refreshdate_3813885D,num,1.3880927234066134,-21.496359393566696,-44.970963480583144,16.911409224454264,15.135271033644115,23.47460408701645,-1.3880927234066138,-21.496359393566696,16.911409224454264
0,2019-06,2019-10,credit_a_1_std_refreshdate_3813885D,num,0.33345577472553034,-14321.92432298762,-16725.082147854824,7206.82623308971,4659.54571613293,2403.157824867205,-0.3334557747255304,-14321.92432298762,7206.82623308971
0,2019-06,2019-10,person_1_mean_contaddr_smempladdr_334L,num,0.01359297161965954,0.004584031461769078,0.005494287054632774,0.0675501155981734,0.07397331326742855,0.0009102555928636952,0.013475263288643569,0.004584031461769078,0.0675501155981734
0,2019-06,2019-10,person_1_max_mainoccupationinc_384A,num,0.037658177316007256,56256.779288543294,57476.65837215851,32393.471234113356,32906.19577442265,1219.8790836152184,0.03765817731600717,56256.779288543294,32393.471234113356
0,2019-06,2019-10,person_1_max_personindex_1023L,num,0.02960143168550196,0.5747888213271816,0.5518220200847599,0.7758679203908314,0.7542395961103093,0.022966801242421675,-0.02960143168550197,0.5747888213271816,0.7758679203908314
0,2019-06,2019-10,person_1_mean_personindex_1023L,num,0.02960143168550196,0.2873944106635908,0.27591101004237994,0.3879339601954157,0.37711979805515466,0.011483400621210837,-0.02960143168550197,0.2873944106635908,0.3879339601954157
0,2019-06,2019-10,person_1_std_personindex_1023L,num,0.01595867178830388,-0.2676077158335162,-0.28203608746954856,0.9041085516030829,0.8963061850187479,0.014428371636032333,-0.015958671788303805,-0.2676077158335162,0.9041085516030829
0,2019-06,2019-10,person_1_max_persontype_1072L,num,0.013769350258061787,2.5424818403742795,2.5162403492172034,1.9057900819766314,1.8957763699263357,0.02624149115707608,-0.013769350258061554,2.5424818403742795,1.9057900819766314
0,2019-06,2019-10,person_1_mean_persontype_1072L,num,0.022227150603962246,1.651557263607388,1.6326099048460478,0.8524420920584671,0.8380955306093928,0.01894735876134024,-0.022227150603962294,1.651557263607388,0.8524420920584671
0,2019-06,2019-10,person_1_std_persontype_1072L,num,0.012342585231597735,0.39637962579436753,0.3872390822902765,1.5311619434450892,1.5225410324638415,0.009140543504091048,-0.005969677827496793,0.39637962579436753,1.5311619434450892
0,2019-06,2019-10,person_1_mean_persontype_792L,num,0.021415288552741198,1.8723985353931776,1.8488470799378853,1.0997496203373671,1.082572446480952,0.023551455455292247,-0.021415288552741153,1.8723985353931776,1.0997496203373671
0,2019-06,2019-10,person_1_std_persontype_792L,num,0.012650480629625179,0.38844482422119186,0.37418414250799265,1.7160904697636183,1.7179919168643547,0.01426068171319922,-0.008309982465646784,0.38844482422119186,1.7160904697636183
0,2019-06,2019-10,person_1_max_safeguarantyflag_411L,num,0.0,1.0,1.0,0.0,0.0,0.0,0.0,1.0,1.0
0,2019-06,2019-10,person_1_n_unique_contaddr_district_15M,num,0.006625405472370637,1.5112984940313126,1.5146103508869577,0.4998723277324165,0.49978649206132003,0.0033118568556451677,0.0066254054723709705,1.5112984940313126,0.4998723277324165
0,2019-06,2019-10,person_1_n_unique_contaddr_zipcode_807M,num,0.007496255820134207,1.5113482123768849,1.5150953747803477,0.4998712014867921,0.4997720777116713,0.003747162403462845,0.007496255820134208,1.5113482123768849,0.4998712014867921
0,2019-06,2019-10,person_1_n_unique_education_927M,num,0.02694142808344941,1.467571209100446,1.4810363608895816,0.49979354277093513,0.5006021144253219,0.013465151789135543,0.026941428083449407,1.467571209100446,0.49979354277093513
0,2019-06,2019-10,person_1_n_unique_empladdr_district_926M,num,0.028005071456956104,1.3894189416952962,1.4030747334356388,0.48761852871298034,0.4905155376758494,0.013655791740342593,0.028005071456955646,1.3894189416952962,0.48761852871298034
0,2019-06,2019-10,person_1_n_unique_empladdr_zipcode_114M,num,0.027851336423125768,1.3896277587466999,1.4032099040288788,0.48766583677834496,0.4905422278682042,0.013582145282178937,0.027851336423125997,1.3896277587466999,0.48766583677834496
0,2019-06,2019-10,person_1_n_unique_language1_981M,num,0.007130405855386843,1.5113482123768849,1.5149124969189056,0.4998712014867921,0.4997775679596311,0.0035642845420207347,0.007130405855386955,1.5113482123768849,0.4998712014867921
0,2019-06,2019-10,person_1_n_unique_registaddr_district_1083M,num,0.0074863350228858185,1.5113134095349843,1.5150556187235125,0.49987199037823044,0.49977327694150697,0.0037422091885281894,0.0074863350228858185,1.5113134095349843,0.49987199037823044
0,2019-06,2019-10,person_1_n_unique_registaddr_zipcode_184M,num,0.007512162340340595,1.5113482123768849,1.5151033259917148,0.4998712014867921,0.49977183748585496,0.0037551136148299413,0.007512162340340707,1.5113482123768849,0.4998712014867921
0,2019-06,2019-10,person_1_max_birth_259D,num,0.015947717432545853,-16080.254015999364,-16066.57686038468,5133.70680186471,5081.6633975619625,13.677155614685034,0.002664187134667897,-16080.254015999364,5133.70680186471
0,2019-06,2019-10,person_1_max_empl_employedfrom_271D,num,0.04199934787502627,-788.7021473353452,-859.292699992844,1680.8668077570014,1769.290416585434,70.59055265749873,-0.04199651770844167,-788.7021473353452,1680.8668077570014
0,2019-06,2019-10,deposit_1_max_amount_416A,num,0.002653739099454002,656.4282333437268,695.0251791431176,18618.774676364257,19748.232164046414,38.596945799390824,0.00207301213266134,656.4282333437268,18618.774676364257
0,2019-06,2019-10,deposit_1_min_amount_416A,num,0.002861967293459263,332.7322759444442,361.38413722822287,11914.044950011008,13264.956510761009,28.651861283778658,0.002404881079767303,332.7322759444442,11914.044950011008
0,2019-06,2019-10,deposit_1_mean_amount_416A,num,0.0025752812378117976,463.4343504982321,486.45607214262276,13501.891580353235,14580.487898948963,23.021721644390652,0.0017050738044652822,463.4343504982321,13501.891580353235
0,2019-06,2019-10,deposit_1_max_openingdate_313D,num,0.023446823549905474,-96.76007915160615,-97.24683740567876,362.3573264862841,377.6482886794397,0.48675825407261186,-0.0013433100933617707,-96.76007915160615,362.3573264862841
0,2019-06,2019-10,deposit_1_min_openingdate_313D,num,0.022350085891393034,-105.69547513336946,-105.1176938306551,392.8359590406116,405.7122282581151,0.5777813027143566,0.001470795352150095,-105.69547513336946,392.8359590406116
0,2019-06,2019-10,deposit_1_mean_openingdate_313D,num,0.023940768419302306,-101.24815200696648,-101.17763017841276,375.8224935586464,390.1291291925057,0.0705218285537228,0.00018764664106704938,-101.24815200696648,375.8224935586464
0,2019-06,2019-10,debitcard_1_max_openingdate_857D,num,0.02355862727055967,-97.05406372897535,-97.486558477184,363.10528370295,378.36585587079986,0.4324947482086543,-0.0011911001233528473,-97.05406372897535,363.10528370295
0,2019-06,2019-10,debitcard_1_min_openingdate_857D,num,0.022652004265769007,-105.92306086022681,-105.30619319853379,393.40199354949755,406.2819092467098,0.6168676616930213,0.0015680338986777593,-105.92306086022681,393.40199354949755
0,2019-06,2019-10,debitcard_1_mean_openingdate_857D,num,0.024222492998067547,-101.5186103098991,-101.40700975222286,376.5663898857489,390.8692027559126,0.11160055767624044,0.0002963635647623791,-101.5186103098991,376.5663898857489
0,2019-06,2019-10,credit_a_2_max_collater_valueofguarantee_1124L,num,0.004607937517288741,1116162.005804248,1028049.5958688891,42906882.88579352,26832774.02941809,88112.4099353588,-0.0020535728537980752,1116162.005804248,42906882.88579352
0,2019-06,2019-10,credit_a_2_min_collater_valueofguarantee_1124L,num,0.002246048750778918,77748.45026131846,78192.87522334052,1612441.041711012,1501533.0855992553,444.4249620220653,0.00027562245720964287,77748.45026131846,1612441.041711012
0,2019-06,2019-10,credit_a_2_mean_collater_valueofguarantee_1124L,num,0.005546355775724951,426295.22723564546,418335.9088382457,10609526.547907867,9489574.939192899,7959.318397399737,-0.0007502048617776696,426295.22723564546,10609526.547907867
0,2019-06,2019-10,credit_a_2_std_collater_valueofguarantee_1124L,num,0.004719515703474647,518414.2098151287,491830.75235624675,17698795.182491496,13533912.496087229,26583.457458881952,-0.0015019924907193453,518414.2098151287,17698795.182491496
0,2019-06,2019-10,credit_a_2_max_collater_valueofguarantee_876L,num,0.045321433339060205,891231.7577118615,2852093.9952585213,43265671.296778776,76345426.8175896,1960862.2375466598,0.045321433339060434,891231.7577118615,43265671.296778776
0,2019-06,2019-10,credit_a_2_min_collater_valueofguarantee_876L,num,0.007010119031154754,11180.463387725915,29865.742502387955,2693440.7012689095,4882387.675123391,18685.27911466204,0.006937327079767971,11180.463387725915,2693440.7012689095
0,2019-06,2019-10,credit_a_2_mean_collater_valueofguarantee_876L,num,0.04429799400318176,168247.136542483,553015.0175131166,8685898.529468477,16701600.987131022,384767.8809706336,0.04429799400318104,168247.136542483,8685898.529468477
0,2019-06,2019-10,credit_a_2_std_collater_valueofguarantee_876L,num,0.04603608305448146,308721.06289333577,998732.0258183762,14988481.146592898,27215555.88526758,690010.9629250404,0.04603608305447881,308721.06289333577,14988481.146592898
0,2019-06,2019-10,credit_a_2_max_pmts_dpd_1073P,num,0.009492690492508497,18.318868609328156,19.80492100471507,156.54701863077665,165.3449137522656,1.4860523953869134,0.009492690492508428,18.318868609328156,156.54701863077665
0,2019-06,2019-10,credit_a_2_min_pmts_dpd_1073P,num,0.004753913869767589,2.9839360025455792,3.298357279731567,67.74728500414642,72.49105742518783,0.3144212771859878,0.004641090446159487,2.9839360025455792,67.74728500414642
0,2019-06,2019-10,credit_a_2_mean_pmts_dpd_1073P,num,0.00754272579291258,8.377414632336297,9.158865199938079,103.62317410691783,109.68897737742842,0.781450567601782,0.0075412722524354015,8.377414632336297,103.62317410691783
0,2019-06,2019-10,credit_a_2_std_pmts_dpd_1073P,num,0.009919620131532981,4.656475543518163,5.124101512598052,47.78636441961032,51.54729960395421,0.4676259690798883,0.009785761581979364,4.656475543518163,47.78636441961032
0,2019-06,2019-10,credit_a_2_max_pmts_dpd_303P,num,0.3485085012444241,38.76382294302775,145.82855598050364,307.2084283671777,593.0227541961563,107.06473303747589,0.3485084494801404,38.76382294302775,307.2084283671777
0,2019-06,2019-10,credit_a_2_min_pmts_dpd_303P,num,0.1003103632265838,0.7867977905167227,5.28733292517115,44.88294481514008,84.79966333726388,4.500535134654427,0.10027272393090149,0.7867977905167227,44.88294481514008
0,2019-06,2019-10,credit_a_2_mean_pmts_dpd_303P,num,0.33102671109032195,11.647465588712773,45.842339394451216,103.29954652851322,195.49055957630662,34.19487380573844,0.3310263689908824,11.647465588712773,103.29954652851322
0,2019-06,2019-10,credit_a_2_std_pmts_dpd_303P,num,0.3891694528886574,10.958628533843237,43.47575510883327,83.55518742189969,160.00091664872681,32.51712657499003,0.3891694528886586,10.958628533843237,83.55518742189969
0,2019-06,2019-10,credit_a_2_std_pmts_month_158T,num,0.16047535793160111,2.478895435821248,2.7810739670732723,1.8830213881237812,1.6538030321865975,0.3021785312520242,0.16047535793160114,2.478895435821248,1.8830213881237812
0,2019-06,2019-10,credit_a_2_std_pmts_month_706T,num,1.2788870027003545,-0.08987253506322444,2.2154702560927824,1.802616483151603,2.016598664689401,2.305342791156007,1.278887002700354,-0.08987253506322444,1.802616483151603
0,2019-06,2019-10,credit_a_2_max_pmts_overdue_1140A,num,0.00379559806928591,3759.2055730005923,4213.584230024205,150295.52249301065,174464.62740102035,454.3786570236125,0.003023234820882591,3759.2055730005923,150295.52249301065
0,2019-06,2019-10,credit_a_2_min_pmts_overdue_1140A,num,0.0024289727461915397,273.266249895842,239.28181984494336,15695.477857223857,13151.244940081217,33.98443005089865,-0.0021652370421622615,273.266249895842,15695.477857223857
0,2019-06,2019-10,credit_a_2_mean_pmts_overdue_1140A,num,0.0027876975948116153,1100.7914048238688,1136.4361024092664,51732.20333185865,56270.26168647083,35.64469758539758,0.0006890233798228004,1100.7914048238688,51732.20333185865
0,2019-06,2019-10,credit_a_2_std_pmts_overdue_1140A,num,0.003617553692189785,1068.1694460275414,1197.0514975475367,60933.33545641622,73030.10856577214,128.88205151999523,0.0021151320628456432,1068.1694460275414,60933.33545641622
0,2019-06,2019-10,credit_a_2_max_pmts_overdue_1152A,num,0.12593179881886474,3779.4075068577395,13983.57611451701,81029.32462943686,342346.7098964465,10204.16860765927,0.1259317988188221,3779.4075068577395,81029.32462943686
0,2019-06,2019-10,credit_a_2_min_pmts_overdue_1152A,num,0.06697513824131118,41.422501183927395,157.18770715099802,1728.4802839822955,5227.256325212366,115.76520596707063,0.06697513824129706,41.422501183927395,1728.4802839822955
0,2019-06,2019-10,credit_a_2_mean_pmts_overdue_1152A,num,0.10801494383249345,810.1095053734722,2841.79523410918,18809.302274749894,37477.95657315112,2031.685728735708,0.10801494383250444,810.1095053734722,18809.302274749894
0,2019-06,2019-10,credit_a_2_std_pmts_overdue_1152A,num,0.10317516197784193,1047.4579634240506,3715.1264416716617,25855.72367524158,57023.78834217454,2667.6684782476113,0.10317516197785116,1047.4579634240506,25855.72367524158
0,2019-06,2019-10,credit_a_2_max_pmts_year_1139T,num,0.15776902648017918,1562.1065613300652,1695.5748884842606,845.9729398847708,741.8971850233168,133.46832715419532,0.15776902648017904,1562.1065613300652,845.9729398847708
0,2019-06,2019-10,credit_a_2_min_pmts_year_1139T,num,0.15787789821578105,1560.1443025261892,1693.5370884254216,844.9110825944533,741.0063830502132,133.39278589923242,0.157877898215781,1560.1443025261892,844.9110825944533
0,2019-06,2019-10,credit_a_2_mean_pmts_year_1139T,num,0.15784215986275857,1560.876242757751,1694.30134067285,845.3070968561905,741.3403357068064,133.42509791509906,0.15784215986275846,1560.876242757751,845.3070968561905
0,2019-06,2019-10,credit_a_2_std_pmts_year_1139T,num,0.13557606532438105,0.3228424987075258,0.41360689931863237,0.7310118766286157,0.6468706720264464,0.09076440061110658,0.12416268943496066,0.3228424987075258,0.7310118766286157
0,2019-06,2019-10,credit_a_2_max_pmts_year_507T,num,1.2792229184394803,409.2717952797403,1448.7271939379964,812.5678360471248,909.12576881355,1039.4553986582562,1.2792229184394803,409.2717952797403,812.5678360471248
0,2019-06,2019-10,credit_a_2_min_pmts_year_507T,num,1.279156629699111,407.7199315875565,1443.1922960713064,809.4961480419474,905.6610484986045,1035.47236448375,1.2791566296991108,407.7199315875565,809.4961480419474
0,2019-06,2019-10,credit_a_2_mean_pmts_year_507T,num,1.2792072223404254,408.45412700006125,1445.8256028004353,810.9487326864909,907.307340459011,1037.371475800374,1.2792072223404252,408.45412700006125,810.9487326864909
0,2019-06,2019-10,credit_a_2_std_pmts_year_507T,num,1.163127009534662,-0.34573463602141974,1.3293746126101689,1.4401774139023371,1.8897266852809058,1.6751092486315886,1.163127009534662,-0.34573463602141974,1.4401774139023371
0,2019-06,2019-10,credit_a_2_n_unique_collater_typofvalofguarant_298M,num,0.2495698021674435,1.6312241153863365,1.9815571652341235,1.4037648426013085,1.0129628147348557,0.350333049847787,0.24956676447216533,1.6312241153863365,1.4037648426013085
0,2019-06,2019-10,credit_a_2_n_unique_collater_typofvalofguarant_407M,num,0.9270885019363404,0.9208682811870752,2.007816040773812,1.1724314963636266,1.1423638145594994,1.0869477595867367,0.9270885019363405,0.9208682811870752,1.1724314963636266
0,2019-06,2019-10,credit_a_2_n_unique_collaterals_typeofguarante_359M,num,0.9035536133931805,0.9433558888894413,2.077444798715084,1.2551429079750083,1.3523136756354066,1.1340889098256428,0.9035536133931804,0.9433558888894413,1.2551429079750083
0,2019-06,2019-10,credit_a_2_n_unique_collaterals_typeofguarante_669M,num,0.2528209425737703,1.4762967787483903,1.8096996827466665,1.3187868152327256,0.9404956618465565,0.3334029039982762,0.25281031031496987,1.4762967787483903,1.3187868152327256
0,2019-06,2019-10,credit_a_2_n_unique_subjectroles_name_541M,num,0.8004264172638774,0.812357991975459,1.620413144942632,1.0095308394859994,0.8780472953251203,0.808055152967173,0.8004264172638774,0.812357991975459,1.0095308394859994
0,2019-06,2019-10,credit_a_2_n_unique_subjectroles_name_838M,num,0.26607102326356613,1.407978800097448,1.7296707403372904,1.2397673741507074,0.8401538771783146,0.3216919402398424,0.2594776624608426,1.407978800097448,1.2397673741507074
0,2019-06,2019-10,day_of_week,num,0.006571991366803141,3.0650962298578555,3.0533844331183855,1.9912237215956794,1.9964796375274452,0.011711796739469982,-0.005881708123728388,3.0650962298578555,1.9912237215956794
0,2019-06,2019-10,day_of_month,num,0.026591650941978382,15.884086649132664,15.981990506253627,8.457576316406897,8.700753951685915,0.09790385712096317,0.011575876286335007,15.884086649132664,8.457576316406897
0,2019-06,2019-10,day_of_year,num,2.269692639036756,94.39558401654627,217.33293709796686,54.16475824391557,50.658677382549406,122.9373530814206,2.2696926390367556,94.39558401654627,54.16475824391557
0,2019-06,2019-10,month,num,2.279067772442268,3.6103274947422848,7.652742770361065,1.7737143776496362,1.635836420797952,4.0424152756187794,2.2790677724422674,3.6103274947422848,1.7737143776496362
0,2019-06,2019-10,isbidproduct_1095L,bin,0.013889122513211838,0.13661606996365588,0.12272694745044407,0.343441580754779,0.3281235191508527,0.01388912251321181,,,
0,2019-06,2019-10,max_sex_738L_eq_F,bin,0.017050464645070262,0.615528033689151,0.6325784983342212,0.4864702184429366,0.4821026257753041,0.017050464645070207,,,
0,2019-06,2019-10,actualdpdtolerance_344P__missing,bin,0.010192398967511562,0.3013578080175804,0.29116540905006877,0.45884777384707837,0.45429958576117474,0.010192398967511618,,,
0,2019-06,2019-10,amtinstpaidbefduel24m_4187115A__missing,bin,0.2596360135223529,0.5735458626878732,0.3139098491655204,0.49456142801627434,0.46408022556708944,0.2596360135223528,,,
0,2019-06,2019-10,annuitynextmonth_57A__missing,bin,0.0,0.0,0.0,0.0,0.0,0.0,,,
0,2019-06,2019-10,avgdbddpdlast24m_3658932P__missing,bin,0.008317398068971582,0.42767223677864896,0.41935483870967744,0.4947410379859308,0.4934535013154308,0.008317398068971527,,,
0,2019-06,2019-10,avgdbddpdlast3m_4187120P__missing,bin,0.15326095890558872,0.7375119945508694,0.5842510356452806,0.43998642302287894,0.4928506497841894,0.15326095890558877,,,
0,2019-06,2019-10,avgdbdtollast24m_4525197P__missing,bin,0.21727082621037316,1.0,0.7827291737896268,0.0,0.4123884264722216,0.2172708262103732,,,
0,2019-06,2019-10,avgdpdtolclosure24_3658938P__missing,bin,0.0100063822765043,0.3328692954413249,0.3228629131648207,0.47124020158908436,0.46757079941710017,0.010006382276504189,,,
0,2019-06,2019-10,avginstallast24m_3658937A__missing,bin,0.007642839008414892,0.4346825235043479,0.42703968449593294,0.49571526833883167,0.4946481500638074,0.007642839008414948,,,
0,2019-06,2019-10,avglnamtstart24m_4525187A__missing,bin,0.06809019854174783,1.0,0.9319098014582522,0.0,0.2519006220800044,0.0680901985417478,,,
0,2019-06,2019-10,avgmaxdpdlast9m_3716943P__missing,bin,0.0012577899988893138,0.5106322682006433,0.5093744782017541,0.49988694209081874,0.4999121114340448,0.0012577899988892582,,,
0,2019-06,2019-10,avgoutstandbalancel6m_4187114A__missing,bin,0.18137137886903365,0.6969716555711892,0.5156002767021556,0.45956736927413033,0.4997565721096784,0.18137137886903365,,,
0,2019-06,2019-10,avgpmtlast12m_4525200A__missing,bin,0.19612060397401543,1.0,0.8038793960259846,0.0,0.3970608425303141,0.19612060397401543,,,
0,2019-06,2019-10,cardtype_51L__missing,bin,0.009626277703176284,0.8824956620743488,0.8921219397775251,0.3220202920536306,0.31022634373165503,0.009626277703176256,,,
0,2019-06,2019-10,cntincpaycont9m_3716944L__missing,bin,0.01155616110554869,0.32711191102404874,0.3155557499185001,0.46915851126271124,0.46473682726019583,0.011556161105548635,,,
0,2019-06,2019-10,cntpmts24_3658933L__missing,bin,0.02458828915987421,0.34004862454196977,0.31546033538209545,0.4737251919510764,0.4646989479035984,0.02458828915987432,,,
0,2019-06,2019-10,credtype_322L__missing,bin,0.0,0.0,0.0,0.0,0.0,0.0,,,
0,2019-06,2019-10,datefirstoffer_1144D__missing,bin,0.005133002373568507,0.553081791650301,0.5582147940238695,0.4971743390353066,0.49659947418091216,0.005133002373568507,,,
0,2019-06,2019-10,datelastinstal40dpd_247D__missing,bin,0.03773955137086141,0.9514251763758309,0.9136856250049695,0.21497746424695294,0.28082771170995174,0.03773955137086138,,,
0,2019-06,2019-10,datelastunpaid_3546854D__missing,bin,0.011875670073940359,0.6104865934481164,0.5986109233741761,0.48763994162520224,0.49017944244051315,0.011875670073940303,,,
0,2019-06,2019-10,daysoverduetolerancedd_3976961L__missing,bin,0.011780117175159699,0.32568996634068004,0.3139098491655204,0.4686320648074423,0.46408022556708944,0.011780117175159643,,,
0,2019-06,2019-10,disbursementtype_67L__missing,bin,0.0010058282379320493,0.0,0.001005828237932049,0.0,0.03169884142185369,0.001005828237932049,,,
0,2019-06,2019-10,dtlastpmtallstes_4499206D__missing,bin,0.26480316776260865,1.0,0.7351968322373914,0.0,0.4412283423642415,0.2648031677626086,,,
0,2019-06,2019-10,eir_270L__missing,bin,0.009341868284917676,0.11717619684487379,0.1078343285599561,0.3216301225598205,0.31017105948811463,0.00934186828491769,,,
0,2019-06,2019-10,equalitydataagreement_891L__missing,bin,0.0075005878589423855,0.943500072091601,0.9510006599505435,0.23088457301159093,0.21586663643132595,0.007500587858942476,,,
0,2019-06,2019-10,firstclxcampaign_1125D__missing,bin,0.00877723647179457,0.5603108390965182,0.5690880755683129,0.496349274893672,0.49520383461183654,0.008777236471794625,,,
0,2019-06,2019-10,firstdatedue_489D__missing,bin,0.011295790885103574,0.3441653035553589,0.33286951267025533,0.47509530347500434,0.4712402786317423,0.011295790885103574,,,
0,2019-06,2019-10,inittransactionamount_650A__missing,bin,0.009677988506496038,0.882436000059662,0.8921139885661581,0.3220911452653832,0.31023639369155076,0.009677988506496038,,,
0,2019-06,2019-10,lastactivateddate_801D__missing,bin,0.011610302006811346,0.32599324824867126,0.31438294624186,0.46874476033866397,0.46426965155408106,0.01161030200681129,,,
0,2019-06,2019-10,lastapplicationdate_877D__missing,bin,0.008803937821021734,0.22496557004569115,0.21616163222466944,0.4175596512352557,0.4116257778354463,0.008803937821021707,,,
0,2019-06,2019-10,lastapprcredamount_781A__missing,bin,0.011587901098594644,0.3184808062326918,0.30689290513409717,0.4658870917873411,0.4612045640629017,0.011587901098594644,,,
0,2019-06,2019-10,lastdelinqdate_224D__missing,bin,0.013144723877140219,0.67384268121094,0.6606979573337998,0.4688056337005684,0.47347245591348214,0.013144723877140274,,,
0,2019-06,2019-10,lastrejectcredamount_222A__missing,bin,0.009409261119472545,0.5350240885384298,0.5256148274189573,0.49877180475850097,0.4993434495578139,0.00940926111947249,,,
0,2019-06,2019-10,maininc_215A__missing,bin,0.007387072341414114,0.3405507798322503,0.33316370749083624,0.47389444625137417,0.47134451466183075,0.007387072341414058,,,
0,2019-06,2019-10,maxannuity_159A__missing,bin,0.010625742754263534,0.22705374055972913,0.21642799780546565,0.41892760646389055,0.4118093242890246,0.010625742754263479,,,
0,2019-06,2019-10,maxannuity_4075009A__missing,bin,0.052596239746317774,0.9808286059473085,0.9282323662009907,0.13712713700346815,0.2581027712712527,0.052596239746317774,,,
0,2019-06,2019-10,maxdbddpdlast1m_3658939P__missing,bin,0.005825756916751634,0.6316268339854723,0.637452590902224,0.48236332424321077,0.48073567087773494,0.00582575691675169,,,
0,2019-06,2019-10,maxdbddpdtollast12m_3658940P__missing,bin,0.0028654813887376562,0.47996599265162854,0.4771005112628909,0.4995984773291101,0.4994753381455175,0.0028654813887376562,,,
0,2019-06,2019-10,maxdbddpdtollast6m_4187119P__missing,bin,0.17158057893160894,0.7078500295824156,0.5362694506508067,0.4547508825748323,0.49868279191234255,0.17158057893160894,,,
0,2019-06,2019-10,maxdpdfrom6mto36m_3546853P__missing,bin,0.043319389661558794,0.2934128163951216,0.2500934267335629,0.45532596628152483,0.4330666284051761,0.04331938966155874,,,
0,2019-06,2019-10,maxdpdinstldate_3546855D__missing,bin,0.011919859419433076,0.5711245792585006,0.5592047198390675,0.4949154414900603,0.49648242783484037,0.011919859419433076,,,
0,2019-06,2019-10,maxdpdinstlnum_3546846P__missing,bin,0.011714496545215614,0.5719250446222152,0.5602105480769995,0.49479974530722254,0.49636145086042627,0.011714496545215614,,,
0,2019-06,2019-10,maxlnamtstart6m_4525199A__missing,bin,0.19595362853530734,1.0,0.8040463714646926,0.0,0.39693299686364464,0.1959536285353074,,,
0,2019-06,2019-10,maxoutstandbalancel12m_4187113A__missing,bin,0.20148882932477585,0.6648933790079201,0.4634045496831442,0.47202772541382604,0.4986589746671632,0.2014888293247759,,,
0,2019-06,2019-10,maxpmtlast3m_4525190A__missing,bin,0.1583801792203042,1.0,0.8416198207796958,0.0,0.36509710769937437,0.15838017922030423,,,
0,2019-06,2019-10,numincomingpmts_3546848L__missing,bin,0.011527279778022481,0.32698761516011793,0.31546033538209545,0.4691126886921911,0.4646989479035984,0.011527279778022481,,,
0,2019-06,2019-10,numinstlallpaidearly3d_817L__missing,bin,0.011404957989409104,0.32046456822102787,0.30905961023161876,0.466655149694009,0.46210579692868897,0.011404957989409104,,,
0,2019-06,2019-10,numinstlswithdpd10_728L__missing,bin,0.011239416103513311,0.3277731650201608,0.31653374891664743,0.4694016588305022,0.4651237842912575,0.011239416103513367,,,
0,2019-06,2019-10,numinstmatpaidtearly2d_4499204L__missing,bin,0.30973148759213465,1.0,0.6902685124078654,0.0,0.4623828426597358,0.30973148759213465,,,
0,2019-06,2019-10,numinstpaidearly3d_3546850L__missing,bin,0.012604715625442853,0.3228411051393854,0.31023638951394245,0.4675625369635229,0.46259028538794006,0.012604715625442964,,,
0,2019-06,2019-10,numinstpaidearly3dest_4493216L__missing,bin,0.3218729873496227,1.0,0.6781270126503773,0.0,0.46719457120588676,0.32187298734962266,,,
0,2019-06,2019-10,numinstpaidlastcontr_4325080L__missing,bin,0.45241125251487363,0.8200593637046134,0.3676481111897398,0.38413800086036537,0.48216488624572873,0.45241125251487363,,,
0,2019-06,2019-10,numinstregularpaid_973L__missing,bin,0.013177826284971217,0.33266545022447835,0.3194876239395072,0.471167855919123,0.46627811667393876,0.013177826284971161,,,
0,2019-06,2019-10,pctinstlsallpaidearl3d_427L__missing,bin,0.011125510779639525,0.3286134050603332,0.3174878942806937,0.4697090962233822,0.4654990131739323,0.011125510779639525,,,
0,2019-06,2019-10,pctinstlsallpaidlat10d_839L__missing,bin,0.01058348763572392,0.3299955750672441,0.3194120874315202,0.47021111801326315,0.4662488668449062,0.010583487635723865,,,
0,2019-06,2019-10,pctinstlsallpaidlate4d_3546849L__missing,bin,0.010954811100153172,0.3291503631925144,0.3181955520923613,0.4699046728888215,0.4657758502981865,0.010954811100153117,,,
0,2019-06,2019-10,pctinstlsallpaidlate6d_3546844L__missing,bin,0.0108644242571736,0.32927465905644526,0.31841023479927166,0.46994984621734576,0.46585958954855095,0.0108644242571736,,,
0,2019-06,2019-10,pmtnum_254L__missing,bin,0.00975899335254371,0.03582703981942297,0.02606804646687923,0.18585871794780157,0.1593377024444618,0.009758993352543741,,,
0,2019-06,2019-10,posfpd10lastmonth_333P__missing,bin,0.0025730647025835607,0.01517403906867595,0.017747103771259553,0.12224478560256972,0.13203084518017635,0.0025730647025836023,,,
0,2019-06,2019-10,posfpd30lastmonth_3976960P__missing,bin,0.017279757865443446,0.07385660234770028,0.056576844482256874,0.2615373866913752,0.23103225997831428,0.017279757865443404,,,
0,2019-06,2019-10,posfstqpd30lastmonth_3976962P__missing,bin,0.024652875926378326,0.1043438918526547,0.07969101592627637,0.30570614008504343,0.27081424982248326,0.02465287592637834,,,
0,2019-06,2019-10,price_1097A__missing,bin,0.025491289187865585,0.15648352085436004,0.1309922316664944,0.36331312741956234,0.337391859578037,0.02549128918786564,,,
0,2019-06,2019-10,sumoutstandtotal_3546847A__missing,bin,0.012903640225487178,0.32232900617999033,0.30942536595450315,0.46736818243758316,0.4622567564226886,0.012903640225487178,,,
0,2019-06,2019-10,totinstallast1m_4525188A__missing,bin,0.14159914763014145,1.0,0.8584008523698585,0.0,0.34863853633894065,0.14159914763014148,,,
0,2019-06,2019-10,twobodfilling_608L__missing,bin,2.3881563535055328e-05,5.966201468679928e-05,3.578045115173297e-05,0.007723888601656734,0.005981569268264671,2.3881563535066312e-05,,,
0,2019-06,2019-10,validfrom_1069D__missing,bin,0.01387321078066639,0.8634038173745731,0.8772770281552394,0.3434205374138069,0.328118947984341,0.01387321078066639,,,
0,2019-06,2019-10,assignmentdate_238D__missing,bin,0.022546090592884094,0.8164895864925199,0.8390356770854039,0.3870844115200117,0.36749804035292716,0.02254609059288404,,,
0,2019-06,2019-10,assignmentdate_4527235D__missing,bin,0.06356595927389538,1.0,0.9364340407261046,0.0,0.24397813036312263,0.06356595927389541,,,
0,2019-06,2019-10,birthdate_574D__missing,bin,0.2890808068028792,0.06452944071833065,0.35361024752120984,0.2456936954805925,0.47808999191490986,0.2890808068028792,,,
0,2019-06,2019-10,contractssum_5085716L__missing,bin,0.0,1.0,1.0,0.0,0.0,0.0,,,
0,2019-06,2019-10,dateofbirth_337D__missing,bin,0.13004024813550985,0.20207027190963195,0.07203002377412199,0.4015443650706598,0.2585376170873813,0.13004024813550996,,,
0,2019-06,2019-10,description_5085714M__missing,bin,0.05754979495355861,0.05927918342589232,0.00172938847233376,0.2361464838574814,0.041549942091963485,0.05754979495355856,,,
0,2019-06,2019-10,pmtaverage_3A__missing,bin,0.023317404328287772,0.8078982563776208,0.8312156607059086,0.39395261608424553,0.3745613248897281,0.023317404328287772,,,
0,2019-06,2019-10,pmtcount_693L__missing,bin,0.018153092545387634,0.8078982563776208,0.8260513489230085,0.39395261608424553,0.37906532137019155,0.01815309254538766,,,
0,2019-06,2019-10,pmtscount_423L__missing,bin,0.06190825314649917,0.2608870747217016,0.3227953278682007,0.4391184452569202,0.46754518944660467,0.061908253146499115,,,
0,2019-06,2019-10,requesttype_4525192L__missing,bin,0.36789062313643484,1.0,0.6321093768635652,0.0,0.48223138900814044,0.36789062313643484,,,
0,2019-06,2019-10,responsedate_1012D__missing,bin,0.08443252863770068,0.06452944071833065,0.1489619693560314,0.2456936954805925,0.3560509809586321,0.08443252863770075,,,
0,2019-06,2019-10,responsedate_4527233D__missing,bin,0.35762958486725455,1.0,0.6423704151327455,0.0,0.4793022688188839,0.3576295848672545,,,
0,2019-06,2019-10,responsedate_4917613D__missing,bin,0.0,1.0,1.0,0.0,0.0,0.0,,,
0,2019-06,2019-10,applprev_1_max_actualdpd_943P__missing,bin,0.0088089096555789,0.2249705418802484,0.21616163222466944,0.41756292599601774,0.4116257778354463,0.008808909655578956,,,
0,2019-06,2019-10,applprev_1_std_actualdpd_943P__missing,bin,0.01375746193626004,0.3882754197471325,0.3745179578108725,0.4873577927635102,0.48399819946777284,0.013757461936259985,,,
0,2019-06,2019-10,applprev_1_max_annuity_853A__missing,bin,0.008612242777632728,0.2273619943022776,0.2187497515246448,0.4191282832846869,0.41339847330699103,0.008612242777632811,,,
0,2019-06,2019-10,applprev_1_std_annuity_853A__missing,bin,0.013926187540428958,0.39413721269011054,0.3802110251496816,0.4886645784819901,0.48543856614849823,0.013926187540428958,,,
0,2019-06,2019-10,applprev_1_max_byoccupationinc_3656910L__missing,bin,0.014725564209670472,0.6222499540105303,0.6369755182202008,0.4848246577314557,0.4808718201436921,0.014725564209670527,,,
0,2019-06,2019-10,applprev_1_std_byoccupationinc_3656910L__missing,bin,0.01222605903414653,0.7726578930359513,0.7848839520700979,0.41911534613420653,0.41090282774997083,0.01222605903414653,,,
0,2019-06,2019-10,applprev_1_max_childnum_21L__missing,bin,0.026106008912467615,0.33928793385471306,0.36539394276718057,0.4734676671065437,0.4815404545375549,0.026106008912467504,,,
0,2019-06,2019-10,applprev_1_std_childnum_21L__missing,bin,0.018821359102507484,0.6032973206783571,0.6221186797808647,0.48921331087846803,0.48485774001100435,0.018821359102507595,,,
0,2019-06,2019-10,applprev_1_max_credacc_actualbalance_314A__missing,bin,0.016142015748581096,0.8769918412194916,0.8608498254709105,0.32844657351529427,0.34610316880608516,0.016142015748581096,,,
0,2019-06,2019-10,applprev_1_max_credacc_credlmt_575A__missing,bin,0.00861673050200229,0.2263328245489303,0.21771609404692804,0.4184570193946248,0.41269334431255034,0.008616730502002262,,,
0,2019-06,2019-10,applprev_1_std_credacc_credlmt_575A__missing,bin,0.013702203699512472,0.39125354864691525,0.3775513449474027,0.488030951188663,0.48477451137184396,0.013702203699512527,,,
0,2019-06,2019-10,applprev_1_std_credamount_590A__missing,bin,0.013728189438530602,0.3915618023894637,0.3778336129509331,0.48809953626179386,0.4848457217253521,0.013728189438530602,,,
0,2019-06,2019-10,applprev_1_max_currdebt_94A__missing,bin,0.010092096384851423,0.3015318222270836,0.29143972584223204,0.45892306807513833,0.45442558471463346,0.010092096384851534,,,
0,2019-06,2019-10,applprev_1_std_currdebt_94A__missing,bin,0.01133845553651025,0.4947522286248403,0.48341377308833,0.49997246013715,0.4997248213535471,0.011338455536510306,,,
0,2019-06,2019-10,applprev_1_max_familystate_726L__missing,bin,0.003831459463652598,0.25683502955755644,0.2530035700939038,0.4368876253108178,0.4347329796710194,0.0038314594636526533,,,
0,2019-06,2019-10,applprev_1_std_isbidproduct_390L__missing,bin,0.013624013816239677,0.3877086306076079,0.3740846167913682,0.487227511907919,0.48388564379553917,0.013624013816239733,,,
0,2019-06,2019-10,applprev_1_max_isdebitcard_527L__missing,bin,0.022005495981203105,0.8270099884156255,0.8050044924344224,0.37823863826480303,0.39619724834332254,0.02200549598120305,,,
0,2019-06,2019-10,applprev_1_std_isdebitcard_527L__missing,bin,0.008139695395247282,0.9673897371391069,0.9592500417438596,0.17761428325739034,0.19771039213522174,0.008139695395247282,,,
0,2019-06,2019-10,applprev_1_max_mainoccupationinc_437A__missing,bin,0.008671932800817794,0.22535834497571258,0.21668641217489484,0.4178180959766107,0.4119871490151925,0.008671932800817739,,,
0,2019-06,2019-10,applprev_1_std_mainoccupationinc_437A__missing,bin,0.013103805299621296,0.38898142025425964,0.37587761495463834,0.48751910213984306,0.4843486693804898,0.013103805299621296,,,
0,2019-06,2019-10,applprev_1_max_maxdpdtolerance_577P__missing,bin,0.011713900578929848,0.324367458348456,0.3126535577695262,0.46813802485273365,0.4635744930252136,0.011713900578929792,,,
0,2019-06,2019-10,applprev_1_std_maxdpdtolerance_577P__missing,bin,0.01244949152076047,0.5347804686451254,0.5223309771243649,0.49878885212164226,0.4995010785380458,0.01244949152076047,,,
0,2019-06,2019-10,applprev_1_max_outstandingdebt_522A__missing,bin,0.010085597583112005,0.3025112736348585,0.29242567605174646,0.4593454070290398,0.4548767965476207,0.01008559758311206,,,
0,2019-06,2019-10,applprev_1_std_outstandingdebt_522A__missing,bin,0.011345959797870564,0.4959206097457901,0.48457464994791954,0.49998335829820767,0.49976200193269066,0.011345959797870564,,,
0,2019-06,2019-10,applprev_1_max_pmtnum_8L__missing,bin,0.009981526661607676,0.2373106352513014,0.22732910858969363,0.4254342459745397,0.41910688968031645,0.00998152666160776,,,
0,2019-06,2019-10,applprev_1_std_pmtnum_8L__missing,bin,0.01431363630961413,0.4086301104244455,0.3943164741148314,0.4915806579585399,0.4887033787037684,0.01431363630961413,,,
0,2019-06,2019-10,applprev_1_max_revolvingaccount_394A__missing,bin,0.016142015748581096,0.8769918412194916,0.8608498254709105,0.32844657351529427,0.34610316880608516,0.016142015748581096,,,
0,2019-06,2019-10,applprev_1_max_approvaldate_319D__missing,bin,0.011486648836117386,0.3187492852987824,0.3072626364626651,0.46599160767153075,0.4613591970435587,0.011486648836117275,,,
0,2019-06,2019-10,applprev_1_std_approvaldate_319D__missing,bin,0.013384652993595259,0.5260747863354099,0.5126901333418147,0.49931964263141376,0.4998389345736954,0.013384652993595259,,,
0,2019-06,2019-10,applprev_1_max_dateactivated_425D__missing,bin,0.011492160402537532,0.32627664281843355,0.31478448241589607,0.4688498642098192,0.46442998616158754,0.011492160402537477,,,
0,2019-06,2019-10,applprev_1_std_dateactivated_425D__missing,bin,0.011931452269239973,0.5385640347431799,0.52663258247394,0.4985105969027406,0.49929020173719496,0.011931452269239973,,,
0,2019-06,2019-10,applprev_1_max_dtlastpmt_581D__missing,bin,0.023267422758177947,0.5099610705354168,0.48669364777723884,0.49990076722664517,0.4998229096295245,0.023267422758178002,,,
0,2019-06,2019-10,applprev_1_std_dtlastpmt_581D__missing,bin,0.023321731611599117,0.7491162564074518,0.7257945247958526,0.43352173047442116,0.4461130266784586,0.023321731611599228,,,
0,2019-06,2019-10,applprev_1_max_dtlastpmtallstes_3545839D__missing,bin,0.016609367445851064,0.3976274405492883,0.3810180731034373,0.4894076614352399,0.4856370054598197,0.016609367445850953,,,
0,2019-06,2019-10,applprev_1_std_dtlastpmtallstes_3545839D__missing,bin,0.018650985641971762,0.6378515708511283,0.6192005852091567,0.4806214148515194,0.48558338159969455,0.01865098564197165,,,
0,2019-06,2019-10,applprev_1_max_employedfrom_700D__missing,bin,0.009483360220266746,0.381210442841304,0.3717270826210373,0.48568409600278334,0.48326603301607063,0.00948336022026669,,,
0,2019-06,2019-10,applprev_1_std_employedfrom_700D__missing,bin,0.003678118688335008,0.6490183112666743,0.6453401925783393,0.47727721808947526,0.4784101048486448,0.003678118688335008,,,
0,2019-06,2019-10,applprev_1_max_firstnonzeroinstldate_307D__missing,bin,0.008414160175854835,0.24371435816101783,0.23530019798516305,0.4293223378618692,0.42418629729554697,0.008414160175854779,,,
0,2019-06,2019-10,applprev_1_std_firstnonzeroinstldate_307D__missing,bin,0.011446414341951705,0.41539180542228277,0.40394539108033106,0.49278946154549536,0.4906867759633322,0.011446414341951705,,,
0,2019-06,2019-10,tax_a_1_max_amount_4527230A__missing,bin,0.24212233733809346,1.0,0.7578776626619066,0.0,0.4283679622707935,0.2421223373380934,,,
0,2019-06,2019-10,tax_a_1_std_amount_4527230A__missing,bin,0.23250534718964433,1.0,0.7674946528103557,0.0,0.42242941507175763,0.23250534718964433,,,
0,2019-06,2019-10,tax_b_1_max_amount_4917619A__missing,bin,0.0,1.0,1.0,0.0,0.0,0.0,,,
0,2019-06,2019-10,tax_b_1_std_amount_4917619A__missing,bin,0.0,1.0,1.0,0.0,0.0,0.0,,,
0,2019-06,2019-10,tax_c_1_max_pmtamount_36A__missing,bin,0.05788246781723916,0.37444874784346677,0.4323312156607059,0.48398025071476475,0.4953997735425825,0.05788246781723916,,,
0,2019-06,2019-10,tax_c_1_std_pmtamount_36A__missing,bin,0.0537526617327192,0.4002376536918357,0.4539903154245549,0.4899463993735334,0.4978786086238975,0.0537526617327192,,,
0,2019-06,2019-10,credit_a_1_max_annualeffectiverate_199L__missing,bin,0.12289926869744583,0.9583409982449425,0.8354417295474965,0.1998087318608216,0.3707813993152626,0.12289926869744594,,,
0,2019-06,2019-10,credit_a_1_std_annualeffectiverate_199L__missing,bin,0.0437088242866294,0.9851839330194448,0.9414751087328155,0.12081618740790845,0.23473331329265723,0.043708824286629366,,,
0,2019-06,2019-10,credit_a_1_max_annualeffectiverate_63L__missing,bin,0.01527495271888693,0.8570697001486578,0.8417947474297709,0.35000175604666267,0.3649333509415372,0.015274952718886903,,,
0,2019-06,2019-10,credit_a_1_std_contractsum_5085717L__missing,bin,0.0,1.0,1.0,0.0,0.0,0.0,,,
0,2019-06,2019-10,credit_a_1_max_credlmt_230A__missing,bin,0.24356187331512458,0.9031188318177524,0.6595569585026279,0.2957958881287748,0.473858182364081,0.24356187331512458,,,
0,2019-06,2019-10,credit_a_1_std_credlmt_230A__missing,bin,0.10407112602366286,0.9590370550829551,0.8549659290592921,0.19820439465553755,0.3521351859827041,0.10407112602366297,,,
0,2019-06,2019-10,credit_a_1_max_credlmt_935A__missing,bin,0.0646780039989312,0.45407267827755765,0.38939467427862634,0.49788621302402336,0.4876130247666368,0.06467800399893131,,,
0,2019-06,2019-10,credit_a_1_std_credlmt_935A__missing,bin,0.0318623806752793,0.8575121934242517,0.8256498127489723,0.34954975547549805,0.37941033124647416,0.031862380675279356,,,
0,2019-06,2019-10,credit_a_1_max_dpdmax_139P__missing,bin,0.06593129654855268,0.22685983901199705,0.16092854246344432,0.4188012087559536,0.3674650278380729,0.06593129654855273,,,
0,2019-06,2019-10,credit_a_1_std_dpdmax_139P__missing,bin,0.04598822249548201,0.533771186230007,0.48778296373452495,0.49885820328087044,0.4998507217408894,0.04598822249548201,,,
0,2019-06,2019-10,credit_a_1_max_dpdmax_757P__missing,bin,0.5137183051466416,0.7971988684104547,0.28348056326381327,0.40208560359150536,0.45068762298896603,0.5137183051466414,,,
0,2019-06,2019-10,credit_a_1_std_dpdmax_757P__missing,bin,0.4330022893137113,0.8305549064549328,0.3975526171412215,0.37514457722133027,0.48939200416985446,0.4330022893137113,,,
0,2019-06,2019-10,credit_a_1_max_instlamount_768A__missing,bin,0.06407368392653723,0.45613598961880947,0.39206230569227224,0.49807223230499276,0.4882104609157115,0.06407368392653723,,,
0,2019-06,2019-10,credit_a_1_std_instlamount_768A__missing,bin,0.030814394132938794,0.8608731535849413,0.8300587594520025,0.34607884509409026,0.37558117006714437,0.03081439413293885,,,
0,2019-06,2019-10,credit_a_1_max_instlamount_852A__missing,bin,0.19090129755446028,0.9249849602004644,0.7340836626460041,0.26341561002227964,0.44181991680121413,0.19090129755446028,,,
0,2019-06,2019-10,credit_a_1_std_instlamount_852A__missing,bin,0.05795702290112667,0.9780195194224717,0.920062496521345,0.14661970894497509,0.27119642146653594,0.0579570229011267,,,
0,2019-06,2019-10,credit_a_1_max_monthlyinstlamount_332A__missing,bin,0.0659372832316063,0.22690955735756937,0.1609722741259631,0.4188336306188428,0.36750537559153995,0.06593728323160628,,,
0,2019-06,2019-10,credit_a_1_std_monthlyinstlamount_332A__missing,bin,0.04599820340384181,0.5338606792520372,0.4878624758481955,0.4988521368106893,0.49985265879803453,0.0459982034038417,,,
0,2019-06,2019-10,credit_a_1_max_monthlyinstlamount_674A__missing,bin,0.5115480992438128,0.7982131226601303,0.2866650234163175,0.4013339425880822,0.45220370162797174,0.5115480992438128,,,
0,2019-06,2019-10,credit_a_1_std_monthlyinstlamount_674A__missing,bin,0.4288843810889733,0.8323049922190789,0.4034206111301057,0.37359522500465386,0.4905837559943437,0.42888438108897325,,,
0,2019-06,2019-10,credit_a_1_max_nominalrate_281L__missing,bin,0.029390858598502212,0.5757981037422999,0.5464072451437977,0.49422125355863805,0.497841709379762,0.029390858598502212,,,
0,2019-06,2019-10,credit_a_1_std_nominalrate_281L__missing,bin,0.009826212265591855,0.8736855712389314,0.8638593589733395,0.33220339228826884,0.3429378469745071,0.009826212265591883,,,
0,2019-06,2019-10,credit_a_1_max_nominalrate_498L__missing,bin,0.38382938105598785,0.8546881913957431,0.47085881033975524,0.35241493567159826,0.4991500686819402,0.3838293810559879,,,
0,2019-06,2019-10,credit_a_1_std_nominalrate_498L__missing,bin,0.23955099890381182,0.9127045288440981,0.6731535299402864,0.2822675536996254,0.46906060916391,0.2395509989038117,,,
0,2019-06,2019-10,credit_a_1_max_numberofcontrsvalue_258L__missing,bin,0.06602457898004033,0.22655158526944857,0.1605270062894082,0.4186000053527811,0.3670941112864228,0.06602457898004038,,,
0,2019-06,2019-10,credit_a_1_max_numberofcontrsvalue_358L__missing,bin,0.1189170486795964,0.311515266018008,0.1925982173384115,0.4631128426806341,0.39434013746571317,0.11891704867959649,,,
0,2019-06,2019-10,credit_a_1_max_numberofinstls_229L__missing,bin,0.4953358024646729,0.8050593388454406,0.3097235363807676,0.39615501988890994,0.4623795706911789,0.49533580246467296,,,
0,2019-06,2019-10,credit_a_1_std_numberofinstls_229L__missing,bin,0.40868101376470467,0.840085913301149,0.4314048995364444,0.3665263586348509,0.49527236162781674,0.4086810137647046,,,
0,2019-06,2019-10,credit_a_1_max_numberofinstls_320L__missing,bin,0.03552786689844578,0.45406770644300043,0.4185398395445546,0.49788575437402666,0.49331961471096314,0.03552786689844584,,,
0,2019-06,2019-10,credit_a_1_std_numberofinstls_320L__missing,bin,0.00960145903103421,0.7799863771733132,0.7703849181422789,0.4142555112456118,0.42058530174174313,0.009601459031034265,,,
0,2019-06,2019-10,credit_a_1_max_numberofoutstandinstls_520L__missing,bin,0.4953199000419388,0.8050593388454406,0.3097394388035017,0.39615501988890994,0.46238611446841,0.4953199000419389,,,
0,2019-06,2019-10,credit_a_1_std_numberofoutstandinstls_520L__missing,bin,0.4087237398885384,0.8400610541283628,0.4313373142398244,0.36654942295017556,0.49526299638091215,0.40872373988853844,,,
0,2019-06,2019-10,credit_a_1_max_numberofoutstandinstls_59L__missing,bin,0.035523891292762344,0.45406770644300043,0.41854381515023814,0.49788575437402666,0.49332027117251276,0.03552389129276229,,,
0,2019-06,2019-10,credit_a_1_std_numberofoutstandinstls_59L__missing,bin,0.00959847965422439,0.7799913490078704,0.770392869353646,0.41425215084626044,0.4205801899789173,0.009598479654224334,,,
0,2019-06,2019-10,credit_a_1_std_numberofoverdueinstlmax_1039L__missing,bin,0.046036488431426825,0.5328414531678044,0.4868049647363776,0.4989202731437428,0.49982586071990287,0.046036488431426825,,,
0,2019-06,2019-10,credit_a_1_max_numberofoverdueinstlmax_1151L__missing,bin,0.5146116619297689,0.7968558118260057,0.2822441498962367,0.402338945399427,0.4500915348521758,0.514611661929769,,,
0,2019-06,2019-10,credit_a_1_std_numberofoverdueinstlmax_1151L__missing,bin,0.4354547446004477,0.8295008775287993,0.3940461329283516,0.3760707004111743,0.4886448383566161,0.4354547446004477,,,
0,2019-06,2019-10,credit_a_1_max_numberofoverdueinstls_725L__missing,bin,0.06592831717174297,0.22686481084655427,0.16093649367481136,0.4188044513207941,0.36747236450986187,0.06592831717174291,,,
0,2019-06,2019-10,credit_a_1_std_numberofoverdueinstls_725L__missing,bin,0.04599220741097687,0.533791073568236,0.48779886615725904,0.498856856570205,0.4998511101647685,0.045992207410976926,,,
0,2019-06,2019-10,credit_a_1_max_numberofoverdueinstls_834L__missing,bin,0.5145967650457199,0.7968806709987919,0.28228390595307196,0.40232060248924256,0.4501107668040714,0.5145967650457199,,,
0,2019-06,2019-10,credit_a_1_std_numberofoverdueinstls_834L__missing,bin,0.4353951198250061,0.8295207648670283,0.39412564504202213,0.37605327484473344,0.4886620723590405,0.43539511982500617,,,
0,2019-06,2019-10,credit_a_1_max_outstandingamount_354A__missing,bin,0.4953387818414828,0.8050543670108834,0.30971558516940056,0.3961588484024928,0.4623762985627358,0.49533878184148283,,,
0,2019-06,2019-10,credit_a_1_std_outstandingamount_354A__missing,bin,0.4087515691283231,0.8400610541283628,0.43130948500003974,0.36654942295017556,0.4952591373705691,0.4087515691283231,,,
0,2019-06,2019-10,credit_a_1_max_outstandingamount_362A__missing,bin,0.03550199287716327,0.45399810075919916,0.41849610788203584,0.4978793280165779,0.49331239146166117,0.035501992877163324,,,
0,2019-06,2019-10,credit_a_1_std_outstandingamount_362A__missing,bin,0.009620331520766828,0.779961518000527,0.7703411864797602,0.4142723119384647,0.42061341264005775,0.0096203315207668,,,
0,2019-06,2019-10,credit_a_1_max_overdueamount_31A__missing,bin,0.5145967650457199,0.7968806709987919,0.28228390595307196,0.40232060248924256,0.4501107668040714,0.5145967650457199,,,
0,2019-06,2019-10,credit_a_1_std_overdueamount_31A__missing,bin,0.4354110222477403,0.8295207648670283,0.39410974261928805,0.37605327484473344,0.4886586266422057,0.43541102224774025,,,
0,2019-06,2019-10,credit_a_1_std_overdueamountmax_155A__missing,bin,0.046036488431426825,0.5328414531678044,0.4868049647363776,0.4989202731437428,0.49982586071990287,0.046036488431426825,,,
0,2019-06,2019-10,credit_a_1_max_overdueamountmax_35A__missing,bin,0.5137501006822984,0.7971789810722258,0.2834288803899274,0.4021003024232556,0.4506627898449567,0.5137501006822984,,,
0,2019-06,2019-10,credit_a_1_std_overdueamountmax_35A__missing,bin,0.4330688690716462,0.8305300472821466,0.39746117821050037,0.3751664801706862,0.4893728537894405,0.43306886907164627,,,
0,2019-06,2019-10,credit_a_1_max_periodicityofpmts_1102L__missing,bin,0.48775783238317905,0.8083109186458711,0.32055308626269213,0.39362974664491385,0.46668919545041454,0.487757832383179,,,
0,2019-06,2019-10,credit_a_1_std_periodicityofpmts_1102L__missing,bin,0.39808702999866463,0.8443567191858123,0.44626968918714766,0.3625168271288708,0.4971046707685961,0.3980870299986647,,,
0,2019-06,2019-10,credit_a_1_max_periodicityofpmts_837L__missing,bin,0.0341912251895069,0.46076973942615085,0.42657851423664395,0.49845861077456366,0.4945799080313527,0.0341912251895069,,,
0,2019-06,2019-10,credit_a_1_std_periodicityofpmts_837L__missing,bin,0.008078364255919873,0.7854205923443691,0.7773422280884493,0.4105302491483294,0.41603039374417655,0.00807836425591979,,,
0,2019-06,2019-10,credit_a_1_max_prolongationcount_1120L__missing,bin,0.036683333136851515,0.9860341167287318,0.9493507835918802,0.11734921122752197,0.21928035316772737,0.03668333313685157,,,
0,2019-06,2019-10,credit_a_1_max_residualamount_488A__missing,bin,0.24224816372709618,0.9036060716043612,0.6613579078772651,0.2951307150469012,0.47324795357769056,0.24224816372709612,,,
0,2019-06,2019-10,credit_a_1_std_residualamount_488A__missing,bin,0.10305852899946358,0.959439773682091,0.8563812446826274,0.19726909124074415,0.3507027351453953,0.10305852899946355,,,
0,2019-06,2019-10,credit_a_1_max_residualamount_856A__missing,bin,0.06407368392653723,0.45613598961880947,0.39206230569227224,0.49807223230499276,0.4882104609157115,0.06407368392653723,,,
0,2019-06,2019-10,credit_a_1_std_residualamount_856A__missing,bin,0.030818369738622342,0.8608731535849413,0.830054783846319,0.34607884509409026,0.3755846637712457,0.030818369738622287,,,
0,2019-06,2019-10,credit_a_1_max_totalamount_6A__missing,bin,0.495356667412153,0.8050444233417688,0.3096877559296159,0.39616650513147583,0.4623648448540336,0.49535666741215295,,,
0,2019-06,2019-10,credit_a_1_std_totalamount_6A__missing,bin,0.4087495766705756,0.8400511104592484,0.4313015337886727,0.36655864779790975,0.4952580345034406,0.4087495766705757,,,
0,2019-06,2019-10,credit_a_1_max_totalamount_996A__missing,bin,0.03550596848284682,0.45399810075919916,0.4184921322763523,0.4978793280165779,0.49331173460515243,0.03550596848284687,,,
0,2019-06,2019-10,credit_a_1_std_totalamount_996A__missing,bin,0.009627286503260168,0.7799565461659698,0.7703292596627096,0.4142756718162693,0.42062107813352784,0.009627286503260168,,,
0,2019-06,2019-10,credit_a_1_last_classificationofcontr_13M__missing,bin,0.1292495402446837,0.20088200345045318,0.0716324632057694,0.40065998569882827,0.2578783694318767,0.12924954024468377,,,
0,2019-06,2019-10,credit_a_1_max_dateofrealrepmt_138D__missing,bin,0.514431837923627,0.7970099386972799,0.28257810077365286,0.4022251811051094,0.45025294861534015,0.514431837923627,,,
0,2019-06,2019-10,credit_a_1_std_dateofrealrepmt_138D__missing,bin,0.43498673107640096,0.8297444974221038,0.39475776634570275,0.37585710904523834,0.48879860091396976,0.434986731076401,,,
0,2019-06,2019-10,credit_a_1_max_numberofoverdueinstlmaxdat_148D__missing,bin,0.3629934921852167,0.8594909835780304,0.4964974913928137,0.3475143633378342,0.49998773228295973,0.36299349218521676,,,
0,2019-06,2019-10,credit_a_1_std_numberofoverdueinstlmaxdat_148D__missing,bin,0.2266805108175467,0.9138480507922618,0.6871675399747151,0.28058829422384224,0.4636467534447032,0.2266805108175467,,,
0,2019-06,2019-10,credit_a_1_max_numberofoverdueinstlmaxdat_641D__missing,bin,0.028004438652848185,0.6906027355033734,0.6625982968505252,0.46224517003277715,0.47282321628840135,0.028004438652848185,,,
0,2019-06,2019-10,credit_a_1_std_numberofoverdueinstlmaxdat_641D__missing,bin,0.008177302229763053,0.9267052149572671,0.918527912727504,0.2606197604332267,0.27355874372419314,0.008177302229763095,,,
0,2019-06,2019-10,credit_a_1_max_overdueamountmax2date_1002D__missing,bin,0.3606563294633026,0.8605450125041639,0.49988868304086126,0.3464206892758749,0.4999999876085345,0.36065632946330267,,,
0,2019-06,2019-10,credit_a_1_std_overdueamountmax2date_1002D__missing,bin,0.22403004804003646,0.9144297554354581,0.6903997073954217,0.27972840007712185,0.4623288347310146,0.22403004804003646,,,
0,2019-06,2019-10,credit_a_1_max_overdueamountmax2date_1142D__missing,bin,0.028168928292873985,0.6874157895521869,0.6592468612593129,0.4635464613461421,0.473962484991225,0.028168928292873985,,,
0,2019-06,2019-10,credit_a_1_std_overdueamountmax2date_1142D__missing,bin,0.008239673636731865,0.9261831723287576,0.9179434986920257,0.2614725676314754,0.27445078229268843,0.008239673636731837,,,
0,2019-06,2019-10,person_1_max_contaddr_smempladdr_334L__missing,bin,3.975605683548267e-06,0.0,3.9756056835258856e-06,0.0,0.0019938881307850083,3.9756056835258856e-06,,,
0,2019-06,2019-10,person_1_max_empl_employedtotal_800L__missing,bin,0.013899327924409677,0.6085227187980092,0.5946233908735996,0.4880807510081587,0.4909647786751937,0.013899327924409621,,,
0,2019-06,2019-10,person_1_max_empl_industry_691L__missing,bin,0.014116291535089476,0.6133951166640979,0.5992788251290084,0.48697181388324284,0.49004460499122293,0.01411629153508942,,,
0,2019-06,2019-10,person_1_max_familystate_447L__missing,bin,0.014448048301478167,0.5280287173164026,0.5135806690149244,0.49921377285246976,0.49981553140044294,0.014448048301478167,,,
0,2019-06,2019-10,person_1_max_housetype_905L__missing,bin,0.0,1.0,1.0,0.0,0.0,0.0,,,
0,2019-06,2019-10,person_1_std_personindex_1023L__missing,bin,0.005446434584999771,0.6011594318187468,0.6066058664037466,0.48965985066585593,0.48850300843321987,0.005446434584999826,,,
0,2019-06,2019-10,person_1_std_persontype_1072L__missing,bin,0.003909119300428698,0.49279332580929036,0.4888842065088616,0.4999480611494647,0.4998764238640009,0.003909119300428754,,,
0,2019-06,2019-10,person_1_max_empl_employedfrom_271D__missing,bin,0.013545359292342074,0.6103473820805139,0.5968020227881717,0.48767146242934606,0.4905398744078999,0.01354535929234213,,,
0,2019-06,2019-10,deposit_1_max_amount_416A__missing,bin,0.005841018642620377,0.9281122441369641,0.9339532627795845,0.2583019675109201,0.24836377699445802,0.0058410186426203214,,,
0,2019-06,2019-10,debitcard_1_max_openingdate_857D__missing,bin,0.0058817709283293385,0.9281072723024069,0.9339890432307362,0.25831020769956586,0.2483012492027984,0.005881770928329311,,,
0,2019-06,2019-10,credit_a_2_max_collater_valueofguarantee_1124L__missing,bin,0.06602457898004033,0.22655158526944857,0.1605270062894082,0.4186000053527811,0.3670941112864228,0.06602457898004038,,,
0,2019-06,2019-10,credit_a_2_std_collater_valueofguarantee_1124L__missing,bin,0.046325236696138195,0.5296992537276329,0.48337401703149474,0.4991171749479491,0.4997235002382128,0.046325236696138195,,,
0,2019-06,2019-10,credit_a_2_max_collater_valueofguarantee_876L__missing,bin,0.514447703107116,0.7969303893443642,0.28248268623724826,0.40228390955120774,0.4502068615796927,0.514447703107116,,,
0,2019-06,2019-10,credit_a_2_std_collater_valueofguarantee_876L__missing,bin,0.4355581196580307,0.8295207648670283,0.3939626452089976,0.37605327484473344,0.48862672807463886,0.4355581196580307,,,
0,2019-06,2019-10,credit_a_2_max_pmts_dpd_1073P__missing,bin,0.06593129654855268,0.22685983901199705,0.16092854246344432,0.4188012087559536,0.3674650278380729,0.06593129654855273,,,
0,2019-06,2019-10,credit_a_2_std_pmts_dpd_1073P__missing,bin,0.0642696420926272,0.23354695649147578,0.16927731439884866,0.4230871962196971,0.37499667362359634,0.06426964209262712,,,
0,2019-06,2019-10,credit_a_2_max_pmts_dpd_303P__missing,bin,0.5137183051466416,0.7971988684104547,0.28348056326381327,0.40208560359150536,0.45068762298896603,0.5137183051466414,,,
0,2019-06,2019-10,credit_a_2_std_pmts_dpd_303P__missing,bin,0.5117687500141543,0.7982230663292448,0.2864543163150906,0.40132655370556136,0.45210423685201684,0.5117687500141541,,,
0,2019-06,2019-10,credit_a_2_std_pmts_month_158T__missing,bin,0.06602457898004033,0.22655158526944857,0.1605270062894082,0.4186000053527811,0.3670941112864228,0.06602457898004038,,,
0,2019-06,2019-10,credit_a_2_std_pmts_month_706T__missing,bin,0.5145997351127185,0.7968558118260057,0.2822560767132873,0.402338945399427,0.45009730489274213,0.5145997351127185,,,
0,2019-06,2019-10,credit_a_2_std_pmts_overdue_1140A__missing,bin,0.0643798138659113,0.23322378724525564,0.16884397337934434,0.4228834973231225,0.3746140494333063,0.0643798138659113,,,
0,2019-06,2019-10,credit_a_2_max_pmts_overdue_1152A__missing,bin,0.5137501006822984,0.7971789810722258,0.2834288803899274,0.4021003024232556,0.4506627898449567,0.5137501006822984,,,
0,2019-06,2019-10,credit_a_2_std_pmts_overdue_1152A__missing,bin,0.511805508074557,0.7981882634873442,0.2863827554127871,0.401352413121439,0.4520704290428284,0.511805508074557,,,
0,2019-06,2019-10,credit_a_2_last_collater_typofvalofguarant_298M__missing,bin,0.1298395219426427,0.20215976493166213,0.07232024298901937,0.40161074982430095,0.25901742304916203,0.12983952194264275,,,
1,2019-09,2020-01,actualdpdtolerance_344P,num,0.18412563924067524,-0.28181150306939445,-0.1561912115681595,0.6822531181391617,16.97275454806844,0.12562029150123497,0.1841256392405549,-0.28181150306939445,0.6822531181391617
1,2019-09,2020-01,amtinstpaidbefduel24m_4187115A,num,0.02095558828747948,34374.1227004919,35586.0019559265,58184.88502217137,60851.40827412991,1211.8792554346,0.020828076827389328,34374.1227004919,58184.88502217137
1,2019-09,2020-01,annuity_780A,num,0.01673924669890018,3942.23582758552,3893.995167572967,2992.168032277975,2924.1419404944013,48.24066001255278,-0.016122309807523265,3942.23582758552,2992.168032277975
1,2019-09,2020-01,annuitynextmonth_57A,num,0.018089558064357206,1356.7805361075593,1331.96408525984,2684.494046605213,2714.9799219354995,24.816450847719352,-0.0092443679951915,1356.7805361075593,2684.494046605213
1,2019-09,2020-01,applicationcnt_361L,num,0.0003701550944239409,2.49038090375923e-05,2.105854274884178e-05,0.010388257102606872,0.00955265626842913,3.8452662887505186e-06,-0.0003701550944273002,2.49038090375923e-05,0.010388257102606872
1,2019-09,2020-01,applications30d_658L,num,0.03773617317640143,0.11992014178568612,0.13621718377088304,0.4318679032188879,0.48153564662637466,0.016297041985196922,0.037736173176400496,0.11992014178568612,0.4318679032188879
1,2019-09,2020-01,applicationscnt_1086L,num,0.02311350586186464,0.4259215447002619,0.3665520146005896,2.6831309324456805,2.5320298595256525,0.059369530099672274,-0.022126959732657103,0.4259215447002619,2.6831309324456805
1,2019-09,2020-01,applicationscnt_464L,num,0.027133030850458494,1.222652504700594,1.5004562684262248,10.238582090468382,12.038183602835785,0.27780376372563076,0.027133030850458525,1.222652504700594,10.238582090468382
1,2019-09,2020-01,applicationscnt_629L,num,0.02057448852330922,0.31832878838818396,0.3737505264635687,2.6937115842561905,3.0317177026648814,0.05542173807538475,0.020574488523309467,0.31832878838818396,2.6937115842561905
1,2019-09,2020-01,applicationscnt_867L,num,0.044739392486054096,2.52627144321724,2.690874631475502,3.6802129733439664,3.9281627825050616,0.16460318825826192,0.04472653877655833,2.52627144321724,3.6802129733439664
1,2019-09,2020-01,avgdbddpdlast24m_3658932P,num,0.009174420916464006,16.057332719039376,17.862975572090413,236.57816683707583,246.7331759047788,1.8056428530510367,0.007632330900148228,16.057332719039376,236.57816683707583
1,2019-09,2020-01,avgdbddpdlast3m_4187120P,num,0.004396244100375459,11.435318581977114,11.090323599606908,231.31223548191832,230.48065695891518,0.3449949823702063,-0.0014914688003919904,11.435318581977114,231.31223548191832
1,2019-09,2020-01,avgdbdtollast24m_4525197P,num,0.16692239381699842,2.8022097979886023,14.765604380176892,111.40912179758952,228.46547560601414,11.96339458218829,0.10738254093703065,2.8022097979886023,111.40912179758952
1,2019-09,2020-01,avgdpdtolclosure24_3658938P,num,0.009386768835795693,29.30048520921275,31.70075810753896,255.70810790321798,266.8138373179835,2.400272898326211,0.009386768835795702,29.30048520921275,255.70810790321798
1,2019-09,2020-01,avginstallast24m_3658937A,num,0.01794247284884095,2910.9999984029,3004.321169260701,5211.9083171556995,5419.650168772516,93.32117085780101,0.017905374611180667,2910.9999984029,5211.9083171556995
1,2019-09,2020-01,avglnamtstart24m_4525187A,num,0.47345803302259515,1563.5226342741314,7073.518206366384,11637.769744693074,23887.590786124834,5509.995572092253,0.4734580330225952,1563.5226342741314,11637.769744693074
1,2019-09,2020-01,avgmaxdpdlast9m_3716943P,num,0.013630681678525988,-0.1704001627048857,-0.1359293836866489,3.094254697334221,3.676206927097294,0.03447077901823681,0.011140252626241227,-0.1704001627048857,3.094254697334221
1,2019-09,2020-01,avgoutstandbalancel6m_4187114A,num,0.01150164571942986,21497.87562910532,21502.576936637382,47329.12644680296,48099.38541579871,4.701307532061037,9.933222700286296e-05,21497.87562910532,47329.12644680296
1,2019-09,2020-01,avgpmtlast12m_4525200A,num,0.6325636925173602,622.5024439279072,2673.3647587381765,3242.143580275098,6469.802207460146,2050.8623148102693,0.6325636925173599,622.5024439279072,3242.143580275098
1,2019-09,2020-01,clientscnt12m_3712952L,num,0.01342952243808125,0.03203875032686249,0.03371472694089569,0.25954484916784815,0.37231954809963186,0.001675976614033195,0.006457368040270133,0.03203875032686249,0.25954484916784815
1,2019-09,2020-01,clientscnt3m_3712950L,num,0.011651468753874966,0.014572878921831093,0.016927558612943983,0.20209294989781448,0.3262217093096526,0.0023546796911128893,0.011651468753875386,0.014572878921831093,0.20209294989781448
1,2019-09,2020-01,clientscnt6m_3712949L,num,0.011902787326880567,0.021159936412274257,0.02341358977958725,0.2255637548843037,0.34480769789541965,0.002253653367312994,0.009991203455843069,0.021159936412274257,0.2255637548843037
1,2019-09,2020-01,clientscnt_100L,num,0.04109459839589941,0.05302020944103401,0.06697318545556648,0.33953309094562717,0.5667565915785813,0.013952976014532471,0.041094598395909815,0.05302020944103401,0.33953309094562717
1,2019-09,2020-01,clientscnt_1022L,num,0.010449704060603146,0.09400772848207133,0.09873297767794469,0.5060157228920775,0.5312749407147032,0.00472524919587336,0.009338146982601084,0.09400772848207133,0.5060157228920775
1,2019-09,2020-01,clientscnt_1071L,num,0.0070982206633914535,0.034462721073188145,0.03577495437315738,0.18946831700325562,0.19293962282500635,0.001312233299969233,0.006925871938508247,0.034462721073188145,0.18946831700325562
1,2019-09,2020-01,clientscnt_1130L,num,0.017877727840535998,0.03244136190630357,0.031654499508634006,0.2110602577120945,0.2978319576771423,0.0007868623976695632,-0.0037281409877880254,0.03244136190630357,0.2110602577120945
1,2019-09,2020-01,clientscnt_157L,num,0.012915537127499164,0.08892735143840251,0.09694300154429314,0.6291554886659074,0.9953093296960276,0.008015650105890629,0.012740332477886208,0.08892735143840251,0.6291554886659074
1,2019-09,2020-01,clientscnt_257L,num,0.013532608728276205,0.0029926077193506745,0.0037659693949178715,0.05714801122945111,0.0709673021687718,0.000773361675567197,0.013532608728274461,0.0029926077193506745,0.05714801122945111
1,2019-09,2020-01,clientscnt_304L,num,0.0192178090628202,0.08199164062143305,0.06660817071458655,0.8158821068903517,0.4494678016317758,0.015383469906846498,-0.01885501566577917,0.08199164062143305,0.8158821068903517
1,2019-09,2020-01,clientscnt_360L,num,0.011252093592561362,0.0034201231078293424,0.00410290607889934,0.06075087682370805,0.07371444211640583,0.0006827829710699977,0.011239063644321614,0.0034201231078293424,0.06075087682370805
1,2019-09,2020-01,clientscnt_493L,num,0.0070255379066437255,0.011991184051600693,0.012887828162291169,0.4606951764588678,0.6065898698160996,0.0008966441106904761,0.0019462849982118948,0.011991184051600693,0.4606951764588678
1,2019-09,2020-01,clientscnt_533L,num,0.009429752672805176,0.075031025995426,0.07767794468622771,0.28124234055135144,0.28640171642420387,0.0026469186908017056,0.009411522765785012,0.075031025995426,0.28124234055135144
1,2019-09,2020-01,clientscnt_887L,num,0.02619350257580775,2.482341124074927,3.4324863119472133,36.27407923481971,50.73678374293906,0.9501451878722862,0.026193502575807246,2.482341124074927,36.27407923481971
1,2019-09,2020-01,clientscnt_946L,num,0.032018185193100956,0.026796498524449316,0.03401305629650428,0.22876923347902353,0.24043822794067635,0.0072165577720549635,0.03154514119887834,0.026796498524449316,0.22876923347902353
1,2019-09,2020-01,cntincpaycont9m_3716944L,num,0.017927122909502647,3.8403167764509583,3.7621121718377086,5.936407555846015,5.9445237041907895,0.07820460461324963,-0.013173725671216057,3.8403167764509583,5.936407555846015
1,2019-09,2020-01,cntpmts24_3658933L,num,0.007558017807012324,6.656867017810374,6.692303102625298,8.277434419852314,8.305468497672436,0.03543608481492466,0.004281046882103466,6.656867017810374,8.277434419852314
1,2019-09,2020-01,credamount_770A,num,0.030796804305108054,48393.332798525655,49442.40338991297,42696.13832792075,43097.71624836619,1049.070591387317,0.024570620024932956,48393.332798525655,42696.13832792075
1,2019-09,2020-01,currdebt_22A,num,0.010158184399533442,18210.375970124613,18368.93932676194,47976.794427387365,49382.655297922276,158.56335663732898,0.0033050010641564186,18210.375970124613,47976.794427387365
1,2019-09,2020-01,currdebtcredtyperange_828A,num,0.020310560354920036,10478.426818118829,10027.88994978566,34420.38104503062,34855.71487709085,450.53686833316897,-0.013089246970966186,10478.426818118829,34420.38104503062
1,2019-09,2020-01,datefirstoffer_1144D,num,0.026702490925348057,-1056.2123589302985,-1058.8857082689879,1587.2065019807403,1614.1983194853672,2.673349338689377,-0.0016843109799217647,-1056.2123589302985,1587.2065019807403
1,2019-09,2020-01,datelastinstal40dpd_247D,num,0.01725400625458764,-170.3771972423182,-182.649747297487,711.2869830973702,738.8537495525483,12.272550055168807,-0.017254006254587652,-170.3771972423182,711.2869830973702
1,2019-09,2020-01,datelastunpaid_3546854D,num,0.0124598175384049,-381.9414469943178,-393.2246279657448,909.3004942069655,932.7033237302849,11.283180971426987,-0.01240863833607334,-381.9414469943178,909.3004942069655
1,2019-09,2020-01,daysoverduetolerancedd_3976961L,num,0.016203961405620276,59.37701876502011,65.52394005334831,379.51672847315245,396.762672728693,6.146921288328201,0.016196707093935236,59.37701876502011,379.51672847315245
1,2019-09,2020-01,disbursedcredamount_1113A,num,0.0332736445482744,44829.81323645294,45724.49324739181,41190.68051092109,41267.9426923568,894.6800109388714,0.021720447437173572,44829.81323645294,41190.68051092109
1,2019-09,2020-01,downpmt_116A,num,0.019341356186311293,514.4754183230264,591.4858176905282,4087.7158894463983,4390.336809794326,77.0103993675018,0.018839469632986498,514.4754183230264,4087.7158894463983
1,2019-09,2020-01,dtlastpmtallstes_4499206D,num,0.4072755008697234,-70.74572795909134,-225.35943422715147,383.132745991117,659.0089874050497,154.61370626806013,-0.4035512701168197,-70.74572795909134,383.132745991117
1,2019-09,2020-01,eir_270L,num,0.13889215224688783,0.1327286218233752,0.0720093074218319,0.4371687918955395,0.475755961411824,0.060719314401543295,-0.13889215224688783,0.1327286218233752,0.4371687918955395
1,2019-09,2020-01,firstclxcampaign_1125D,num,0.07215074156859724,-389.8315008280517,-411.33775445739155,524.5194249906295,569.0767811991855,21.50625362933988,-0.041001824917588296,-389.8315008280517,524.5194249906295
1,2019-09,2020-01,firstdatedue_489D,num,0.019505895455803772,-1177.2509805874809,-1203.7605398006458,1432.7506306012547,1461.3967097997074,26.50955921316495,-0.01850256328419147,-1177.2509805874809,1432.7506306012547
1,2019-09,2020-01,homephncnt_628L,num,0.025052437202755226,0.622445803085582,0.6014565492067949,0.8380346640134337,0.8288613123745115,0.02098925387878703,-0.025045806313389644,0.622445803085582,0.8380346640134337
1,2019-09,2020-01,inittransactionamount_650A,num,0.20909755831740662,2762.52475567211,5297.084133739329,12121.420252166698,18187.11640905283,2534.5593780672193,0.2090975583174066,2762.52475567211,12121.420252166698
1,2019-09,2020-01,lastactivateddate_801D,num,0.014371530760583312,-437.27388379052576,-442.2581777341008,812.8347049031717,827.222323170492,4.9842939435750395,-0.006131989583501839,-437.27388379052576,812.8347049031717
1,2019-09,2020-01,lastapplicationdate_877D,num,0.016482974334931625,-373.92523876526917,-379.94805208479573,695.9775819629867,712.5944270663554,6.022813319526563,-0.008653746148747168,-373.92523876526917,695.9775819629867
1,2019-09,2020-01,lastapprcredamount_781A,num,0.013133199546529788,25641.294709813526,25663.71812305703,34372.93480755094,35209.842609656946,22.42341324350491,0.0006523566686711605,25641.294709813526,34372.93480755094
1,2019-09,2020-01,lastapprdate_640D,num,0.013892070595717275,-427.30043125095983,-430.9039800645795,799.8702614352039,813.8937585332014,3.603548813619682,-0.0045051666343412355,-427.30043125095983,799.8702614352039
1,2019-09,2020-01,lastdelinqdate_224D,num,0.030880317424710244,-174.75718371124864,-188.01552365576302,429.58235457822366,463.6170544832269,13.258339944514375,-0.03086332528143945,-174.75718371124864,429.58235457822366
1,2019-09,2020-01,lastrejectcredamount_222A,num,0.03507779059381484,22670.74422674429,24084.552414511963,40304.938362251734,43839.94775063242,1413.808187767674,0.035077790593814676,22670.74422674429,40304.938362251734
1,2019-09,2020-01,lastrejectdate_50D,num,0.017637322434158744,-395.9338264287523,-410.0853994103608,802.4481843109654,825.2046591836064,14.151572981608524,-0.01763549754151415,-395.9338264287523,802.4481843109654
1,2019-09,2020-01,maininc_215A,num,0.02337091222610356,32144.659801680446,32654.82755699799,34564.02007558904,35250.15947096657,510.1677553175432,0.014760081558853479,32144.659801680446,34564.02007558904
1,2019-09,2020-01,maxannuity_159A,num,0.07747135639770684,21610.879753912603,26396.372492187493,61771.12368742062,82127.31313162505,4785.49273827489,0.07747135639770515,21610.879753912603,61771.12368742062
1,2019-09,2020-01,maxannuity_4075009A,num,0.016804943691643218,4403.221249590125,3940.626993542047,34889.17209395417,32167.941992221273,462.594256048078,-0.013258963405676212,4403.221249590125,34889.17209395417
1,2019-09,2020-01,maxdbddpdlast1m_3658939P,num,0.005350651487186001,15.37338695953546,14.862459637793064,274.129444550047,273.09580970126103,0.5109273217423969,-0.0018638177397580446,15.37338695953546,274.129444550047
1,2019-09,2020-01,maxdbddpdtollast12m_3658940P,num,0.00520146036922463,26.00494340609396,27.33365155131265,299.79925582010156,306.39127454709103,1.3287081452186875,0.004431992806599881,26.00494340609396,299.79925582010156
1,2019-09,2020-01,maxdbddpdtollast6m_4187119P,num,0.004207326443178813,21.44146567217456,21.335255510318685,288.64372377941714,290.2336153840062,0.10621016185587351,-0.00036796283135897943,21.44146567217456,288.64372377941714
1,2019-09,2020-01,maxdebt4_972A,num,0.020898988860816106,34731.401481611705,35720.34116025598,47319.97730753699,49234.81415555305,988.939678644274,0.020898988860815843,34731.401481611705,47319.97730753699
1,2019-09,2020-01,maxdpdfrom6mto36m_3546853P,num,0.021582712868205765,20.629680359611,24.81063807384529,193.75146126585773,217.72273864945188,4.180957714234289,0.021578973840601656,20.629680359611,193.75146126585773
1,2019-09,2020-01,maxdpdinstldate_3546855D,num,0.011790285103546452,-429.42727050102314,-439.7117190790397,923.1336169241354,946.8503202127307,10.284448578016566,-0.011140801710032145,-429.42727050102314,923.1336169241354
1,2019-09,2020-01,maxdpdinstlnum_3546846P,num,0.004036889257621199,2.95945244825196,2.9540467499649026,5.961577996097969,5.9214485005663295,0.005405698287057614,-0.0009067562800647422,2.95945244825196,5.961577996097969
1,2019-09,2020-01,maxdpdlast12m_727P,num,0.013936778584170443,11.70251985041112,13.953260564368946,161.49648215795227,179.11578477875838,2.2507407139578266,0.013936778584170525,11.70251985041112,161.49648215795227
1,2019-09,2020-01,maxdpdlast24m_143P,num,0.01939691837230376,17.489787362977168,21.099185736347046,186.08102091740594,209.09564218081752,3.609398373369878,0.019396918372303795,17.489787362977168,186.08102091740594
1,2019-09,2020-01,maxdpdlast3m_392P,num,0.00461782951695934,4.848410514388176,5.400035097571248,119.45538074915507,127.03334595347266,0.551624583183072,0.0046178295169594,4.848410514388176,119.45538074915507
1,2019-09,2020-01,maxdpdlast6m_474P,num,0.00610933560757722,7.661868532792091,8.511877018110347,139.13272079275123,149.0790575740285,0.8500084853182566,0.006109335607577235,7.661868532792091,139.13272079275123
1,2019-09,2020-01,maxdpdlast9m_1059P,num,0.009526823100174771,10.050492472823718,11.509750105292714,153.1735833787259,166.70238781904249,1.4592576324689954,0.00952682310017479,10.050492472823718,153.1735833787259
1,2019-09,2020-01,maxdpdtolerance_374P,num,0.028483357489078574,35.84793319138162,42.36057138845992,228.64713893281197,255.7385947268456,6.512638197078296,0.02848335748907856,35.84793319138162,228.64713893281197
1,2019-09,2020-01,maxinstallast24m_3658928A,num,0.054306724283308114,7627.987111165636,8626.839664533449,18409.976392029428,20295.172561376734,998.852553367813,0.05425604748739736,7627.987111165636,18409.976392029428
1,2019-09,2020-01,maxlnamtstart6m_4525199A,num,0.8431854606839306,4492.002927444982,19015.675262019737,17224.766094512837,32118.53155176049,14523.672334574756,0.8431854606839306,4492.002927444982,17224.766094512837
1,2019-09,2020-01,maxoutstandbalancel12m_4187113A,num,0.010702023551449974,36039.70472882964,36730.07746593052,65328.27696989732,67250.6223377121,690.372737100879,0.01056774752254673,36039.70472882964,65328.27696989732
1,2019-09,2020-01,maxpmtlast3m_4525190A,num,0.45548056035964957,913.8457572062691,3715.5283783016007,6151.047629525848,12546.320203844001,2801.6826210953313,0.45548056035965023,913.8457572062691,6151.047629525848
1,2019-09,2020-01,mindbddpdlast24m_3658935P,num,0.008688340972410972,-0.22075981521373694,0.47624596377930645,227.3047519763433,235.76703640602767,0.6970057789930434,0.0030663933460818456,-0.22075981521373694,227.3047519763433
1,2019-09,2020-01,mindbdtollast24m_4525191P,num,0.21666900399768352,-0.557571380542654,-0.13552225186017128,107.67161210914918,218.38479165492788,0.4220491286824827,0.0039197809006021175,-0.557571380542654,107.67161210914918
1,2019-09,2020-01,mobilephncnt_593L,num,0.00553308827015975,1.7291627754465047,1.734560578407974,1.0890627735058431,1.102223070427702,0.005397802961469411,0.0049563745018050154,1.7291627754465047,1.0890627735058431
1,2019-09,2020-01,monthsannuity_845L,num,0.009231498463885865,16.48705624525271,16.45347465955356,21.748482861180175,21.580996059428166,0.033581585699149485,-0.001544088657287021,16.48705624525271,21.748482861180175
1,2019-09,2020-01,numactivecreds_622L,num,0.01804275164476143,0.4301800960456902,0.43633651551312647,0.6557776028392651,0.6744447960126155,0.0061564194674362804,0.009387968483189041,0.4301800960456902,0.6557776028392651
1,2019-09,2020-01,numactivecredschannel_414L,num,0.021762914015508596,0.095717790035986,0.10242524217324162,0.31562967728283986,0.32554624856150916,0.006707452137255612,0.021251018582910303,0.095717790035986,0.31562967728283986
1,2019-09,2020-01,numactiverelcontr_750L,num,0.15460822570669297,0.1885508888584509,0.2516074687631616,0.4078475101598749,0.4684738986262117,0.0630565799047107,0.15460822570669297,0.1885508888584509,0.4078475101598749
1,2019-09,2020-01,numcontrs3months_479L,num,0.06502037295662277,0.231651081032844,0.27476835602976274,0.6632136983804253,0.784014375080181,0.04311727499691875,0.06501264238391273,0.231651081032844,0.6632136983804253
1,2019-09,2020-01,numincomingpmts_3546848L,num,0.006788491776233942,20.408069664255148,20.446567457531938,29.533234468720558,29.40298238679214,0.038497793276789594,0.001303541382084771,20.408069664255148,29.533234468720558
1,2019-09,2020-01,numinstlallpaidearly3d_817L,num,0.014958376235715089,13.147945228222657,12.832307314333848,22.406319295147807,21.86163420603641,0.3156379138888088,-0.01408700419426593,13.147945228222657,22.406319295147807
1,2019-09,2020-01,numinstls_657L,num,0.03915865175214055,7.265379139739423,7.153555383967429,14.067899744683453,15.336428514632436,0.11182375577199366,-0.007948859303909537,7.265379139739423,14.067899744683453
1,2019-09,2020-01,numinstlsallpaid_934L,num,0.007959079560957438,17.3440004648711,17.283423417099538,26.35689432074243,26.148467406473806,0.06057704777156303,-0.00229833784794174,17.3440004648711,26.35689432074243
1,2019-09,2020-01,numinstlswithdpd10_728L,num,0.06451937073700963,2.444271501326128,1.7421100659834339,11.148987153274353,7.622582116289175,0.7021614353426939,-0.06297984074153998,2.444271501326128,11.148987153274353
1,2019-09,2020-01,numinstlswithdpd5_4187116L,num,0.009392422506428553,1.119592241633358,1.1576547802892039,4.053155339523851,4.131740641383187,0.03806253865584597,0.009390841324210733,1.119592241633358,4.053155339523851
1,2019-09,2020-01,numinstlswithoutdpd_562L,num,0.008738648378206069,19.774255272343904,19.977355047030745,28.915162537353968,29.069411689376498,0.20309977468684082,0.007023988691900554,19.774255272343904,28.915162537353968
1,2019-09,2020-01,numinstmatpaidtearly2d_4499204L,num,0.6707641126366641,3.248407193880304,12.609493893022602,13.955855005935542,22.259019006551036,9.361086699142298,0.6707641126366639,3.248407193880304,13.955855005935542
1,2019-09,2020-01,numinstpaid_4499208L,num,0.7448965103454208,5.163999883782225,18.915148111750668,18.460481472240765,28.868070740623764,13.751148227968443,0.7448965103454208,5.163999883782225,18.460481472240765
1,2019-09,2020-01,numinstpaidearly3d_3546850L,num,0.01364978640479452,12.627414112988582,12.35553488698582,21.53247115744161,21.063628066364437,0.2718792260027616,-0.012626475800888293,12.627414112988582,21.53247115744161
1,2019-09,2020-01,numinstpaidearly3dest_4493216L,num,0.6377836592651082,3.120119372257987,11.560911834901026,13.234569967454194,20.653899471262914,8.440792462643039,0.6377836592651082,3.120119372257987,13.234569967454194
1,2019-09,2020-01,numinstpaidearly5d_1087L,num,0.033397670296693015,2.010799951852636,1.879274884178015,4.230051603078558,4.084230217194807,0.1315250676746209,-0.031093017300048834,2.010799951852636,4.230051603078558
1,2019-09,2020-01,numinstpaidearly5dest_4493211L,num,0.6660706253558184,-0.08954579602950272,1.7072651972483504,2.697630261165497,4.015026947694388,1.796810993277853,0.6660701502145628,-0.08954579602950272,2.697630261165497
1,2019-09,2020-01,numinstpaidearly5dobd_4499205L,num,0.6254249011960756,2.153486325733521,9.072308016285273,11.062593889881988,17.878151772201328,6.918821690551752,0.6254249011960756,2.153486325733521,11.062593889881988
1,2019-09,2020-01,numinstpaidearly_338L,num,0.01703031147048021,10.198292428826988,9.887649164677804,18.913107629480564,18.36487704537266,0.31064326414918497,-0.016424760554155246,10.198292428826988,18.913107629480564
1,2019-09,2020-01,numinstpaidearlyest_4493214L,num,0.6018020420939434,2.379940811947187,9.263796855257617,11.438738259109856,18.00394841073071,6.88385604331043,0.6018020420939433,2.379940811947187,11.438738259109856
1,2019-09,2020-01,numinstpaidlastcontr_4325080L,num,0.18425604242611843,3.7610105965707454,4.907935560859189,6.22462606483219,6.383971283639445,1.1469249642884431,0.1842560424261185,3.7610105965707454,6.22462606483219
1,2019-09,2020-01,numinstpaidlate1d_3546852L,num,0.0029923630089470224,3.252018246190755,3.2728414993682438,7.457264564771274,7.486534274928386,0.020823253177488787,0.002792344699135328,3.252018246190755,7.457264564771274
1,2019-09,2020-01,numinstregularpaid_973L,num,0.13710998172657773,16.79967376010161,20.460617015302542,26.702413665728088,29.40165030854489,3.6609432552009338,0.13710158568547934,16.79967376010161,26.702413665728088
1,2019-09,2020-01,numinstregularpaidest_4493210L,num,0.7165326225530267,5.612496731375064,19.295770742664608,19.09651226002193,29.039509779947544,13.683274011289544,0.7165326225530269,5.612496731375064,19.09651226002193
1,2019-09,2020-01,numinsttopaygr_769L,num,0.013874672913331217,3.732155383165855,3.6258844587954515,8.909184731046036,8.828994298758941,0.10627092437040364,-0.011928243445225573,3.732155383165855,8.909184731046036
1,2019-09,2020-01,numinsttopaygrest_4493213L,num,0.5675558627333162,0.3744744258634358,3.3388038747718656,5.222973884248842,8.613926822850425,2.9643294489084298,0.5675558627333159,0.3744744258634358,5.222973884248842
1,2019-09,2020-01,numinstunpaidmax_3546851L,num,0.015410856777511497,3.369169914538429,3.26254387196406,7.887159861085431,7.783050576396725,0.1066260425743688,-0.013518940208179694,3.369169914538429,7.887159861085431
1,2019-09,2020-01,numinstunpaidmaxest_4493212L,num,0.5861264571318039,0.2707127055083075,2.998420609293837,4.653787370618797,7.598492060883246,2.7277079037855296,0.586126457131804,0.2707127055083075,4.653787370618797
1,2019-09,2020-01,numnotactivated_1143L,num,0.05260684395179776,0.017100615539146713,0.024220833918292856,0.1353477579014257,0.1655193183902966,0.007120218379146143,0.052606843951798786,0.017100615539146713,0.1353477579014257
1,2019-09,2020-01,numpmtchanneldd_318L,num,0.03016335179186108,0.019790226915206682,0.024175207075670363,0.1454594204781566,0.16069527675042616,0.004384980160463681,0.030145728245371126,0.019790226915206682,0.1454594204781566
1,2019-09,2020-01,numrejects9m_859L,num,0.019074604095538565,0.322031154665106,0.33742454022181667,1.0188608692608188,1.1414235032682007,0.01539338555671066,0.015108427481250237,0.322031154665106,1.0188608692608188
1,2019-09,2020-01,pctinstlsallpaidearl3d_427L,num,0.01194281667480711,0.08822283727573149,0.08694127648258518,0.803040067667692,0.7975926945261748,0.0012815607931463135,-0.0015958864877918387,0.08822283727573149,0.803040067667692
1,2019-09,2020-01,pctinstlsallpaidlat10d_839L,num,0.007190486339417627,-0.2682927094699003,-0.2647063999150791,0.5227557601997395,0.5219011986180955,0.0035863095548211987,0.006860392228774118,-0.2682927094699003,0.5227557601997395
1,2019-09,2020-01,pctinstlsallpaidlate1d_3546856L,num,0.008289296101840633,-0.19951982929777914,-0.1947156694584358,0.5822838045614048,0.5816930444274738,0.004804159839343347,0.008250546901200518,-0.19951982929777914,0.5822838045614048
1,2019-09,2020-01,pctinstlsallpaidlate4d_3546849L,num,0.00725681012034211,-0.24379508037257697,-0.24001801941514905,0.5443189526221012,0.5433794025641566,0.0037770609574279135,0.006939058320921953,-0.24379508037257697,0.5443189526221012
1,2019-09,2020-01,pctinstlsallpaidlate6d_3546844L,num,0.007384978162423549,-0.25519550401905516,-0.2515789045792976,0.5338885443368935,0.5328998385048992,0.003616599439757562,0.006774072000832109,-0.25519550401905516,0.5338885443368935
1,2019-09,2020-01,pmtnum_254L,num,0.07068535350660939,16.458744765011808,16.86170504001123,10.010498437140035,9.721930181216441,0.40296027499942255,0.04025376733534029,16.458744765011808,10.010498437140035
1,2019-09,2020-01,posfpd10lastmonth_333P,num,0.05539067512781585,0.0011621777550876405,-0.008440965885160747,0.1733711246177964,0.1921042461914023,0.009603143640248387,-0.05539067512781556,0.0011621777550876405,0.1733711246177964
1,2019-09,2020-01,posfpd30lastmonth_3976960P,num,0.007256426004412472,-0.04686066733906951,-0.04560929383686649,0.24480763904676392,0.24139193457271538,0.0012513735022030223,0.005111660351268618,-0.04686066733906951,0.24480763904676392
1,2019-09,2020-01,posfstqpd30lastmonth_3976962P,num,0.024988556765300693,-0.05190368866918195,-0.05878843184051664,0.3215076657854345,0.3326245704919552,0.006884743171334688,-0.021413931622798005,-0.05190368866918195,0.3215076657854345
1,2019-09,2020-01,price_1097A,num,0.14037511423130516,27750.252755973906,32280.392716478495,32275.434775166952,35697.13748037375,4530.139960504588,0.14035875866775693,27750.252755973906,32275.434775166952
1,2019-09,2020-01,sellerplacecnt_915L,num,0.0618099024988703,0.14635138444425075,0.17233960409939633,0.42047471941976183,0.4641454812090236,0.025988219655145584,0.06180685414573385,0.14635138444425075,0.42047471941976183
1,2019-09,2020-01,sellerplacescnt_216L,num,0.056658577513476714,1.437124108132339,1.5413414291731011,1.8393917675743499,1.9493796096111138,0.1042173210407622,0.05665857751347669,1.437124108132339,1.8393917675743499
1,2019-09,2020-01,sumoutstandtotal_3546847A,num,0.011115978034294653,18175.388790552053,18232.1221915458,47946.48381388737,49218.403607033964,56.73340099374764,0.0011832651006060887,18175.388790552053,47946.48381388737
1,2019-09,2020-01,sumoutstandtotalest_4493215A,num,0.42282444818578785,5373.362354772136,17172.63936335962,27906.305812910876,47977.682170843356,11799.277008587484,0.42281759139644126,5373.362354772136,27906.305812910876
1,2019-09,2020-01,totaldebt_9A,num,0.010151326446699832,18210.793293149534,18370.216977080687,47976.88379006625,49384.22747878509,159.42368393115248,0.003322927029374126,18210.793293149534,47976.88379006625
1,2019-09,2020-01,totalsettled_863A,num,0.03022712248758451,79298.66151373021,83038.5680479818,123726.84640449067,132211.06666824137,3739.9065342515823,0.030227122430850562,79298.66151373021,123726.84640449067
1,2019-09,2020-01,totinstallast1m_4525188A,num,0.40421564932621373,942.5226593787928,3308.1203384824835,5852.579948085153,10337.725347673442,2365.5976791036906,0.4041974138051146,942.5226593787928,5852.579948085153
1,2019-09,2020-01,validfrom_1069D,num,0.09729008250525625,-3.4951582844596083,-2.3618489400533482,12.765765377946895,9.686184386531188,1.13330934440626,0.08877723433364001,-3.4951582844596083,12.765765377946895
1,2019-09,2020-01,assignmentdate_238D,num,0.2631978771331634,-444.9027174206295,-85.48053839674294,1365.5968009272317,625.390848117548,359.42217902388654,0.2631978771331634,-444.9027174206295,1365.5968009272317
1,2019-09,2020-01,assignmentdate_4527235D,num,0.5708256208756345,-0.4890485499757188,1.0622806401796996,2.7176936938739913,5.158015475828271,1.5513291901554185,0.5708256208756348,-0.4890485499757188,2.7176936938739913
1,2019-09,2020-01,birthdate_574D,num,1.3429537750363587,-13096.703096788653,-2589.2872490523655,7824.10835209262,6244.359354130165,10507.415847736287,1.3429537750363585,-13096.703096788653,7824.10835209262
1,2019-09,2020-01,contractssum_5085716L,num,0.0,-1.0,-1.0,0.0,0.0,0.0,0.0,-1.0,1.0
1,2019-09,2020-01,dateofbirth_337D,num,0.0794871699116306,-14648.469897520827,-15088.394672188684,6632.699957646841,5988.582832448436,439.9247746678575,-0.06632665090792599,-14648.469897520827,6632.699957646841
1,2019-09,2020-01,days120_123L,num,0.0653631745826593,1.4670792397697228,1.417618980766531,2.187391178696957,2.004104268946049,0.04946025900319184,-0.022611528968794523,1.4670792397697228,2.187391178696957
1,2019-09,2020-01,days180_256L,num,0.0738671651634481,2.25217181967982,2.137343815807946,3.086369226378659,2.781047511735307,0.11482800387187408,-0.03720488232271732,2.25217181967982,3.086369226378659
1,2019-09,2020-01,days30_165L,num,0.07084136456643218,0.3990420334790206,0.4012073564509336,0.9614468234700474,0.895170847433593,0.002165322971912964,0.0022521505288226914,0.3990420334790206,0.9614468234700474
1,2019-09,2020-01,days360_512L,num,0.04325137257560169,4.479742826665339,4.402084795732136,5.408704538469427,5.170100530696938,0.07765803093320311,-0.014357972483218514,4.479742826665339,5.408704538469427
1,2019-09,2020-01,days90_310L,num,0.05930959520164379,1.082975341078418,1.0573880387477186,1.7406554559079421,1.6142426506496217,0.02558730233069939,-0.014699808766780221,1.082975341078418,1.7406554559079421
1,2019-09,2020-01,firstquarter_103L,num,0.05953103791400727,2.497345669020077,2.3546434086761194,3.57542979021292,3.3637016033919003,0.1427022603439574,-0.03991191792790297,2.497345669020077,3.57542979021292
1,2019-09,2020-01,fourthquarter_440L,num,0.064418716113642,2.2754568811299687,2.4866243155973606,3.278164138313976,3.297923391896225,0.21116743446739195,0.06441637012599359,2.2754568811299687,3.278164138313976
1,2019-09,2020-01,pmtaverage_3A,num,0.27406197417701583,1872.1228838117634,633.1175929923063,4521.000876062737,2813.5418364363118,1239.005290819457,-0.27405552991143983,1872.1228838117634,4521.000876062737
1,2019-09,2020-01,pmtaverage_4527227A,num,0.5083985434696763,344.4113253326897,1415.549215424655,2106.8862290236934,4126.499502565925,1071.1378900919651,0.5083985434696765,344.4113253326897,2106.8862290236934
1,2019-09,2020-01,pmtcount_4527229L,num,0.5655510122943406,-0.7639990536552566,-0.05148813702091815,1.2598526059458495,2.3851630487879283,0.7125109166343384,0.5655510122943408,-0.7639990536552566,1.2598526059458495
1,2019-09,2020-01,pmtcount_693L,num,0.31504488097699895,0.3593993201260133,-0.5246700828302682,2.8061697121205613,1.788415419739203,0.8840694029562814,-0.3150448809769989,0.3593993201260133,2.8061697121205613
1,2019-09,2020-01,pmtscount_423L,num,0.7335457689584717,4.364301219871579,0.9106310543310403,4.708186335045254,3.8235323754866917,3.4536701655405384,-0.7335457689584715,4.364301219871579,4.708186335045254
1,2019-09,2020-01,pmtssum_45A,num,0.39441536313341397,10438.4712028523,3676.850931505001,17143.634261541152,11302.485036009492,6761.620271347299,-0.3944099697994522,10438.4712028523,17143.634261541152
1,2019-09,2020-01,responsedate_1012D,num,3.7318035569979884,13.443586646577595,4.064105713884599,2.5135072464358768,7.061948391336725,9.379480932692996,-3.731630750614699,13.443586646577595,2.5135072464358768
1,2019-09,2020-01,responsedate_4527233D,num,1.6159619916146122,1.9151859276876397,11.500273761055736,5.931505742774935,5.560500265170062,9.585087833368096,1.6159619916146124,1.9151859276876397,5.931505742774935
1,2019-09,2020-01,responsedate_4917613D,num,0.0,-1.0,-1.0,0.0,0.0,0.0,0.0,-1.0,1.0
1,2019-09,2020-01,secondquarter_766L,num,0.041068854566134294,2.487404898579238,2.4186789274182225,3.397623181139058,3.2737998802833173,0.06872597116101531,-0.02022766136707804,2.487404898579238,3.397623181139058
1,2019-09,2020-01,thirdquarter_1082L,num,0.12002792865419618,2.365480000166025,2.753853713323038,3.2356945380264674,3.463122374718866,0.38837371315701263,0.12002792865419604,2.365480000166025,3.2356945380264674
1,2019-09,2020-01,applprev_1_max_actualdpd_943P,num,0.19415049947048119,-0.20673482009073288,-0.07992769900322898,0.6531382686804055,16.972634365498322,0.12680712108750392,0.19415049947035543,-0.20673482009073288,0.6531382686804055
1,2019-09,2020-01,applprev_1_min_actualdpd_943P,num,0.14096728741046152,-0.21842715843388247,-0.15863400252702514,0.4241633431791729,13.647409394036897,0.059793155906857326,0.14096728741031211,-0.21842715843388247,0.4241633431791729
1,2019-09,2020-01,applprev_1_mean_actualdpd_943P,num,0.16825656204435285,-0.21556588289695602,-0.1390546304125129,0.45472967921678853,13.973428802403442,0.07651125248444313,0.16825656204412168,-0.21556588289695602,0.45472967921678853
1,2019-09,2020-01,applprev_1_std_actualdpd_943P,num,0.07256883145072336,-0.37306808876002523,-0.332749548839714,0.5555903149366537,5.250502300413148,0.0403185399203112,0.07256883145075733,-0.37306808876002523,0.5555903149366537
1,2019-09,2020-01,applprev_1_max_annuity_853A,num,0.024002227473589467,4267.758320846455,4369.146628393866,4230.901857176071,4347.918056608285,101.38830754741139,0.02396375783934713,4267.758320846455,4230.901857176071
1,2019-09,2020-01,applprev_1_min_annuity_853A,num,0.038854223770558055,1412.5656417591097,1339.5851588873018,1914.8581959428404,1890.2722040033104,72.98048287180791,-0.038112734941123765,1412.5656417591097,1914.8581959428404
1,2019-09,2020-01,applprev_1_mean_annuity_853A,num,0.005898766876140651,2624.2887847813363,2618.1764146546193,2367.0494905129335,2354.7994723866605,6.112370126716996,-0.0025822739031081524,2624.2887847813363,2367.0494905129335
1,2019-09,2020-01,applprev_1_std_annuity_853A,num,0.03579309584762198,1201.0095353802726,1259.3116120593395,1629.0194345241912,1684.061709074456,58.302076679066886,0.03578967533686664,1201.0095353802726,1629.0194345241912
1,2019-09,2020-01,applprev_1_max_byoccupationinc_3656910L,num,0.03160143096294443,9969.537748491699,9138.223992058764,26306.2061147714,25293.066683507157,831.3137564329354,-0.031601430962944446,9969.537748491699,26306.2061147714
1,2019-09,2020-01,applprev_1_min_byoccupationinc_3656910L,num,0.018109632323297067,3820.8416376673486,3555.53255601353,14650.163897171577,14231.312207682684,265.30908165381834,-0.018109632323297084,3820.8416376673486,14650.163897171577
1,2019-09,2020-01,applprev_1_mean_byoccupationinc_3656910L,num,0.028852070751133312,6499.508796291371,5991.444940761835,17609.268322953158,17047.26129578041,508.06385552953634,-0.028852070751133378,6499.508796291371,17609.268322953158
1,2019-09,2020-01,applprev_1_std_byoccupationinc_3656910L,num,0.024586138326117113,3132.962512810879,2863.962262872704,10997.829452933836,10602.200172393917,269.00024993817533,-0.024459394564116964,3132.962512810879,10997.829452933836
1,2019-09,2020-01,applprev_1_max_childnum_21L,num,0.028512444931767404,0.47261618664574745,0.42664958584865925,1.6121592135325469,1.6094897156533203,0.0459666007970882,-0.028512444931767408,0.47261618664574745,1.6121592135325469
1,2019-09,2020-01,applprev_1_min_childnum_21L,num,0.025111125318374138,0.08856209557251782,0.06535518742103047,1.2114298033669808,1.230060710244858,0.02320690815148735,-0.019156626398811848,0.08856209557251782,1.2114298033669808
1,2019-09,2020-01,applprev_1_mean_childnum_21L,num,0.025778431158344665,0.24765494806888058,0.2171274223970648,1.3070238494662763,1.3241559448393048,0.03052752567181577,-0.023356517698037184,0.24765494806888058,1.3070238494662763
1,2019-09,2020-01,applprev_1_std_childnum_21L,num,0.035354795101189974,-0.4225252998603328,-0.45284429336173027,0.8575638301571451,0.8416810371512512,0.03031899350139744,-0.03535479510118985,-0.4225252998603328,0.8575638301571451
1,2019-09,2020-01,applprev_1_max_credacc_actualbalance_314A,num,0.0465099904454928,2937.1986453435748,3491.9198840135205,11974.327598741856,13481.578620688575,554.7212386699457,0.04632587793307328,2937.1986453435748,11974.327598741856
1,2019-09,2020-01,applprev_1_min_credacc_actualbalance_314A,num,0.03423948715763666,2596.725247353903,2969.348793329648,10921.879119245958,12047.077461792402,372.62354597574495,0.034117164446466675,2596.725247353903,10921.879119245958
1,2019-09,2020-01,applprev_1_mean_credacc_actualbalance_314A,num,0.04101751792286022,2764.0340482231463,3224.4018005998237,11256.18164223788,12482.162975643625,460.36775237667734,0.04089910477716403,2764.0340482231463,11256.18164223788
1,2019-09,2020-01,applprev_1_max_credacc_credlmt_575A,num,0.06954528478025672,7139.091331236195,8572.737527616258,20614.570792397746,23560.74790894549,1433.646196380063,0.06954528478025669,7139.091331236195,20614.570792397746
1,2019-09,2020-01,applprev_1_min_credacc_credlmt_575A,num,0.013447963266523519,1101.141810249245,1204.2559476356232,7667.639726758309,8339.26008144825,103.11413738637816,0.013447963266522997,1101.141810249245,7667.639726758309
1,2019-09,2020-01,applprev_1_mean_credacc_credlmt_575A,num,0.04719823605946684,2955.947649668236,3429.855848592323,10040.803184402836,11115.528298301479,473.9081989240872,0.04719823605946642,2955.947649668236,10040.803184402836
1,2019-09,2020-01,applprev_1_std_credacc_credlmt_575A,num,0.06310173238551971,2801.1377924329718,3377.571527489369,9134.99064549733,10400.633930131016,576.4337350563974,0.0631017323855196,2801.1377924329718,9134.99064549733
1,2019-09,2020-01,applprev_1_max_credacc_maxhisbal_375A,num,0.04928235516431716,-475.7293983916754,-365.8599662039703,5982.008059594618,9269.29496880687,109.86943218770506,0.018366647301901254,-475.7293983916754,5982.008059594618
1,2019-09,2020-01,applprev_1_min_credacc_maxhisbal_375A,num,0.04981705045770186,-593.5832650599458,-587.8290223283499,5957.761789078674,8749.76623993031,5.754242731595923,0.0009658396786095363,-593.5832650599458,5957.761789078674
1,2019-09,2020-01,applprev_1_mean_credacc_maxhisbal_375A,num,0.049843690219478404,-533.7242951978908,-476.3190069790249,5792.05993307266,8663.56932349472,57.405288218865905,0.009911031460686677,-533.7242951978908,5792.05993307266
1,2019-09,2020-01,applprev_1_max_credacc_minhisbal_90A,num,0.027096163202980465,-863.5755890305104,-1010.1279860294915,6335.727848737754,7362.6289038307295,146.55239699898107,-0.023131106716993567,-863.5755890305104,6335.727848737754
1,2019-09,2020-01,applprev_1_min_credacc_minhisbal_90A,num,0.0380179219625214,-1002.0298123974055,-1241.9940454893824,6847.833888238204,8186.127136078028,239.9642330919769,-0.03504235602211934,-1002.0298123974055,6847.833888238204
1,2019-09,2020-01,applprev_1_mean_credacc_minhisbal_90A,num,0.032900353878648786,-929.9973373367949,-1119.8463222222092,6453.678850355995,7551.759858438503,189.84898488541432,-0.029417172637114096,-929.9973373367949,6453.678850355995
1,2019-09,2020-01,applprev_1_max_credacc_transactions_402L,num,0.07803700475598799,-0.8016121065717001,-0.7188930226028358,1.0599981922360655,1.635720073499513,0.0827190839688643,0.07803700475598778,-0.8016121065717001,1.0599981922360655
1,2019-09,2020-01,applprev_1_min_credacc_transactions_402L,num,0.0656732976581896,-0.8155084320146766,-0.7547943282324863,0.9244869063556259,1.2738541700989507,0.06071410378219033,0.06567329765818793,-0.8155084320146766,0.9244869063556259
1,2019-09,2020-01,applprev_1_mean_credacc_transactions_402L,num,0.07338179710840066,-0.8089915202554595,-0.7385532659730699,0.959887288919056,1.3606747475824046,0.07043825428238959,0.07338179710839926,-0.8089915202554595,0.959887288919056
1,2019-09,2020-01,applprev_1_max_credamount_590A,num,0.05461307535501326,51681.950154438884,54598.67390911641,53407.059311663535,57959.64498544743,2916.7237546775286,0.05461307535501299,51681.950154438884,53407.059311663535
1,2019-09,2020-01,applprev_1_min_credamount_590A,num,0.02359155598181227,14260.928320994173,14099.837689438426,19569.45734259668,20540.730035027318,161.09063155574768,-0.0082317372799655,14260.928320994173,19569.45734259668
1,2019-09,2020-01,applprev_1_mean_credamount_590A,num,0.029296329692155218,28754.18243095147,29535.732302579763,26677.398835990156,28012.42301778898,781.5498716282927,0.029296329692155492,28754.18243095147,26677.398835990156
1,2019-09,2020-01,applprev_1_std_credamount_590A,num,0.051550403769908756,15733.417894648963,16809.46094766936,20873.610570020614,22506.607127351108,1076.0430530203957,0.05155040376990865,15733.417894648963,20873.610570020614
1,2019-09,2020-01,applprev_1_max_currdebt_94A,num,0.011848533730882821,12544.012605074007,12748.389411241626,28967.528503849368,29963.97186763705,204.37680616761827,0.007055376027004152,12544.012605074007,28967.528503849368
1,2019-09,2020-01,applprev_1_min_currdebt_94A,num,0.008500446544990388,1507.52486874697,1491.6143638345336,8642.364994406113,8933.976859376584,15.910504912436409,-0.0018409896970024637,1507.52486874697,8642.364994406113
1,2019-09,2020-01,applprev_1_mean_currdebt_94A,num,0.009768053692974059,4402.8658916794575,4440.06513408625,11450.346599522145,11857.467991868965,37.19924240679211,0.0032487437898468976,4402.8658916794575,11450.346599522145
1,2019-09,2020-01,applprev_1_std_currdebt_94A,num,0.009708736565610651,5260.080280975997,5354.381002031464,13463.244815635948,13885.84107162056,94.30072105546697,0.007004308570987877,5260.080280975997,13463.244815635948
1,2019-09,2020-01,applprev_1_max_downpmt_134A,num,0.01678218909189934,1285.6380548595089,1362.8408061825596,4656.726444213073,4888.543995877706,77.20275132305073,0.01657876026172652,1285.6380548595089,4656.726444213073
1,2019-09,2020-01,applprev_1_min_downpmt_134A,num,0.0024163878166269287,144.25685798939494,145.40669598738324,1808.5163896127647,1741.3106310048418,1.1498379979882998,0.0006357907534553781,144.25685798939494,1808.5163896127647
1,2019-09,2020-01,applprev_1_mean_downpmt_134A,num,0.0074693697668830935,440.5809701566279,455.21691229030023,2213.8517138060965,2205.4037956134553,14.635942133672302,0.006611076090778415,440.5809701566279,2213.8517138060965
1,2019-09,2020-01,applprev_1_std_downpmt_134A,num,0.014523758679371715,513.6995226934997,542.903340047092,2011.4812516247716,2127.9568063249662,29.203817353592285,0.01451856303905539,513.6995226934997,2011.4812516247716
1,2019-09,2020-01,applprev_1_mean_isbidproduct_390L,num,0.018584386189341426,-0.187569776105355,-0.1846637721574079,0.4396140173265463,0.433239521623809,0.0029060039479471,0.006610353249470008,-0.187569776105355,0.4396140173265463
1,2019-09,2020-01,applprev_1_std_isbidproduct_390L,num,0.021324377028101773,-0.31487555319555394,-0.3107132343649362,0.5543795188053805,0.5475161909560801,0.0041623188306177394,0.007508067468991321,-0.31487555319555394,0.5543795188053805
1,2019-09,2020-01,applprev_1_mean_isdebitcard_527L,num,0.10712434003464333,-0.7863228988800562,-0.7362284231991638,0.4676292583430827,0.5213355180452718,0.050094475680892425,0.10712434003464325,-0.7863228988800562,0.4676292583430827
1,2019-09,2020-01,applprev_1_std_isdebitcard_527L,num,0.08030687368848946,-0.9575894264021511,-0.9400821354173758,0.21800488775949584,0.2655236999554806,0.017507290984775215,0.08030687368848974,-0.9575894264021511,0.21800488775949584
1,2019-09,2020-01,applprev_1_max_mainoccupationinc_437A,num,0.052656294042030066,48403.29240032866,50666.38432911258,42978.56448039283,44276.7989570436,2263.0919287839206,0.05265629404203022,48403.29240032866,42978.56448039283
1,2019-09,2020-01,applprev_1_min_mainoccupationinc_437A,num,0.03312500633175525,19202.11788969624,19939.345417949884,22255.921127082125,22772.142678135147,737.227528253643,0.033125006331755344,19202.11788969624,22255.921127082125
1,2019-09,2020-01,applprev_1_mean_mainoccupationinc_437A,num,0.05125578994672897,31474.674595346245,32845.97798673254,26754.116809271953,27392.23170741613,1371.3033913862964,0.051255789946729066,31474.674595346245,26754.116809271953
1,2019-09,2020-01,applprev_1_std_mainoccupationinc_437A,num,0.032330108485119934,12484.31690944745,12998.805852882746,15962.516636878056,16265.915761531502,514.4889434352954,0.032231067013999304,12484.31690944745,15962.516636878056
1,2019-09,2020-01,applprev_1_max_maxdpdtolerance_577P,num,0.027516169344022443,24.03815678608043,29.158570826898778,186.0874592244323,211.22088608504774,5.120414040818346,0.027516169344022418,24.03815678608043,186.0874592244323
1,2019-09,2020-01,applprev_1_min_maxdpdtolerance_577P,num,0.010725679047648125,9.17077787047529,10.601095044222939,133.3544633764959,146.2185721244845,1.4303171737476497,0.01072567904764819,9.17077787047529,133.3544633764959
1,2019-09,2020-01,applprev_1_mean_maxdpdtolerance_577P,num,0.018927396088628905,14.911715740769203,17.651644310072456,144.75993192477898,159.8177581144129,2.7399285693032525,0.018927396088628933,14.911715740769203,144.75993192477898
1,2019-09,2020-01,applprev_1_std_maxdpdtolerance_577P,num,0.025791143205585794,8.108509828623538,10.215748263857385,81.70395621615825,95.25165871414602,2.107238435233848,0.02579114320558578,8.108509828623538,81.70395621615825
1,2019-09,2020-01,applprev_1_max_outstandingdebt_522A,num,0.009947872004404078,16916.01764098023,16965.767869650786,44717.7011899755,45773.46424401553,49.75022867055668,0.0011125399416039153,16916.01764098023,44717.7011899755
1,2019-09,2020-01,applprev_1_min_outstandingdebt_522A,num,0.006971067918721611,1817.3380190830492,1766.8375245383659,11476.548593116686,11650.218927703901,50.500494544683306,-0.004400320717935364,1817.3380190830492,11476.548593116686
1,2019-09,2020-01,applprev_1_mean_outstandingdebt_522A,num,0.006797986036116865,5673.722909698826,5634.578294543331,16101.396698828501,16396.883245346005,39.14461515549465,-0.0024311316519729444,5673.722909698826,16101.396698828501
1,2019-09,2020-01,applprev_1_std_outstandingdebt_522A,num,0.007333088663642947,7114.589168572666,7140.153757016732,20500.671034053204,20892.031228998974,25.56458844406643,0.0012470122759202207,7114.589168572666,20500.671034053204
1,2019-09,2020-01,applprev_1_max_pmtnum_8L,num,0.028809956015481822,16.798055012514165,17.218485890776357,14.593249570956111,14.781320482002931,0.4204308782621915,0.028809956015481614,16.798055012514165,14.593249570956111
1,2019-09,2020-01,applprev_1_min_pmtnum_8L,num,0.010432376353321633,6.72279155096772,6.733984978239506,7.049876027929492,7.063601904402353,0.011193427271785517,0.0015877481004546064,6.72279155096772,7.049876027929492
1,2019-09,2020-01,applprev_1_mean_pmtnum_8L,num,0.018094714788246112,11.082875576972539,11.245204830785557,9.149650178575195,9.15189980838672,0.16232925381301833,0.017741580349501036,11.082875576972539,9.149650178575195
1,2019-09,2020-01,applprev_1_std_pmtnum_8L,num,0.02647068512294688,3.953206254808055,4.099107725313293,5.511847395203685,5.581222030475566,0.14590147050523816,0.026470520688254017,3.953206254808055,5.511847395203685
1,2019-09,2020-01,applprev_1_max_revolvingaccount_394A,num,0.09172549110985928,98984779.15508017,122184894.67308016,252929858.83513317,278066381.42230093,23200115.51799999,0.09172549110985936,98984779.15508017,252929858.83513317
1,2019-09,2020-01,applprev_1_min_revolvingaccount_394A,num,0.09141863516722135,98240759.85708535,121201890.83087884,251164666.06390902,275991556.7765064,22961130.97379349,0.0914186351672214,98240759.85708535,251164666.06390902
1,2019-09,2020-01,applprev_1_mean_revolvingaccount_394A,num,0.09160707444885222,98620147.2612368,121706933.51469184,252019687.26056454,277006184.23959273,23086786.253455043,0.09160707444885244,98620147.2612368,252019687.26056454
1,2019-09,2020-01,applprev_1_n_unique_cancelreason_3545846M,num,0.03623279198898211,1.1019686461044216,1.1509722027235716,1.3524642714271395,1.3815420107981473,0.04900355661915001,0.03623279198898228,1.1019686461044216,1.3524642714271395
1,2019-09,2020-01,applprev_1_n_unique_district_544M,num,0.05277008487514963,0.8055842641131961,0.8622350133370771,1.0737334116739385,1.1018733310371676,0.056650749223881025,0.05276053497819643,0.8055842641131961,1.0737334116739385
1,2019-09,2020-01,applprev_1_n_unique_education_1138M,num,0.01954630579095242,1.1794983542732862,1.204074828021901,1.2803576461858996,1.2749972391596607,0.024576473748614713,0.01919500681846701,1.1794983542732862,1.2803576461858996
1,2019-09,2020-01,applprev_1_n_unique_postype_4733339M,num,0.3019791039260475,0.5614356215783204,0.8113294959988768,0.8275204183722388,1.1455280053393855,0.24989387442055644,0.3019791039260473,0.5614356215783204,0.8275204183722388
1,2019-09,2020-01,applprev_1_n_unique_profession_152M,num,0.014444764987400886,0.6047599480340518,0.6142741822265899,0.8786164502741671,0.8693288508514259,0.009514234192538162,0.010828654744136992,0.6047599480340518,0.8786164502741671
1,2019-09,2020-01,applprev_1_n_unique_rejectreason_755M,num,0.028789292248426725,1.106629809029291,1.146202442790959,1.3750272744279965,1.3973985967292515,0.039572633761667975,0.028779526412034236,1.106629809029291,1.3750272744279965
1,2019-09,2020-01,applprev_1_n_unique_rejectreasonclient_4145042M,num,0.03204555829975052,0.9113756449048882,0.9479538115962376,1.1414426407928753,1.158669243065413,0.03657816669134939,0.03204555829975062,0.9113756449048882,1.1414426407928753
1,2019-09,2020-01,applprev_1_max_approvaldate_319D,num,0.0138500755212494,-426.86713817878444,-430.3054857503861,799.4540815536296,813.1871693390149,3.438347571601639,-0.004300869369407285,-426.86713817878444,799.4540815536296
1,2019-09,2020-01,applprev_1_min_approvaldate_319D,num,0.01859917971278245,-1206.172259647113,-1230.8070195142495,1422.7578778531292,1446.9872665247026,24.63475986713661,-0.017314794211021507,-1206.172259647113,1422.7578778531292
1,2019-09,2020-01,applprev_1_mean_approvaldate_319D,num,0.011063311387987338,-785.0457491970467,-795.4692987834304,962.5741683015956,975.9503271465364,10.423549586383729,-0.01082882746040802,-785.0457491970467,962.5741683015956
1,2019-09,2020-01,applprev_1_std_approvaldate_319D,num,0.023178674134974257,-8359.29912481027,-8560.00326819055,8659.000174537076,8719.200135017161,200.70414338028058,-0.023178674134974313,-8359.29912481027,8659.000174537076
1,2019-09,2020-01,applprev_1_min_creationdate_885D,num,0.026016043171452483,-1446.5078882815126,-1484.5114593570124,1465.2508954608747,1491.6443963073257,38.00357107549985,-0.025936562259220693,-1446.5078882815126,1465.2508954608747
1,2019-09,2020-01,applprev_1_mean_creationdate_885D,num,0.018160063976040093,-858.2992649387834,-874.7051514014624,903.7042933009179,919.1157459289108,16.405886462679064,-0.018154042848191037,-858.2992649387834,903.7042933009179
1,2019-09,2020-01,applprev_1_std_creationdate_885D,num,0.024520341013647105,-10786.688512945408,-10993.167393982714,8420.71816710814,8437.248848136544,206.47888103730656,-0.024520341013647293,-10786.688512945408,8420.71816710814
1,2019-09,2020-01,applprev_1_max_dateactivated_425D,num,0.0143058339029834,-436.7972207349114,-441.56308086480414,812.388328387953,826.4635017377631,4.765860129892758,-0.005866480306714647,-436.7972207349114,812.388328387953
1,2019-09,2020-01,applprev_1_min_dateactivated_425D,num,0.018543389779168976,-1191.0262818198044,-1215.4117541766109,1419.5845945780015,1443.9061713717829,24.38547235680653,-0.01717789306107226,-1191.0262818198044,1419.5845945780015
1,2019-09,2020-01,applprev_1_mean_dateactivated_425D,num,0.011807483927055301,-784.7422880434543,-796.08319089569,972.1742944215604,986.3074399670285,11.340902852235672,-0.011665503724292012,-784.7422880434543,972.1742944215604
1,2019-09,2020-01,applprev_1_std_dateactivated_425D,num,0.02176658268815946,-8125.759227603012,-8313.979562612285,8647.215674863835,8710.576177818572,188.22033500927319,-0.021766582688159564,-8125.759227603012,8647.215674863835
1,2019-09,2020-01,applprev_1_max_dtlastpmt_581D,num,0.03919004101870664,-154.90619565262506,-165.30258318124385,265.53462159020575,284.1923964633163,10.396387528618789,-0.039152662904588485,-154.90619565262506,265.53462159020575
1,2019-09,2020-01,applprev_1_min_dtlastpmt_581D,num,0.08386839013689974,-305.3651562506485,-339.9372560718798,412.23921245242525,449.06191791964847,34.57209982123129,-0.08386417103691005,-305.3651562506485,412.23921245242525
1,2019-09,2020-01,applprev_1_mean_dtlastpmt_581D,num,0.07052460636950317,-227.68382085944341,-249.51477853843843,309.6151963966468,333.0495472143106,21.83095767899502,-0.07050996828665822,-227.68382085944341,309.6151963966468
1,2019-09,2020-01,applprev_1_std_dtlastpmt_581D,num,0.04807274992037153,-4751.334459363275,-5129.483193802208,7866.176473476238,8084.480337241558,378.1487344389334,-0.04807274992037155,-4751.334459363275,7866.176473476238
1,2019-09,2020-01,applprev_1_max_dtlastpmtallstes_3545839D,num,0.048941560912849326,-88.39910429300161,-99.21660115120034,221.36444272237983,242.32921846468756,10.817496858198723,-0.04886736426665094,-88.39910429300161,221.36444272237983
1,2019-09,2020-01,applprev_1_min_dtlastpmtallstes_3545839D,num,0.08462503568296181,-309.94402453855315,-344.9601326688193,413.7795375525756,450.38560445491714,35.01610813026616,-0.08462503568296184,-309.94402453855315,413.7795375525756
1,2019-09,2020-01,applprev_1_mean_dtlastpmtallstes_3545839D,num,0.07849797945053709,-190.48065447469565,-211.62271871613632,269.35799483706916,293.515411333727,21.142064241440664,-0.07849057628391241,-190.48065447469565,269.35799483706916
1,2019-09,2020-01,applprev_1_std_dtlastpmtallstes_3545839D,num,0.03708147256124729,-6662.674470087153,-6981.71991232942,8603.904327566877,8721.268362251474,319.0454422422672,-0.0370814725612472,-6662.674470087153,8603.904327566877
1,2019-09,2020-01,applprev_1_max_employedfrom_700D,num,0.026828705274127968,-2035.9137249042242,-2097.154478450091,2595.001464432877,2583.3354578697426,61.24075354586694,-0.023599506352976474,-2035.9137249042242,2595.001464432877
1,2019-09,2020-01,applprev_1_min_employedfrom_700D,num,0.0264457707887073,-2417.3844567026526,-2485.690909729047,2885.0564846023663,2874.739618095966,68.30645302639414,-0.023675949982590545,-2417.3844567026526,2885.0564846023663
1,2019-09,2020-01,applprev_1_mean_employedfrom_700D,num,0.027523559999467904,-2228.6404003793164,-2294.5579339705005,2693.016416902628,2681.43029331146,65.91753359118411,-0.02447721193879655,-2228.6404003793164,2693.016416902628
1,2019-09,2020-01,applprev_1_std_employedfrom_700D,num,0.020236399696469762,-6182.875622700613,-6352.608725691504,8387.514851295477,8481.937518723056,169.73310299089098,-0.02023639969646971,-6182.875622700613,8387.514851295477
1,2019-09,2020-01,applprev_1_max_firstnonzeroinstldate_307D,num,0.020511512462879692,-383.4347084386557,-395.5286325986242,734.2852562986269,757.2395909897637,12.09392415996848,-0.01647033500431608,-383.4347084386557,734.2852562986269
1,2019-09,2020-01,applprev_1_min_firstnonzeroinstldate_307D,num,0.024471525921590638,-1410.2041157695069,-1445.7290993963218,1465.3885073527622,1493.287803727203,35.5249836268149,-0.024242706591845128,-1410.2041157695069,1465.3885073527622
1,2019-09,2020-01,applprev_1_mean_firstnonzeroinstldate_307D,num,0.022595176790210097,-856.0507581458803,-877.0588414552221,929.8119075214693,951.7766020651927,21.008083309341828,-0.02259390650883523,-856.0507581458803,929.8119075214693
1,2019-09,2020-01,applprev_1_std_firstnonzeroinstldate_307D,num,0.016675268871007735,-10272.500231803228,-10414.64094075818,8524.04300371323,8561.939663665607,142.14070895495206,-0.01667526887100792,-10272.500231803228,8524.04300371323
1,2019-09,2020-01,tax_a_1_max_amount_4527230A,num,0.8362212220425944,523.9998059285265,2407.280799142421,2252.172754648121,4421.470893846649,1883.2809932138946,0.8362062765065897,523.9998059285265,2252.172754648121
1,2019-09,2020-01,tax_a_1_min_amount_4527230A,num,0.7297361518382355,174.21097391672845,806.3668559069108,866.2800662921194,1712.2555469994043,632.1558819901824,0.729736151838235,174.21097391672845,866.2800662921194
1,2019-09,2020-01,tax_a_1_mean_amount_4527230A,num,0.8667618944953935,308.9742178094276,1438.3324403813042,1302.9624741744792,2555.441339084329,1129.3582225718765,0.8667618944953932,308.9742178094276,1302.9624741744792
1,2019-09,2020-01,tax_a_1_std_amount_4527230A,num,0.7194393901316899,125.8627821876414,579.3826190683576,630.3794914505606,1272.5557618363123,453.5198368807162,0.7194393901316899,125.8627821876414,630.3794914505606
1,2019-09,2020-01,tax_a_1_n_unique_name_4527232M,num,1.258053265067044,-0.6857595869288208,0.37980836726098555,0.8469974871318504,1.291091461162533,1.0655679541898064,1.2580532650670446,-0.6857595869288208,0.8469974871318504
1,2019-09,2020-01,tax_a_1_max_recorddate_4527225D,num,1.32058241100195,0.9660353551075637,7.647357152885021,5.059375122759825,7.395484792612301,6.681321797777457,1.3205824110019502,0.9660353551075637,5.059375122759825
1,2019-09,2020-01,tax_a_1_std_recorddate_4527225D,num,1.3008625571789743,-2289.3435231418644,-10127.22663554682,6025.143139950188,9050.593661798423,7837.883112404956,-1.3008625571789743,-2289.3435231418644,6025.143139950188
1,2019-09,2020-01,tax_b_1_max_amount_4917619A,num,0.0,-1.0,-1.0,0.0,0.0,0.0,0.0,-1.0,1.0
1,2019-09,2020-01,tax_b_1_min_amount_4917619A,num,0.0,-1.0,-1.0,0.0,0.0,0.0,0.0,-1.0,1.0
1,2019-09,2020-01,tax_b_1_mean_amount_4917619A,num,0.0,-1.0,-1.0,0.0,0.0,0.0,0.0,-1.0,1.0
1,2019-09,2020-01,tax_b_1_std_amount_4917619A,num,0.0,-1.0,-1.0,0.0,0.0,0.0,0.0,-1.0,1.0
1,2019-09,2020-01,tax_b_1_n_unique_name_4917606M,num,0.0,-1.0,-1.0,0.0,0.0,0.0,0.0,-1.0,1.0
1,2019-09,2020-01,tax_b_1_max_deductiondate_4917603D,num,0.0,-1.0,-1.0,0.0,0.0,0.0,0.0,-1.0,1.0
1,2019-09,2020-01,tax_b_1_min_deductiondate_4917603D,num,0.0,-1.0,-1.0,0.0,0.0,0.0,0.0,-1.0,1.0
1,2019-09,2020-01,tax_b_1_mean_deductiondate_4917603D,num,0.0,-1.0,-1.0,0.0,0.0,0.0,0.0,-1.0,1.0
1,2019-09,2020-01,tax_b_1_std_deductiondate_4917603D,num,0.0,-1.0,-1.0,0.0,0.0,0.0,0.0,-1.0,1.0
1,2019-09,2020-01,tax_c_1_max_pmtamount_36A,num,0.3687707396220011,2575.6505656908334,922.7819891814249,4482.10337458888,2902.585654822951,1652.8685765094085,-0.36877073962200113,2575.6505656908334,4482.10337458888
1,2019-09,2020-01,tax_c_1_min_pmtamount_36A,num,0.33915943584384717,895.4368981019197,308.3347115437951,1731.0507227887747,1105.2232184876113,587.1021865581247,-0.33915943584384717,895.4368981019197,1731.0507227887747
1,2019-09,2020-01,tax_c_1_mean_pmtamount_36A,num,0.3958065298982676,1557.491446329255,543.9479629022134,2560.7043401771857,1664.0214602822082,1013.5434834270417,-0.3958065238241875,1557.491446329255,2560.7043401771857
1,2019-09,2020-01,tax_c_1_std_pmtamount_36A,num,0.30618746178805567,618.0833956884618,221.10212796856797,1296.5301237406188,817.0271202734071,396.9812677198938,-0.30618746178805567,618.0833956884618,1296.5301237406188
1,2019-09,2020-01,tax_c_1_n_unique_employername_160M,num,0.7969661782325715,0.5622076396584857,-0.44883476063456407,1.2686139360835038,1.0606884853560463,1.0110424002930498,-0.7969661782325715,0.5622076396584857,1.2686139360835038
1,2019-09,2020-01,tax_c_1_max_processingdate_168D,num,0.3034494070040944,-4.926056440332549,-0.32427699003228977,22.98922790601692,11.265898195483116,4.601779450300259,0.20017111793023049,-4.926056440332549,22.98922790601692
1,2019-09,2020-01,tax_c_1_min_processingdate_168D,num,0.7886272215774167,-73.76795045802255,-14.40807595114418,75.26987768460036,45.92588366856519,59.35987450687837,0.7886272215774166,-73.76795045802255,75.26987768460036
1,2019-09,2020-01,tax_c_1_mean_processingdate_168D,num,0.74835465924757,-39.38362557855958,-7.386220762077952,42.757006215012126,25.793097843415865,31.99740481648163,0.7483546592475699,-39.38362557855958,42.757006215012126
1,2019-09,2020-01,tax_c_1_std_processingdate_168D,num,0.8386603097035614,-11332.922307809069,-4021.2769094792507,8720.356889867298,7528.430093624155,7311.645398329818,0.838457128609685,-11332.922307809069,8720.356889867298
1,2019-09,2020-01,credit_a_1_max_annualeffectiverate_199L,num,0.038765246326689144,93.17568561797019,183.35747128247667,2326.3565747657426,3340.6036595540572,90.18178566450648,0.038765246326688985,93.17568561797019,2326.3565747657426
1,2019-09,2020-01,credit_a_1_min_annualeffectiverate_199L,num,0.013760698000448723,21.378178562600247,35.80418098785573,1048.3481597215953,1357.1115087163298,14.426002425255483,0.013760698000449132,21.378178562600247,1048.3481597215953
1,2019-09,2020-01,credit_a_1_mean_annualeffectiverate_199L,num,0.02871288838462993,45.62259324324313,83.67920629728981,1325.4191826419644,1785.4136817734275,38.05661305404668,0.028712888384630323,45.62259324324313,1325.4191826419644
1,2019-09,2020-01,credit_a_1_std_annualeffectiverate_199L,num,0.03530284098938327,32.58799053190997,67.54525817589895,990.211174633247,1445.5395628633305,34.95726764398898,0.03530284098938431,32.58799053190997,990.211174633247
1,2019-09,2020-01,credit_a_1_max_annualeffectiverate_63L,num,0.006729992583695637,16.129931530536215,21.885224296756952,855.4502059555793,1020.0478022628099,5.755292766220737,0.006727794003850635,16.129931530536215,855.4502059555793
1,2019-09,2020-01,credit_a_1_min_annualeffectiverate_63L,num,0.00233752242803997,9.819804714514184,11.286566874936005,630.6696528360023,668.5785225083423,1.4667621604218208,0.0023257218003531143,9.819804714514184,630.6696528360023
1,2019-09,2020-01,credit_a_1_mean_annualeffectiverate_63L,num,0.004853934682426331,12.526624445059404,15.814582099260823,678.3883219260977,748.7820808713125,3.287957654201419,0.004846719125214545,12.526624445059404,678.3883219260977
1,2019-09,2020-01,credit_a_1_max_contractsum_5085717L,num,0.0,-1.0,-1.0,0.0,0.0,0.0,0.0,-1.0,1.0
1,2019-09,2020-01,credit_a_1_min_contractsum_5085717L,num,0.0,-1.0,-1.0,0.0,0.0,0.0,0.0,-1.0,1.0
1,2019-09,2020-01,credit_a_1_mean_contractsum_5085717L,num,0.0,-1.0,-1.0,0.0,0.0,0.0,0.0,-1.0,1.0
1,2019-09,2020-01,credit_a_1_std_contractsum_5085717L,num,0.0,-1.0,-1.0,0.0,0.0,0.0,0.0,-1.0,1.0
1,2019-09,2020-01,credit_a_1_max_credlmt_230A,num,0.03665483539646892,13036.129512968642,21308.10053729588,225672.02757452842,702338.1845620526,8271.971024327237,0.03665483539644899,13036.129512968642,225672.02757452842
1,2019-09,2020-01,credit_a_1_min_credlmt_230A,num,0.01623469479167626,6452.886264434875,9124.62284390499,170572.55018564092,249591.2494326636,2671.7365794701154,0.0156633442870049,6452.886264434875,170572.55018564092
1,2019-09,2020-01,credit_a_1_mean_credlmt_230A,num,0.027920228635954947,9262.174101031247,14213.433590205366,177335.9220561313,375983.71216748905,4951.259489174119,0.027920228635949576,9262.174101031247,177335.9220561313
1,2019-09,2020-01,credit_a_1_std_credlmt_230A,num,0.04551223274767319,3752.286844759429,7001.376009282626,71389.3599230425,334824.15027567087,3249.089164523197,0.04551223274764901,3752.286844759429,71389.3599230425
1,2019-09,2020-01,credit_a_1_max_credlmt_935A,num,0.009754337247908444,62081.90197796002,91867.49426635342,3053574.1723306375,6659855.432487692,29785.592288393396,0.009754337247901063,62081.90197796002,3053574.1723306375
1,2019-09,2020-01,credit_a_1_min_credlmt_935A,num,0.011682954030248945,28149.653602396713,31195.601027669993,301722.18479099526,313675.90960246715,3045.94742527328,0.010095205386979502,28149.653602396713,301722.18479099526
1,2019-09,2020-01,credit_a_1_mean_credlmt_935A,num,0.008445000780762619,43790.94807470863,56742.54825626679,1533641.0875266572,2529197.762682766,12951.600181558162,0.008445000780753432,43790.94807470863,1533641.0875266572
1,2019-09,2020-01,credit_a_1_std_credlmt_935A,num,0.006980954571788359,21421.7889618201,36089.91436722409,2101163.2799776704,3912464.9771879353,14668.12540540399,0.006980954571774104,21421.7889618201,2101163.2799776704
1,2019-09,2020-01,credit_a_1_max_debtoutstand_525A,num,0.013533937453648393,170553.65009741977,189596.97140949866,1583071.5421355478,1179022.0163544107,19043.321312078886,0.012029349783137175,170553.65009741977,1583071.5421355478
1,2019-09,2020-01,credit_a_1_max_debtoverdue_47A,num,0.002311320158360536,2205.624272031941,1920.153829086672,198331.15763664746,152851.3435251411,285.47044294526904,-0.0014393625608149028,2205.624272031941,198331.15763664746
1,2019-09,2020-01,credit_a_1_max_dpdmax_139P,num,0.009807442284069611,19.43071137730516,20.957093219149236,162.59322021477573,173.1175531599141,1.5263818418440778,0.0093877336326067,19.43071137730516,162.59322021477573
1,2019-09,2020-01,credit_a_1_min_dpdmax_139P,num,0.005170729883325222,9.219348599368274,9.713344096588516,115.42907462338708,121.13385796682851,0.49399549722024183,0.004279645304547503,9.219348599368274,115.42907462338708
1,2019-09,2020-01,credit_a_1_mean_dpdmax_139P,num,0.007517606572664655,13.61651233297546,14.483939746327314,126.67327328229891,133.0556464278272,0.8674274133518534,0.006847753996367804,13.61651233297546,126.67327328229891
1,2019-09,2020-01,credit_a_1_std_dpdmax_139P,num,0.007851219176747668,5.903909851207212,6.470939172503006,72.86454826521202,77.40635580347144,0.5670293212957942,0.007781964409247741,5.903909851207212,72.86454826521202
1,2019-09,2020-01,credit_a_1_max_dpdmax_757P,num,0.08911590530537494,121.225462484487,172.20512775515934,575.7186362746244,638.2671417777658,50.97966527067234,0.0885496179184904,121.225462484487,575.7186362746244
1,2019-09,2020-01,credit_a_1_min_dpdmax_757P,num,0.03376404265614357,14.887243853947462,19.696988628386915,142.5270544899146,165.0085021124541,4.809744774439453,0.03374618798973213,14.887243853947462,142.5270544899146
1,2019-09,2020-01,credit_a_1_mean_dpdmax_757P,num,0.08095163824954785,42.74162325521686,59.054232726228285,201.96060779283656,230.05610453221615,16.312609471011427,0.08077124370582345,42.74162325521686,201.96060779283656
1,2019-09,2020-01,credit_a_1_std_dpdmax_757P,num,0.08166029385125687,46.78620582256376,66.80754924759628,246.95415916381924,274.4651280194113,20.021343425032526,0.08107311694131537,46.78620582256376,246.95415916381924
1,2019-09,2020-01,credit_a_1_max_dpdmaxdatemonth_442T,num,0.4400228102161254,5.3699045769050375,7.850965183209322,5.638481798445097,4.768943374915425,2.4810606063042844,0.4400228102161254,5.3699045769050375,5.638481798445097
1,2019-09,2020-01,credit_a_1_min_dpdmaxdatemonth_442T,num,0.313084136767709,1.5599579955754233,2.4991260704759233,2.999730630227714,2.9863779967059463,0.9391680749005,0.3130841367677092,1.5599579955754233,2.999730630227714
1,2019-09,2020-01,credit_a_1_mean_dpdmaxdatemonth_442T,num,0.43230365268021076,3.481942757099172,5.211732554500999,4.001330515431499,3.4094260272375814,1.7297897974018275,0.4323036526802108,3.481942757099172,4.001330515431499
1,2019-09,2020-01,credit_a_1_std_dpdmaxdatemonth_442T,num,0.3661545221624924,1.1152036767224036,1.9463708740897674,2.269990255639961,2.1706068033477224,0.8311671973673638,0.36615452216249234,1.1152036767224036,2.269990255639961
1,2019-09,2020-01,credit_a_1_max_dpdmaxdatemonth_89T,num,0.12426812667525765,6.667837145691434,7.024434929102906,4.302430220998923,4.574578889941564,0.3565977834114724,0.08288287435111005,6.667837145691434,4.302430220998923
1,2019-09,2020-01,credit_a_1_min_dpdmaxdatemonth_89T,num,0.12502113770485476,4.311559102964798,4.2044468622771305,3.698836410385865,3.947270094244459,0.10711224068766789,-0.02895836117188375,4.311559102964798,3.698836410385865
1,2019-09,2020-01,credit_a_1_mean_dpdmaxdatemonth_89T,num,0.08913759284748304,5.503648779175592,5.643860900851845,3.708250593884701,3.918341064090956,0.14021212167625308,0.037810853966416876,5.503648779175592,3.708250593884701
1,2019-09,2020-01,credit_a_1_std_dpdmaxdatemonth_89T,num,0.13263871384013975,0.8849468735057558,1.1767970408951944,2.2003392444017926,2.4549499059886513,0.2918501673894386,0.1326387138401397,0.8849468735057558,2.2003392444017926
1,2019-09,2020-01,credit_a_1_max_dpdmaxdateyear_596T,num,0.036369815192550385,1688.456619639974,1715.612600028078,746.6625894119611,721.3103474147171,27.155980388104126,0.03636981519255035,1688.456619639974,746.6625894119611
1,2019-09,2020-01,credit_a_1_min_dpdmaxdateyear_596T,num,0.03648270372620893,1687.9118986248948,1715.1433876175768,746.4218989098468,721.1132694437335,27.23148899268199,0.036482703726208626,1687.9118986248948,746.4218989098468
1,2019-09,2020-01,credit_a_1_mean_dpdmaxdateyear_596T,num,0.036427173529476775,1688.1985961233606,1715.393247829246,746.5484985783947,721.2181443764673,27.194651705885462,0.036427173529476685,1688.1985961233606,746.5484985783947
1,2019-09,2020-01,credit_a_1_std_dpdmaxdateyear_596T,num,0.08011065675038902,-0.16122395387865635,-0.18145602105725905,0.8856886469528339,0.8276276846208412,0.02023206717860271,-0.02284331773723203,-0.16122395387865635,0.8856886469528339
1,2019-09,2020-01,credit_a_1_max_dpdmaxdateyear_896T,num,0.45959537506089787,1206.8589614281505,1661.5746771023446,989.3827056330642,769.3367651442616,454.71571567419414,0.4595953750608979,1206.8589614281505,989.3827056330642
1,2019-09,2020-01,credit_a_1_min_dpdmaxdateyear_896T,num,0.459486599727949,1203.5376441826777,1656.897637933455,986.6664099000947,767.180471674198,453.3599937507772,0.459486599727949,1203.5376441826777,986.6664099000947
1,2019-09,2020-01,credit_a_1_mean_dpdmaxdateyear_896T,num,0.45956892513286657,1205.3337456385098,1659.4494786176958,988.1341146986736,768.3547721256899,454.1157329791861,0.45956892513286657,1205.3337456385098,988.1341146986736
1,2019-09,2020-01,credit_a_1_std_dpdmaxdateyear_896T,num,0.34259932485709366,0.8613595881164781,1.598358372801756,2.151197422799061,2.1521480495715126,0.736998784685278,0.3425993248570936,0.8613595881164781,2.151197422799061
1,2019-09,2020-01,credit_a_1_max_instlamount_768A,num,0.07059755872511647,2456.4330602699447,2808.7608342664726,4992.786070231702,5401.279128637513,352.32777399652787,0.07056736840723024,2456.4330602699447,4992.786070231702
1,2019-09,2020-01,credit_a_1_min_instlamount_768A,num,0.03397192820295737,1659.5013686156908,1794.421363478207,3978.9700658616994,4183.871863841809,134.9199948625162,0.03390827089152717,1659.5013686156908,3978.9700658616994
1,2019-09,2020-01,credit_a_1_mean_instlamount_768A,num,0.05581743904981773,2045.9339034624795,2282.4039138524467,4241.027624276046,4488.508535253669,236.47001038996723,0.05575771519062748,2045.9339034624795,4241.027624276046
1,2019-09,2020-01,credit_a_1_std_instlamount_768A,num,0.06862698395970947,539.2804500792829,679.9016603691414,2049.0658655845473,2320.5054738487097,140.62121028985848,0.06862698395970926,539.2804500792829,2049.0658655845473
1,2019-09,2020-01,credit_a_1_max_instlamount_852A,num,0.08386136460546263,184.39605400747413,284.9606818971892,1203.2652832099725,3307.455448510172,100.56462788971507,0.08357643928813187,184.39605400747413,1203.2652832099725
1,2019-09,2020-01,credit_a_1_min_instlamount_852A,num,0.04877392523839546,107.71926422592426,152.78348723880163,959.947240874409,896.8984614143999,45.06422301287736,0.04694447891930883,107.71926422592426,959.947240874409
1,2019-09,2020-01,credit_a_1_mean_instlamount_852A,num,0.0665004310000529,139.8830400523893,206.82948435398876,1009.296612221946,1245.354333772692,66.94644430159946,0.06632980185499505,139.8830400523893,1009.296612221946
1,2019-09,2020-01,credit_a_1_std_instlamount_852A,num,0.07420435307300305,46.75573201154541,79.95211353469698,447.4813466770069,1633.792016393225,33.196381523151565,0.07418495043350443,46.75573201154541,447.4813466770069
1,2019-09,2020-01,credit_a_1_max_monthlyinstlamount_332A,num,0.02621604836917904,6396.120032370847,7123.07392064286,27729.34646882097,72908.57349495524,726.9538882720126,0.026216048369167428,6396.120032370847,27729.34646882097
1,2019-09,2020-01,credit_a_1_min_monthlyinstlamount_332A,num,0.005713243042247471,2470.5145239667127,2473.27966007794,15652.765137453138,16106.685698829184,2.765136111227548,0.00017665480104925817,2470.5145239667127,15652.765137453138
1,2019-09,2020-01,credit_a_1_mean_monthlyinstlamount_332A,num,0.018406939959194506,4221.427522674552,4547.001479376059,17687.56552819374,41556.598588249195,325.5739567015071,0.018406939959179042,4221.427522674552,17687.56552819374
1,2019-09,2020-01,credit_a_1_std_monthlyinstlamount_332A,num,0.030661307061742967,2266.369466525359,2643.6738748017087,12305.555256234864,41336.38548755983,377.30440827634993,0.03066130706171758,2266.369466525359,12305.555256234864
1,2019-09,2020-01,credit_a_1_max_monthlyinstlamount_674A,num,0.04763392069380446,12982.92336186218,20405.06447235956,163276.60674983333,157615.30064958835,7422.141110497381,0.04545746790211855,12982.92336186218,163276.60674983333
1,2019-09,2020-01,credit_a_1_min_monthlyinstlamount_674A,num,0.03835461789330926,721.0058225598139,1102.732011685087,9952.54835251543,30757.260338318363,381.7261891252731,0.03835461789329511,721.0058225598139,9952.54835251543
1,2019-09,2020-01,credit_a_1_mean_monthlyinstlamount_674A,num,0.07900789427260649,3317.250019939953,5187.96799534475,23680.639968825955,43064.67712342033,1870.7179754047975,0.07899777953076766,3317.250019939953,23680.639968825955
1,2019-09,2020-01,credit_a_1_std_monthlyinstlamount_674A,num,0.05910002900292361,4633.374947283779,7244.100567561863,45096.83090288269,52713.375418286036,2610.7256202780836,0.05789155397416629,4633.374947283779,45096.83090288269
1,2019-09,2020-01,credit_a_1_max_nominalrate_281L,num,0.011285868018081211,16.066069685165004,16.33901931014628,102.35535493879473,143.17742185584882,0.2729496249812762,0.0026666863218293897,16.066069685165004,102.35535493879473
1,2019-09,2020-01,credit_a_1_min_nominalrate_281L,num,0.013652173113079183,12.856221849714023,12.56694655204731,78.25815856154456,113.7704164981776,0.28927529766671256,-0.003696423516523428,12.856221849714023,78.25815856154456
1,2019-09,2020-01,credit_a_1_mean_nominalrate_281L,num,0.012979130249697445,14.403459917809089,14.376904341497609,83.47936769193925,120.58629151309324,0.026555576311480422,-0.00031810945681186114,14.403459917809089,83.47936769193925
1,2019-09,2020-01,credit_a_1_std_nominalrate_281L,num,0.008972459917523044,1.2177136100422932,1.5915228482811665,42.69746963158983,57.9061473035919,0.37380923823887335,0.008754833517401453,1.2177136100422932,42.69746963158983
1,2019-09,2020-01,credit_a_1_max_nominalrate_498L,num,0.04900609732108896,31.123988806049738,48.01212983535723,344.61306001028703,427.5737351678645,16.88814102930749,0.04900609695060124,31.123988806049738,344.61306001028703
1,2019-09,2020-01,credit_a_1_min_nominalrate_498L,num,0.04723171028897097,11.158665880639106,15.658180642498298,97.62588059036578,109.39560994328212,4.499514761859192,0.04608936415886452,11.158665880639106,97.62588059036578
1,2019-09,2020-01,credit_a_1_mean_nominalrate_498L,num,0.06486665981000077,19.09006178151712,28.08079881823989,138.89666761413886,167.86513596778988,8.99073703672277,0.06472968136067482,19.09006178151712,138.89666761413886
1,2019-09,2020-01,credit_a_1_std_nominalrate_498L,num,0.037540751768600444,8.914264883619486,14.725426629511126,154.79609416751956,196.17696674158736,5.81116174589164,0.03754075176859973,8.914264883619486,154.79609416751956
1,2019-09,2020-01,credit_a_1_max_numberofcontrsvalue_258L,num,0.06778514422124156,1.5035135123917203,1.6038115962375403,1.4796469786722155,1.5080478810391562,0.10029808384582006,0.0677851442212413,1.5035135123917203,1.4796469786722155
1,2019-09,2020-01,credit_a_1_min_numberofcontrsvalue_258L,num,0.0663342393553499,1.472827869022567,1.5701284571107679,1.4669002924516334,1.4940999168817206,0.09730058808820097,0.06633074421546559,1.472827869022567,1.4669002924516334
1,2019-09,2020-01,credit_a_1_mean_numberofcontrsvalue_258L,num,0.06735319339237723,1.488098054597698,1.5869053886476634,1.467041020389204,1.4937467759351004,0.09880733404996533,0.0673514459900732,1.488098054597698,1.467041020389204
1,2019-09,2020-01,credit_a_1_max_numberofcontrsvalue_358L,num,0.06938148936166473,4.591635640671241,4.9936333005756,5.802505005563074,6.027884119121421,0.4019976599043593,0.0692800194948474,4.591635640671241,5.802505005563074
1,2019-09,2020-01,credit_a_1_min_numberofcontrsvalue_358L,num,0.06578346691373108,4.4010592420110655,4.774778885301137,5.690027940116361,5.891277564712246,0.37371964329007135,0.06567975539368419,4.4010592420110655,5.690027940116361
1,2019-09,2020-01,credit_a_1_mean_numberofcontrsvalue_358L,num,0.06821786315030742,4.495496215317335,4.883203764804776,5.6920233645939025,5.893282749221683,0.3877075494874411,0.06811418798789526,4.495496215317335,5.6920233645939025
1,2019-09,2020-01,credit_a_1_max_numberofinstls_229L,num,0.21165561452916845,15.141154789625073,21.455401516215076,29.83351664645621,33.23226945731001,6.314246726590003,0.21164942777002604,15.141154789625073,29.83351664645621
1,2019-09,2020-01,credit_a_1_min_numberofinstls_229L,num,0.130335129114451,2.2065604934274696,3.295946230520848,8.368346417182838,9.109124519308642,1.0893857370933784,0.13017933087193045,2.2065604934274696,8.368346417182838
1,2019-09,2020-01,credit_a_1_mean_numberofinstls_229L,num,0.2265285087346867,6.714730904612917,9.558783259813621,12.560697745102924,13.323376663162334,2.844052355200704,0.22642471086524815,6.714730904612917,12.560697745102924
1,2019-09,2020-01,credit_a_1_std_numberofinstls_229L,num,0.18946984633512415,4.823955171262558,7.08362591117542,11.926281588449045,13.319040845983338,2.2596707399128624,0.18946984633512426,4.823955171262558,11.926281588449045
1,2019-09,2020-01,credit_a_1_max_numberofinstls_320L,num,0.01640312139553493,21.48501828354647,21.895412747437877,35.8611578801979,36.745588467341875,0.4103944638914072,0.01144398251898113,21.48501828354647,35.8611578801979
1,2019-09,2020-01,credit_a_1_min_numberofinstls_320L,num,0.014582444446907171,14.777841420845318,14.864979643408676,26.65580659045399,27.270438458635862,0.08713822256335746,0.0032690146616896412,14.777841420845318,26.65580659045399
1,2019-09,2020-01,credit_a_1_mean_numberofinstls_320L,num,0.014692863254162889,17.94008409332193,18.176208290945784,29.02122011170982,29.71182643650177,0.23612419762385528,0.008136260181858486,17.94008409332193,29.02122011170982
1,2019-09,2020-01,credit_a_1_std_numberofinstls_320L,num,0.012654260159234012,3.470922387911039,3.6573100937575114,14.949416711002279,15.249332551770985,0.18638770584647224,0.012467891520429491,3.470922387911039,14.949416711002279
1,2019-09,2020-01,credit_a_1_max_numberofoutstandinstls_520L,num,0.05571522078884772,-0.21549265960228617,0.12471921943001545,6.111700503106383,8.026492334078874,0.3402118790323016,0.05566566602198238,-0.21549265960228617,6.111700503106383
1,2019-09,2020-01,credit_a_1_min_numberofoutstandinstls_520L,num,0.4217597372430476,-0.42324023459388116,-0.20487856240348168,0.5182551328243172,0.4322985053729026,0.21836167219039948,0.4213401052111175,-0.42324023459388116,0.5182551328243172
1,2019-09,2020-01,credit_a_1_mean_numberofoutstandinstls_520L,num,0.19387560619249572,-0.3951908625824248,-0.16342679136139504,1.196864618070543,1.3134017444118584,0.23176407122102977,0.19364267914833594,-0.3951908625824248,1.196864618070543
1,2019-09,2020-01,credit_a_1_std_numberofoutstandinstls_520L,num,0.09558680744379212,-0.45490951804624785,-0.23088878459141138,2.3467474997927282,2.851992408824239,0.22402073345483647,0.09546009252151015,-0.45490951804624785,2.3467474997927282
1,2019-09,2020-01,credit_a_1_max_numberofoutstandinstls_59L,num,0.017657343374357898,15.045320781813578,15.553341288782816,29.459227954134658,30.434013500209236,0.5080205069692383,0.017244868323099984,15.045320781813578,29.459227954134658
1,2019-09,2020-01,credit_a_1_min_numberofoutstandinstls_59L,num,0.011901179119165398,9.526018254492024,9.762933455004914,21.699403182583964,22.392678855714784,0.2369152005128896,0.010918051456043675,9.526018254492024,21.699403182583964
1,2019-09,2020-01,credit_a_1_mean_numberofoutstandinstls_59L,num,0.015525622429096223,12.120787487297214,12.476986667687953,23.61363190763,24.375748546106124,0.35619918039073895,0.015084472468449227,12.120787487297214,23.61363190763
1,2019-09,2020-01,credit_a_1_std_numberofoutstandinstls_59L,num,0.012386951199383753,2.7174676388522285,2.873323369449496,12.69651348443018,13.022180886132936,0.15585573059726743,0.012275474742605074,2.7174676388522285,12.69651348443018
1,2019-09,2020-01,credit_a_1_max_numberofoverdueinstlmax_1039L,num,0.009106792212247564,25.389669900011206,26.864860311666433,225.33322440072865,197.2658489734374,1.4751904116552268,0.006546706175170041,25.389669900011206,225.33322440072865
1,2019-09,2020-01,credit_a_1_min_numberofoverdueinstlmax_1039L,num,0.005022796551678419,11.416458097265977,11.908247929243297,130.28340186380922,136.25802019546842,0.49178983197731974,0.0037747696555498955,11.416458097265977,130.28340186380922
1,2019-09,2020-01,credit_a_1_mean_numberofoverdueinstlmax_1039L,num,0.007050639950556096,17.33204537569531,18.1921910418402,146.34795691551162,150.17464085120506,0.8601456661448914,0.00587740125843686,17.33204537569531,146.34795691551162
1,2019-09,2020-01,credit_a_1_std_numberofoverdueinstlmax_1039L,num,0.007768182090769708,8.16866959015381,8.71090408150741,102.38818322003759,88.70438294853898,0.5422344913536001,0.005295869838693296,8.16866959015381,102.38818322003759
1,2019-09,2020-01,credit_a_1_max_numberofoverdueinstlmax_1151L,num,0.06959720637549043,143.54623184616088,201.9593675417661,864.3183898025492,757.4619582783,58.413135695605234,0.06758289119470144,143.54623184616088,864.3183898025492
1,2019-09,2020-01,credit_a_1_min_numberofoverdueinstlmax_1151L,num,0.03386142615611961,15.57282496357818,20.63441316860873,149.552307397709,173.08543167649063,5.061588205030551,0.03384493554867138,15.57282496357818,149.552307397709
1,2019-09,2020-01,credit_a_1_mean_numberofoverdueinstlmax_1151L,num,0.07969169182541552,47.84432095039311,65.81457778955425,227.32955209386566,250.80362831172013,17.970256839161138,0.07904936544167877,47.84432095039311,227.32955209386566
1,2019-09,2020-01,credit_a_1_std_numberofoverdueinstlmax_1151L,num,0.06980109440674229,55.16608545736889,77.8614372416123,333.45536663097954,318.9573171958659,22.695351784243407,0.06806113817733021,55.16608545736889,333.45536663097954
1,2019-09,2020-01,credit_a_1_max_numberofoverdueinstls_725L,num,0.008652204416458729,13.319262681227094,14.70465042819037,160.4695352490106,170.22107530468182,1.385387746963275,0.008633338065156619,13.319262681227094,160.4695352490106
1,2019-09,2020-01,credit_a_1_min_numberofoverdueinstls_725L,num,0.005193585684305922,6.60477655057341,7.1767232907482805,112.07393840291796,117.90674122654374,0.5719467401748703,0.005103298307574949,6.60477655057341,112.07393840291796
1,2019-09,2020-01,credit_a_1_mean_numberofoverdueinstls_725L,num,0.007170005013989513,9.503632990844693,10.380414852869537,123.62452670437514,129.86646759853772,0.8767818620248438,0.007092297017415509,9.503632990844693,123.62452670437514
1,2019-09,2020-01,credit_a_1_std_numberofoverdueinstls_725L,num,0.006329510564940668,3.7559048472928778,4.216702863307196,73.02387040079054,76.53067835746688,0.46079801601431836,0.006310238193144715,3.7559048472928778,73.02387040079054
1,2019-09,2020-01,credit_a_1_max_numberofoverdueinstls_834L,num,0.03469632555556978,-0.2153432367480606,0.078327249754317,8.46535259843081,10.379069183315854,0.2936704865023776,0.034690874725857745,-0.2153432367480606,8.46535259843081
1,2019-09,2020-01,credit_a_1_min_numberofoverdueinstls_834L,num,0.18122770715972358,-0.3966056108281762,-0.17079882072160607,1.2481918487827328,1.2487621923953283,0.22580679010657012,0.1809071180257926,-0.3966056108281762,1.2481918487827328
1,2019-09,2020-01,credit_a_1_mean_numberofoverdueinstls_834L,num,0.09324580213692812,-0.3565383726074482,-0.11914262009201963,2.5498018499288038,2.790755036808466,0.23739575251542855,0.09310360823608986,-0.3565383726074482,2.5498018499288038
1,2019-09,2020-01,credit_a_1_std_numberofoverdueinstls_834L,num,0.05670711293730553,-0.41420261774792905,-0.1893620960839081,3.9651543445183965,4.708710503056232,0.22484052166402094,0.056704103328247574,-0.41420261774792905,3.9651543445183965
1,2019-09,2020-01,credit_a_1_max_outstandingamount_354A,num,0.003967232015629856,9.221953234622022,13.392790466634509,1105.4617413637154,1282.6845843089945,4.170837232012486,0.0037729367520826854,9.221953234622022,1105.4617413637154
1,2019-09,2020-01,credit_a_1_min_outstandingamount_354A,num,0.020296637048431484,-0.399630908850243,-0.15833313211068567,11.897029560058453,15.696463601890823,0.24129777673955732,0.02028218687038143,-0.399630908850243,11.897029560058453
1,2019-09,2020-01,credit_a_1_mean_outstandingamount_354A,num,0.006588464597939618,0.6410670525846996,1.4235416264272376,118.76432850341152,177.4923149675397,0.7824745738425379,0.006588464597937429,0.6410670525846996,118.76432850341152
1,2019-09,2020-01,credit_a_1_std_outstandingamount_354A,num,0.004584992152130807,2.42714750797368,3.904156784696951,324.6204034528437,398.02523105358983,1.4770092767232708,0.004549958231254031,2.42714750797368,324.6204034528437
1,2019-09,2020-01,credit_a_1_max_outstandingamount_362A,num,0.01056324120879086,126398.00982624953,134819.95500358118,1156838.4436678195,578140.2799970807,8421.945177331654,0.007280139438165123,126398.00982624953,1156838.4436678195
1,2019-09,2020-01,credit_a_1_min_outstandingamount_362A,num,0.0134828255923068,69032.38156264793,72449.35548431065,331841.75185655925,320696.1851178251,3416.9739216627204,0.010296998200334145,69032.38156264793,331841.75185655925
1,2019-09,2020-01,credit_a_1_mean_outstandingamount_362A,num,0.016562741956456798,94261.38892057679,100152.88644654719,427351.8717998307,378679.69668777054,5891.497525970393,0.013786057613736014,94261.38892057679,427351.8717998307
1,2019-09,2020-01,credit_a_1_std_outstandingamount_362A,num,0.010672662554979298,35427.909238107204,38710.22367264863,431942.46354292106,243944.23339566923,3282.3144345414257,0.007598962157179229,35427.909238107204,431942.46354292106
1,2019-09,2020-01,credit_a_1_max_overdueamount_31A,num,0.0068073873774297826,67.15847836992276,93.56177384643998,3878.623914376055,4722.7240470074385,26.403295476517215,0.006807387377428845,67.15847836992276,3878.623914376055
1,2019-09,2020-01,credit_a_1_min_overdueamount_31A,num,0.005920274553234841,0.10987560547385723,0.9926804015162151,149.11551619906356,324.7338728977366,0.8828047960423578,0.005920274553211799,0.10987560547385723,149.11551619906356
1,2019-09,2020-01,credit_a_1_mean_overdueamount_31A,num,0.005844008319838872,14.964790102836302,20.865728095166364,1033.9339763393843,1240.5035956630072,5.900937992330062,0.005707267705063892,14.964790102836302,1033.9339763393843
1,2019-09,2020-01,credit_a_1_std_overdueamount_31A,num,0.0061407319935020774,29.523350222199486,40.657500468047076,1842.5725262239353,2211.429902157185,11.13415024584759,0.0060427202117602895,29.523350222199486,1842.5725262239353
1,2019-09,2020-01,credit_a_1_max_overdueamount_659A,num,0.00193766594503883,1950.2477944263942,1736.0393760433515,185645.1350880634,145130.1649902403,214.20841838304273,-0.001153859584208495,1950.2477944263942,185645.1350880634
1,2019-09,2020-01,credit_a_1_min_overdueamount_659A,num,0.002834227561279786,425.32820653206295,381.00153727863494,18915.677046244553,13233.433375484303,44.32666925342801,-0.0023433826420835653,425.32820653206295,18915.677046244553
1,2019-09,2020-01,credit_a_1_mean_overdueamount_659A,num,0.0021710734134858384,1051.9600623806525,924.020902249299,85247.35791278655,70833.470140379,127.93916013135356,-0.0015007991246161955,1051.9600623806525,85247.35791278655
1,2019-09,2020-01,credit_a_1_std_overdueamount_659A,num,0.0016673763269345083,928.7863006625225,813.3152942348036,121332.09176515634,98845.12063465749,115.47100642771898,-0.0009516938573120312,928.7863006625225,121332.09176515634
1,2019-09,2020-01,credit_a_1_max_overdueamountmax2_14A,num,0.0024117338794097387,5522.633384963099,5567.038469131016,209186.51423177077,178677.89058780804,44.405084167917266,0.00021227508059490924,5522.633384963099,209186.51423177077
1,2019-09,2020-01,credit_a_1_min_overdueamountmax2_14A,num,0.004181903334157919,1464.1804188499104,1359.2788983619275,27795.05210041553,16933.834442911622,104.9015204879829,-0.0037741077120130545,1464.1804188499104,27795.05210041553
1,2019-09,2020-01,credit_a_1_mean_overdueamountmax2_14A,num,0.002195068845335073,3062.6112423105137,3014.3662491037067,91584.04964347849,79460.38701431038,48.24499320680707,-0.0005267837947177137,3062.6112423105137,91584.04964347849
1,2019-09,2020-01,credit_a_1_std_overdueamountmax2_14A,num,0.0023200305279528583,2382.481701987378,2456.4738414155163,128400.7950515037,111382.80968513031,73.99213942813822,0.0005762591999407693,2382.481701987378,128400.7950515037
1,2019-09,2020-01,credit_a_1_max_overdueamountmax2_398A,num,0.018809960635226712,15291.867479658584,23226.884012841892,422059.983516725,681817.1492170291,7935.016533183309,0.018800684364972182,15291.867479658584,422059.983516725
1,2019-09,2020-01,credit_a_1_min_overdueamountmax2_398A,num,0.017004956102101718,922.3829429513363,1233.931721901138,18321.05752459696,23892.25942784596,311.54877894980166,0.017004956102098987,922.3829429513363,18321.05752459696
1,2019-09,2020-01,credit_a_1_mean_overdueamountmax2_398A,num,0.019565834679474176,4082.260570654203,5802.700809726156,87930.83797633662,134639.80016112665,1720.4402390719529,0.019565834679466453,4082.260570654203,87930.83797633662
1,2019-09,2020-01,credit_a_1_std_overdueamountmax2_398A,num,0.017012050885973445,5752.357332656951,8399.513129515779,155604.74246184132,218133.81775389452,2647.1557968588277,0.01701205088596824,5752.357332656951,155604.74246184132
1,2019-09,2020-01,credit_a_1_max_overdueamountmax_155A,num,0.0023633913125303777,4372.664363950422,4258.401482822196,203018.3027194858,166031.1850228617,114.26288112822567,-0.000562820591038557,4372.664363950422,203018.3027194858
1,2019-09,2020-01,credit_a_1_min_overdueamountmax_155A,num,0.004265561738033302,1117.6401699274763,1052.5605952942365,22848.329623334947,15159.860229766,65.07957463323987,-0.0028483296462413713,1117.6401699274763,22848.329623334947
1,2019-09,2020-01,credit_a_1_mean_overdueamountmax_155A,num,0.0027801078550420692,2395.8945756681287,2292.9771613877374,87985.12591847188,73494.15807316799,102.91741428039131,-0.0011697137806651078,2395.8945756681287,87985.12591847188
1,2019-09,2020-01,credit_a_1_std_overdueamountmax_155A,num,0.0019844645570803073,1903.657656032207,1851.0401414739454,125378.6589455272,103800.1640270032,52.61751455826152,-0.000419668825626234,1903.657656032207,125378.6589455272
1,2019-09,2020-01,credit_a_1_max_overdueamountmax_35A,num,0.019154038156573135,11808.843670608852,18163.86076331421,331784.7150955748,616920.096820075,6355.017092705357,0.019154038156564003,11808.843670608852,331784.7150955748
1,2019-09,2020-01,credit_a_1_min_overdueamountmax_35A,num,0.016082352522775786,871.8487726678817,1159.2199646856504,17868.728571322095,23032.016608151327,287.37119201776875,0.01608235252277417,871.8487726678817,17868.728571322095
1,2019-09,2020-01,credit_a_1_mean_overdueamountmax_35A,num,0.020122231888407296,3474.5314366915945,5006.41306487799,76128.81298071935,127902.19511733142,1531.8816281863956,0.020122231888396385,3474.5314366915945,76128.81298071935
1,2019-09,2020-01,credit_a_1_std_overdueamountmax_35A,num,0.019020013338330352,4494.885939930624,6717.641319619656,116864.02843947275,194421.02186359096,2222.7553796890325,0.019020013338323875,4494.885939930624,116864.02843947275
1,2019-09,2020-01,credit_a_1_max_overdueamountmaxdatemonth_284T,num,0.4389402286500244,5.402632332615274,7.889042538256352,5.664575820011117,4.788618326180609,2.4864102056410786,0.4389402286500243,5.402632332615274,5.664575820011117
1,2019-09,2020-01,credit_a_1_min_overdueamountmaxdatemonth_284T,num,0.31038752686981474,1.5650923308720068,2.5011722588796856,3.0158426063309465,3.0028050953223624,0.9360799280076788,0.31038752686981474,1.5650923308720068,3.0158426063309465
1,2019-09,2020-01,credit_a_1_mean_overdueamountmaxdatemonth_284T,num,0.4300442506315106,3.50446723360126,5.235115210073275,4.02434859652372,3.4288915093599077,1.7306479764720146,0.43004425063151064,3.50446723360126,4.02434859652372
1,2019-09,2020-01,credit_a_1_std_overdueamountmaxdatemonth_284T,num,0.36572725672153283,1.1302893738782922,1.9663150350149932,2.285926590845419,2.1843790570228157,0.836025661136701,0.36572725672153283,1.1302893738782922,2.285926590845419
1,2019-09,2020-01,credit_a_1_max_overdueamountmaxdatemonth_365T,num,0.12103871193810192,6.694110664226093,7.031380738452899,4.312373119255188,4.576716102737167,0.3372700742268062,0.07820985450467187,6.694110664226093,4.312373119255188
1,2019-09,2020-01,credit_a_1_min_overdueamountmaxdatemonth_365T,num,0.1222327692862549,4.312833347860555,4.192246946511301,3.7040996332484486,3.9386638215734027,0.12058640134925369,-0.032554848219215136,4.312833347860555,3.7040996332484486
1,2019-09,2020-01,credit_a_1_mean_overdueamountmaxdatemonth_365T,num,0.08629022538823614,5.51737981941934,5.6411771054442275,3.7129361693026004,3.9135905374360687,0.12379728602488704,0.03334215305084005,5.51737981941934,3.7129361693026004
1,2019-09,2020-01,credit_a_1_std_overdueamountmaxdatemonth_365T,num,0.13031042041689792,0.8975425406707777,1.1851875946044956,2.2073833620785224,2.4555709009969715,0.287645053933718,0.13031042041689797,0.8975425406707777,2.2073833620785224
1,2019-09,2020-01,credit_a_1_max_overdueamountmaxdateyear_2T,num,0.036234965754190385,1689.2745603440046,1716.3022602835883,745.9010758540072,720.6169714487903,27.027699939583727,0.0362349657541904,1689.2745603440046,745.9010758540072
1,2019-09,2020-01,credit_a_1_min_overdueamountmaxdateyear_2T,num,0.03634888357873101,1688.7275108227802,1715.8314088165098,745.659710153765,720.4194685056771,27.10389799372956,0.036348883578731075,1688.7275108227802,745.659710153765
1,2019-09,2020-01,credit_a_1_mean_overdueamountmaxdateyear_2T,num,0.03629314327939491,1689.015249172986,1716.0821885027144,745.7865834700312,720.52458945819,27.066939329728484,0.036293143279395215,1689.015249172986,745.7865834700312
1,2019-09,2020-01,credit_a_1_std_overdueamountmaxdateyear_2T,num,0.08056282345946812,-0.15917877138378184,-0.17971129022433016,0.8858208667621056,0.8274666226798321,0.020532518840548325,-0.023179086891009646,-0.15917877138378184,0.8858208667621056
1,2019-09,2020-01,credit_a_1_max_overdueamountmaxdateyear_994T,num,0.4596368756395863,1206.9017378708074,1661.6274989470728,989.3152294265187,769.1939367464362,454.72576107626537,0.4596368756395861,1206.9017378708074,989.3152294265187
1,2019-09,2020-01,credit_a_1_min_overdueamountmaxdateyear_994T,num,0.4595228126713466,1203.6004806435144,1656.9727748139828,986.6154229316206,767.0480417024522,453.3722941704684,0.45952281267134654,1203.6004806435144,986.6154229316206
1,2019-09,2020-01,credit_a_1_mean_overdueamountmaxdateyear_994T,num,0.4596074743209599,1205.383720149903,1659.5092735837857,988.0726028331538,768.2152811928758,454.1255534338827,0.45960747432095983,1205.383720149903,988.0726028331538
1,2019-09,2020-01,credit_a_1_std_overdueamountmaxdateyear_994T,num,0.34584149715143797,0.8508188823114231,1.5861785835386573,2.126321187177498,2.123020842054593,0.7353597012272342,0.34583660533588473,0.8508188823114231,2.126321187177498
1,2019-09,2020-01,credit_a_1_max_periodicityofpmts_1102L,num,0.3843213142959095,16.922461990561455,23.74847325565071,17.761209204841375,16.258647666706874,6.826011265089253,0.38432131429591004,16.922461990561455,17.761209204841375
1,2019-09,2020-01,credit_a_1_min_periodicityofpmts_1102L,num,0.42487856938938257,16.570591922034474,23.228713323038047,15.670645404809056,13.278666802619064,6.658121401003573,0.4248785693893825,16.570591922034474,15.670645404809056
1,2019-09,2020-01,credit_a_1_mean_periodicityofpmts_1102L,num,0.4218090404736479,16.685317744254856,23.39359665048201,15.904178796475549,13.51885104681636,6.708278906227154,0.4217934790643667,16.685317744254856,15.904178796475549
1,2019-09,2020-01,credit_a_1_std_periodicityofpmts_1102L,num,0.06496566771180673,-0.3756689684416365,-0.12144674846969694,3.9357497383257614,4.455957905970587,0.25422221997193956,0.06459308565693606,-0.3756689684416365,3.9357497383257614
1,2019-09,2020-01,credit_a_1_max_periodicityofpmts_837L,num,0.007834270718110027,17.11513445981563,17.054331040292013,16.824572170291322,17.02569130818502,0.06080341952361579,-0.003613965271044569,17.11513445981563,16.824572170291322
1,2019-09,2020-01,credit_a_1_min_periodicityofpmts_837L,num,0.007161427151350266,17.021658012593026,16.945507510880248,16.34083214645957,16.468839024507915,0.07615050171277815,-0.004660136095289189,17.021658012593026,16.34083214645957
1,2019-09,2020-01,credit_a_1_mean_periodicityofpmts_837L,num,0.007524440495221235,17.064959856446016,16.996174471093482,16.465615155118215,16.615031902111237,0.06878538535253398,-0.004177516886221682,17.064959856446016,16.465615155118215
1,2019-09,2020-01,credit_a_1_std_periodicityofpmts_837L,num,0.0055844028559876935,-0.714920241989672,-0.7013762688144747,2.4874476004940433,2.684228926408167,0.013543973175197288,0.005444928034868859,-0.714920241989672,2.4874476004940433
1,2019-09,2020-01,credit_a_1_max_prolongationcount_1120L,num,0.06362706014804216,-0.8914069406915788,-0.8308507651270532,0.9522196617897764,1.8261961436159175,0.06055617556452553,0.06359475444006811,-0.8914069406915788,0.9522196617897764
1,2019-09,2020-01,credit_a_1_min_prolongationcount_1120L,num,0.08753090701282476,-0.9454316037637956,-0.9128246525340447,0.372519288815149,1.5173070747971225,0.03260695122975099,0.08753090701279409,-0.9454316037637956,0.372519288815149
1,2019-09,2020-01,credit_a_1_mean_prolongationcount_1120L,num,0.08059536517240523,-0.9300890983686765,-0.8901286444548365,0.4958157808252368,1.5592447681804302,0.039960453913839955,0.08059536517238255,-0.9300890983686765,0.4958157808252368
1,2019-09,2020-01,credit_a_1_max_residualamount_488A,num,0.0022681012430313995,-0.3736245509531933,-0.42619464729134493,124.23091137559202,67.34683426406632,0.05257009633815163,-0.0004231643779800864,-0.3736245509531933,124.23091137559202
1,2019-09,2020-01,credit_a_1_min_residualamount_488A,num,0.2543855441636938,-0.7169225533045279,-0.6023234592166222,0.45049373565882606,0.489417929477399,0.1145990940879057,0.2543855441636938,-0.7169225533045279,0.45049373565882606
1,2019-09,2020-01,credit_a_1_mean_residualamount_488A,num,0.005559842535431897,-0.6496221779250042,-0.5398401099979819,23.483589997096797,23.974110076065,0.10978206792702228,0.004674841791250583,-0.6496221779250042,23.483589997096797
1,2019-09,2020-01,credit_a_1_std_residualamount_488A,num,0.0018953253364394989,-0.7285772603060263,-0.7229101658469922,53.539378291505464,39.01404449106173,0.005667094459034128,0.0001058490897704964,-0.7285772603060263,53.539378291505464
1,2019-09,2020-01,credit_a_1_max_residualamount_856A,num,0.06295899353527774,23955.75307987588,30246.609788504175,103394.25167462487,85642.3396329983,6290.856708628293,0.06084338932521334,23955.75307987588,103394.25167462487
1,2019-09,2020-01,credit_a_1_min_residualamount_856A,num,0.02448735183408398,15228.58776864854,17326.74519596207,95074.70217326366,61515.8959065776,2098.15742731353,0.02206851432981466,15228.58776864854,95074.70217326366
1,2019-09,2020-01,credit_a_1_mean_residualamount_856A,num,0.0436577589831052,19420.895601741166,23424.630611998153,96898.10460300928,67267.59055235218,4003.735010256987,0.041319022974290937,19420.895601741166,96898.10460300928
1,2019-09,2020-01,credit_a_1_std_residualamount_856A,num,0.09477763523655003,5942.573672635619,8679.842667921983,28888.660563770158,41363.808693691666,2737.268995286364,0.09475236794880089,5942.573672635619,28888.660563770158
1,2019-09,2020-01,credit_a_1_max_totalamount_6A,num,0.05579508420779415,108329.06143044545,157332.98127811952,878331.9286421647,1069501.3936903134,49003.91984767407,0.055792028331966094,108329.06143044545,878331.9286421647
1,2019-09,2020-01,credit_a_1_min_totalamount_6A,num,0.07272578856534583,15253.296974129054,21397.471167215757,84484.11924150062,121537.00178467153,6144.174193086703,0.07272578856534422,15253.296974129054,84484.11924150062
1,2019-09,2020-01,credit_a_1_mean_totalamount_6A,num,0.09136059594320198,42991.383660634376,61964.89029866756,207677.13303697165,281555.2486344917,18973.506638033185,0.09136059594320109,42991.383660634376,207677.13303697165
1,2019-09,2020-01,credit_a_1_std_totalamount_6A,num,0.05484413145795106,37560.72618798242,54309.02990381039,306052.2572536272,352395.14855697384,16748.30371582797,0.05472367322534909,37560.72618798242,306052.2572536272
1,2019-09,2020-01,credit_a_1_max_totalamount_996A,num,0.014356051902135672,159927.71104252848,171668.56789894044,983376.2804707737,755722.0713926582,11740.856856411963,0.011939332979224636,159927.71104252848,983376.2804707737
1,2019-09,2020-01,credit_a_1_min_totalamount_996A,num,0.01604156000057815,91311.7052928854,96240.57306893263,381160.4782281093,439619.4111332801,4928.867776047235,0.012931214167218838,91311.7052928854,381160.4782281093
1,2019-09,2020-01,credit_a_1_mean_totalamount_996A,num,0.018868810167491312,121902.33456020262,129875.51964235489,469117.3081430178,506983.0917034631,7973.185082152268,0.016996143488531266,121902.33456020262,469117.3081430178
1,2019-09,2020-01,credit_a_1_std_totalamount_996A,num,0.013180540515639303,42511.56406970705,46557.27843359477,384634.0410692733,291217.73492761847,4045.714363887724,0.01051834713495648,42511.56406970705,384634.0410692733
1,2019-09,2020-01,credit_a_1_max_totaldebtoverduevalue_178A,num,0.0022254564360856058,2182.9298759865846,1917.217816809147,197264.12732837972,152818.44931225057,265.7120591774376,-0.00134698620968786,2182.9298759865846,197264.12732837972
1,2019-09,2020-01,credit_a_1_min_totaldebtoverduevalue_178A,num,0.004696641568821189,1036.7360705210835,1012.3774188544168,36257.875850859804,23813.871927798118,24.358651666666788,-0.0006718168424113338,1036.7360705210835,36257.875850859804
1,2019-09,2020-01,credit_a_1_mean_totaldebtoverduevalue_178A,num,0.002876627268663787,1575.8048097778264,1464.6016042100132,96797.67650086133,79153.93065869225,111.20320556781326,-0.0011488210212031663,1575.8048097778264,96797.67650086133
1,2019-09,2020-01,credit_a_1_max_totaldebtoverduevalue_718A,num,0.001376682746261408,89.61039598558716,95.25280290722897,4627.816814764348,4847.085558706135,5.642406921641808,0.0012192373094026892,89.61039598558716,4627.816814764348
1,2019-09,2020-01,credit_a_1_min_totaldebtoverduevalue_718A,num,0.001184450128798345,87.1784141086854,90.84243719876163,4592.967298936762,4729.797367186465,3.6640230900762276,0.0007977463917333838,87.1784141086854,4592.967298936762
1,2019-09,2020-01,credit_a_1_mean_totaldebtoverduevalue_718A,num,0.0013842060936275493,88.39440504713627,93.0476200529953,4601.692902228392,4759.369352146612,4.653215005859025,0.0010111963368102383,88.39440504713627,4601.692902228392
1,2019-09,2020-01,credit_a_1_max_totaloutstanddebtvalue_39A,num,0.013360579656055272,166638.15412511432,185088.92445615522,1560950.9755957795,1141974.066313845,18450.770331040898,0.011820211281138191,166638.15412511432,1560950.9755957795
1,2019-09,2020-01,credit_a_1_min_totaloutstanddebtvalue_39A,num,0.03696535537576584,138556.88173405867,155294.08957397306,457602.88289886486,491818.47597943066,16737.207839914394,0.036575835654456525,138556.88173405867,457602.88289886486
1,2019-09,2020-01,credit_a_1_mean_totaloutstanddebtvalue_39A,num,0.02183330424648244,152479.37828265686,169839.77127866127,873765.8919008569,636586.1972348668,17360.392996004404,0.01986847181484423,152479.37828265686,873765.8919008569
1,2019-09,2020-01,credit_a_1_max_totaloutstanddebtvalue_668A,num,0.0015956360968359888,12.205042987062544,13.364019698783688,1240.1041380746176,1284.7083135952935,1.1589767117211434,0.0009345801502771917,12.205042987062544,1240.1041380746176
1,2019-09,2020-01,credit_a_1_min_totaloutstanddebtvalue_668A,num,0.0014113260174562947,11.636826104085845,12.545429923565553,1230.208390026632,1251.7609719394725,0.9086038194797084,0.0007385771604598132,11.636826104085845,1230.208390026632
1,2019-09,2020-01,credit_a_1_mean_totaloutstanddebtvalue_668A,num,0.0015186693085754743,11.90960331246209,12.954724811174621,1232.6258041527678,1260.0765358215451,1.0451214987125308,0.000847882216315343,11.90960331246209,1232.6258041527678
1,2019-09,2020-01,credit_a_1_n_unique_classificationofcontr_13M,num,0.09828781103645794,1.813860629983356,1.912529832935561,1.0038803582227045,0.8740853676137856,0.09866920295220494,0.09828781103645799,1.813860629983356,1.0038803582227045
1,2019-09,2020-01,credit_a_1_n_unique_classificationofcontr_400M,num,0.3002197114942959,2.2417827806763047,2.845595254808367,2.011294846102481,2.0014474897101477,0.6038124741320625,0.3002108195633971,2.2417827806763047,2.011294846102481
1,2019-09,2020-01,credit_a_1_n_unique_contractst_545M,num,0.0950176432303328,1.69838581811088,1.7845956759792223,0.9075792716071068,0.7636699152856549,0.08620985786834234,0.09498879113411791,1.69838581811088,0.9075792716071068
1,2019-09,2020-01,credit_a_1_n_unique_contractst_964M,num,0.3204964806173822,1.6305104865789222,2.0000596658711216,1.1531539220707765,1.0478262112620214,0.36954917929219944,0.3204682152306098,1.6305104865789222,1.1531539220707765
1,2019-09,2020-01,credit_a_1_n_unique_description_351M,num,0.11854435811613023,0.8669555508515028,0.9270707567036361,0.6579579737923753,0.5371748312136669,0.06011520585213337,0.0913663307485096,0.8669555508515028,0.6579579737923753
1,2019-09,2020-01,credit_a_1_n_unique_financialinstitution_382M,num,0.3337659564021595,2.646955301813412,3.4493928120174084,2.404199884148708,2.408496920480501,0.8024375102039962,0.333764890138545,2.646955301813412,2.404199884148708
1,2019-09,2020-01,credit_a_1_n_unique_financialinstitution_591M,num,0.09724078248545286,2.248220415312522,2.37772357152885,1.3321592365910127,1.2303174686496632,0.12950315621632802,0.09721297023599507,2.248220415312522,1.3321592365910127
1,2019-09,2020-01,credit_a_1_n_unique_purposeofcred_426M,num,0.09687960637431747,1.9065526072212744,2.0089323318826335,1.056852097420159,0.9256061209039664,0.10237972466135914,0.09687232954476256,1.9065526072212744,1.056852097420159
1,2019-09,2020-01,credit_a_1_n_unique_purposeofcred_874M,num,0.35620254106034244,2.0797212433641725,2.6372034255229537,1.5650707614248638,1.4478661237356114,0.5574821821587812,0.35620254106034227,2.0797212433641725,1.5650707614248638
1,2019-09,2020-01,credit_a_1_n_unique_subjectrole_182M,num,0.09305799225705312,1.6852532094783896,1.7684016566053629,0.8935121541983534,0.7451243554256551,0.08314844712697322,0.09305799225705312,1.6852532094783896,0.8935121541983534
1,2019-09,2020-01,credit_a_1_n_unique_subjectrole_93M,num,0.12150976784253206,1.6393845438659842,1.7493191071177874,0.9047701305837743,0.7576771841506754,0.10993456325180317,0.12150551785001056,1.6393845438659842,0.9047701305837743
1,2019-09,2020-01,credit_a_1_max_dateofcredend_289D,num,0.04394501949369989,645.3648283504962,682.7143829846974,861.275514725621,890.2259962642099,37.34955463420124,0.04336539701363715,645.3648283504962,861.275514725621
1,2019-09,2020-01,credit_a_1_min_dateofcredend_289D,num,0.02182867269289906,285.4774931825823,293.20284992278533,467.7088708789393,463.36156816727464,7.72535674020304,0.016517447543137692,285.4774931825823,467.7088708789393
1,2019-09,2020-01,credit_a_1_mean_dateofcredend_289D,num,0.03819376449851823,449.2964843255491,468.92082745403314,528.8399629038639,535.4192732064004,19.624343128484043,0.0371082832332236,449.2964843255491,528.8399629038639
1,2019-09,2020-01,credit_a_1_std_dateofcredend_289D,num,0.0574343487954309,-9013.888211628775,-9521.976072158825,8846.411096950918,8881.552090468984,508.0878605300495,-0.0574343487954309,-9013.888211628775,8846.411096950918
1,2019-09,2020-01,credit_a_1_max_dateofcredend_353D,num,0.128771887915569,-134.9354742307836,-166.86733820019654,980.9302575428533,1136.8588884000096,31.931863969412944,-0.03255263432223973,-134.9354742307836,980.9302575428533
1,2019-09,2020-01,credit_a_1_min_dateofcredend_353D,num,0.32564555652091276,-1460.9533593163073,-2036.3020426786466,1780.1841438512508,1809.2567581678486,575.3486833623392,-0.32319616223388536,-1460.9533593163073,1780.1841438512508
1,2019-09,2020-01,credit_a_1_mean_dateofcredend_353D,num,0.29086446857977094,-767.8472514617692,-1053.3900466681162,1004.6066163812018,1046.9072223155456,285.5427952063469,-0.2842334407819554,-767.8472514617692,1004.6066163812018
1,2019-09,2020-01,credit_a_1_std_dateofcredend_353D,num,0.40141156839301967,-8622.673245516115,-12052.842885324719,8545.382366789101,7860.68462692737,3430.169639808604,-0.4014062206437556,-8622.673245516115,8545.382366789101
1,2019-09,2020-01,credit_a_1_max_dateofcredstart_181D,num,0.20835863518281236,-540.4652156047267,-719.9469535308157,861.4370367035772,923.7537818458086,179.48173792608895,-0.208351545474413,-540.4652156047267,861.4370367035772
1,2019-09,2020-01,credit_a_1_min_dateofcredstart_181D,num,0.3650469304661117,-1817.7803982119065,-2529.352590200758,1949.2627403949489,1905.0425124756198,711.5721919888517,-0.36504683398641113,-1817.7803982119065,1949.2627403949489
1,2019-09,2020-01,credit_a_1_mean_dateofcredstart_181D,num,0.3382100291783356,-1142.0678112398932,-1565.44552304087,1251.8194031162275,1222.557918256381,423.37771180097684,-0.33820989732787166,-1142.0678112398932,1251.8194031162275
1,2019-09,2020-01,credit_a_1_std_dateofcredstart_181D,num,0.4010603075984427,-8631.54961100607,-12060.620572132912,8550.013292664615,7860.334542603104,3429.070961126841,-0.40106030759844236,-8631.54961100607,8550.013292664615
1,2019-09,2020-01,credit_a_1_max_dateofcredstart_739D,num,0.019023379684383997,-379.3892714390666,-384.8623824231363,611.1825878419108,628.5374310119652,5.473110984069706,-0.008954952403659422,-379.3892714390666,611.1825878419108
1,2019-09,2020-01,credit_a_1_min_dateofcredstart_739D,num,0.05804861733453036,-855.8535780547635,-907.7005159342973,893.5865514836942,928.6779498799915,51.84693787953381,-0.058021170745517756,-855.8535780547635,893.5865514836942
1,2019-09,2020-01,credit_a_1_mean_dateofcredstart_739D,num,0.03670262772692921,-589.8216757970905,-613.5189719304432,647.0848913326632,664.0298663474325,23.697296133352665,-0.03662161866358583,-589.8216757970905,647.0848913326632
1,2019-09,2020-01,credit_a_1_std_dateofcredstart_739D,num,0.05679318556880048,-8935.255639557541,-9433.2176303155,8767.9883734417,8797.934354949382,497.9619907579581,-0.056793185568800315,-8935.255639557541,8767.9883734417
1,2019-09,2020-01,credit_a_1_max_dateofrealrepmt_138D,num,0.1461408174979589,-275.9892125000519,-365.6466552014601,620.0348751533543,683.7810893108693,89.65744270140817,-0.14460064472862602,-275.9892125000519,620.0348751533543
1,2019-09,2020-01,credit_a_1_min_dateofrealrepmt_138D,num,0.33570287044923836,-1503.7789454897127,-2094.395560157237,1763.8599734525944,1774.3047245855066,590.6166146675243,-0.3348432548823285,-1503.7789454897127,1763.8599734525944
1,2019-09,2020-01,credit_a_1_mean_dateofrealrepmt_138D,num,0.3072387833351143,-832.6984235791599,-1142.5602755954521,1010.2525246567899,1019.5271910795456,309.86185201629223,-0.3067172260931104,-832.6984235791599,1010.2525246567899
1,2019-09,2020-01,credit_a_1_std_dateofrealrepmt_138D,num,0.4012467797863264,-8640.961264844842,-12079.538446164028,8569.731533173452,7886.96744500681,3438.577181319186,-0.40124677978632645,-8640.961264844842,8569.731533173452
1,2019-09,2020-01,credit_a_1_max_lastupdate_1112D,num,0.0341437792599359,3.610230484752643,3.5524041836304927,5.421315630280229,6.3942585201720705,0.05782630112215026,-0.010666470109057496,3.610230484752643,5.421315630280229
1,2019-09,2020-01,credit_a_1_min_lastupdate_1112D,num,0.03658621452471171,0.17644763766618105,-0.2053418503439562,10.504311087854036,12.667545159619307,0.38178948801013723,-0.036345980694687745,0.17644763766618105,10.504311087854036
1,2019-09,2020-01,credit_a_1_mean_lastupdate_1112D,num,0.032922604207719496,1.9229285640723124,1.7173559751969851,6.304767792778126,7.332148839750705,0.20557258887532726,-0.03260589376674632,1.9229285640723124,6.304767792778126
1,2019-09,2020-01,credit_a_1_std_lastupdate_1112D,num,0.057792461851729024,-9219.362170051283,-9741.73165662113,9038.71317871917,9076.702852133443,522.3694865698471,-0.05779246185172893,-9219.362170051283,9038.71317871917
1,2019-09,2020-01,credit_a_1_max_lastupdate_388D,num,0.14928444735323906,-251.7390578889041,-336.65658781412327,570.1436781481835,637.0195109364811,84.91752992521916,-0.1489405796816511,-251.7390578889041,570.1436781481835
1,2019-09,2020-01,credit_a_1_min_lastupdate_388D,num,0.3363756124517428,-1455.4253404558226,-2030.7453706303525,1710.3866841545412,1739.0553779753354,575.3200301745298,-0.33636839873956076,-1455.4253404558226,1710.3866841545412
1,2019-09,2020-01,credit_a_1_mean_lastupdate_388D,num,0.30818684905074956,-785.7506935127134,-1081.5577427675696,959.8699825107973,978.2181510911885,295.8070492548562,-0.30817408049483286,-785.7506935127134,959.8699825107973
1,2019-09,2020-01,credit_a_1_std_lastupdate_388D,num,0.40180639218550895,-8661.90207812153,-12109.01773377793,8579.046333501114,7890.284562050231,3447.1156556564,-0.40180639218550884,-8661.90207812153,8579.046333501114
1,2019-09,2020-01,credit_a_1_max_numberofoverdueinstlmaxdat_148D,num,0.19504171933373277,-484.60542404960836,-663.1900428190369,915.6364959355891,1024.3516118248422,178.58461876942852,-0.19503877309625187,-484.60542404960836,915.6364959355891
1,2019-09,2020-01,credit_a_1_min_numberofoverdueinstlmaxdat_148D,num,0.26332123495906334,-987.9546792181865,-1380.379362628106,1490.2900162912488,1626.6316284734812,392.42468340991957,-0.26332101746646047,-987.9546792181865,1490.2900162912488
1,2019-09,2020-01,credit_a_1_mean_numberofoverdueinstlmaxdat_148D,num,0.25243528295306744,-723.912680974975,-1003.2364951914957,1106.5178174617802,1203.5170227817343,279.32381421652065,-0.25243499002777575,-723.912680974975,1106.5178174617802
1,2019-09,2020-01,credit_a_1_std_numberofoverdueinstlmaxdat_148D,num,0.2409066435041758,-4458.88008147145,-6271.292082039339,7523.296054458847,8292.680958068793,1812.4120005678897,-0.2409066435041758,-4458.88008147145,7523.296054458847
1,2019-09,2020-01,credit_a_1_max_numberofoverdueinstlmaxdat_641D,num,0.026338132450036265,-163.01903896200923,-173.55008072441387,402.0982549314106,426.2941910719679,10.53104176240464,-0.026190220010283337,-163.01903896200923,402.0982549314106
1,2019-09,2020-01,credit_a_1_min_numberofoverdueinstlmaxdat_641D,num,0.031113855950602374,-207.01448156495536,-221.14996841218587,454.4950269767542,481.5100665524564,14.13548684723051,-0.03110152148695235,-207.01448156495536,454.4950269767542
1,2019-09,2020-01,credit_a_1_mean_numberofoverdueinstlmaxdat_641D,num,0.02943585979238002,-183.89710789033737,-196.0527638926058,413.9404907886704,438.5172054022489,12.155656002268444,-0.029365709015584773,-183.89710789033737,413.9404907886704
1,2019-09,2020-01,credit_a_1_std_numberofoverdueinstlmaxdat_641D,num,0.015736057169502153,-1429.9612447523652,-1505.9119394739641,4826.5390690622135,4957.9403249043735,75.9506947215989,-0.015736057169502195,-1429.9612447523652,4826.5390690622135
1,2019-09,2020-01,credit_a_1_max_overdueamountmax2date_1002D,num,0.20799774721023606,-501.303764210736,-689.3071493752632,903.8813770735596,1008.6331173036222,188.00338516452717,-0.20799563961945317,-501.303764210736,903.8813770735596
1,2019-09,2020-01,credit_a_1_min_overdueamountmax2date_1002D,num,0.27087206623813503,-968.4923441540384,-1356.2365049838552,1431.4676070613068,1558.4775803841349,387.7441608298168,-0.2708717674903072,-968.4923441540384,1431.4676070613068
1,2019-09,2020-01,credit_a_1_mean_overdueamountmax2date_1002D,num,0.26111377981707995,-724.9563668849577,-1007.6450863708727,1082.6283298047586,1174.7988662043222,282.68871948591504,-0.26111335876172315,-724.9563668849577,1082.6283298047586
1,2019-09,2020-01,credit_a_1_std_overdueamountmax2date_1002D,num,0.23888183615199698,-4429.354993599592,-6226.589721391778,7523.530280672462,8300.864651706148,1797.2347277921863,-0.2388818361519969,-4429.354993599592,7523.530280672462
1,2019-09,2020-01,credit_a_1_max_overdueamountmax2date_1142D,num,0.021361425285595023,-178.00254018852183,-187.30541555524357,436.34340491856125,456.88867791190086,9.302875366721736,-0.021320077860367836,-178.00254018852183,436.34340491856125
1,2019-09,2020-01,credit_a_1_min_overdueamountmax2date_1142D,num,0.02579361371037736,-222.7715739622375,-235.37680401516215,488.79346801332383,512.1916965438678,12.60523005292464,-0.025788458475433308,-222.7715739622375,488.79346801332383
1,2019-09,2020-01,credit_a_1_mean_overdueamountmax2date_1142D,num,0.024089664521759778,-199.309687782762,-210.1065870223714,448.34150071716607,469.27019742009577,10.796899239609388,-0.02408186443222118,-199.309687782762,448.34150071716607
1,2019-09,2020-01,credit_a_1_std_overdueamountmax2date_1142D,num,0.015964193245187913,-1439.6056234138414,-1516.8876928824045,4840.963040325154,4974.357997996086,77.28206946856312,-0.015964193245187903,-1439.6056234138414,4840.963040325154
1,2019-09,2020-01,credit_a_1_max_refreshdate_3813885D,num,0.10415531374683232,12.610599891253367,13.055756001684683,4.273964471110383,3.4297436411143027,0.4451561104313164,0.10415531374683237,12.610599891253367,4.273964471110383
1,2019-09,2020-01,credit_a_1_min_refreshdate_3813885D,num,1.5952845638839375,-171.77656717594957,-286.7604555664748,72.07735283953436,84.86405836302056,114.98388839052521,-1.595284563883937,-171.77656717594957,72.07735283953436
1,2019-09,2020-01,credit_a_1_mean_refreshdate_3813885D,num,0.3505088248853434,-42.85291852537283,-48.750813482183595,17.002037593808776,13.884919023433838,5.897894956810767,-0.34689341934865864,-42.85291852537283,17.002037593808776
1,2019-09,2020-01,credit_a_1_std_refreshdate_3813885D,num,0.13844953967835028,-16398.937610462013,-17109.162113186376,5129.8437277175335,4091.5031050510274,710.2245027243625,-0.1384495396783498,-16398.937610462013,5129.8437277175335
1,2019-09,2020-01,person_1_mean_contaddr_smempladdr_334L,num,0.01224173562269599,0.005308661959846759,0.006106977397164116,0.07266691178275594,0.07849162955041528,0.0007983154373173576,0.010985955199307094,0.005308661959846759,0.07266691178275594
1,2019-09,2020-01,person_1_max_mainoccupationinc_384A,num,0.061671376978026236,57161.24586555872,59181.103409304036,32757.029914130533,33791.907033324285,2019.8575437453183,0.06166180355911951,57161.24586555872,32757.029914130533
1,2019-09,2020-01,person_1_max_personindex_1023L,num,0.055192977476864545,0.5642040950163327,0.52218166502878,0.76137276712726,0.7306630522945656,0.04202242998755268,-0.05519297747686426,0.5642040950163327,0.76137276712726
1,2019-09,2020-01,person_1_mean_personindex_1023L,num,0.055192977476864545,0.28210204750816636,0.26109083251439,0.38068638356363,0.3653315261472828,0.02101121499377634,-0.05519297747686426,0.28210204750816636,0.38068638356363
1,2019-09,2020-01,person_1_std_personindex_1023L,num,0.041668285697246704,-0.26934234297018694,-0.30684770805023537,0.9000937872163716,0.8861593947340407,0.037505365080048425,-0.04166828569724656,-0.26934234297018694,0.9000937872163716
1,2019-09,2020-01,person_1_max_persontype_1072L,num,0.04044530891130909,2.542334400046487,2.465383265478029,1.902597276168704,1.8778923362049442,0.07695113456845792,-0.04044530891130879,2.542334400046487,1.902597276168704
1,2019-09,2020-01,person_1_mean_persontype_1072L,num,0.052550503931625935,1.6462076140060056,1.601794419597997,0.8451525881806023,0.8163035475408995,0.044413194408008616,-0.052550503931625976,1.6462076140060056,0.8451525881806023
1,2019-09,2020-01,person_1_std_persontype_1072L,num,0.029310280393240056,0.4054916655096937,0.36070280782998687,1.5280937977664901,1.5052997275796556,0.044788857679706806,-0.02931028039324,0.4054916655096937,1.5280937977664901
1,2019-09,2020-01,person_1_mean_persontype_792L,num,0.04855847719767885,1.8654102753434483,1.8125214727469146,1.0891775370390335,1.0615848949018565,0.052888802596533724,-0.04855847719767867,1.8654102753434483,1.0891775370390335
1,2019-09,2020-01,person_1_std_persontype_792L,num,0.03424571404145262,0.39569739702755524,0.3369881634378842,1.7217491547726849,1.7121285209320263,0.05870923358967106,-0.034098598757507266,0.39569739702755524,1.7217491547726849
1,2019-09,2020-01,person_1_max_safeguarantyflag_411L,num,0.0,1.0,1.0,0.0,0.0,0.0,0.0,1.0,1.0
1,2019-09,2020-01,person_1_n_unique_contaddr_district_15M,num,0.003371444801809131,1.5180365836954761,1.5163519584444756,0.499674575747652,0.4997325419212062,0.0016846252510005488,-0.00337144480180902,1.5180365836954761,0.499674575747652
1,2019-09,2020-01,person_1_n_unique_contaddr_zipcode_807M,num,0.0027820479991173255,1.5184474965445964,1.5170574196265618,0.49965957398136296,0.49970895973124535,0.0013900769180346106,-0.0027820479991172145,1.5184474965445964,0.49965957398136296
1,2019-09,2020-01,person_1_n_unique_education_927M,num,0.015972244257901932,1.4827312837498496,1.49072722167626,0.5006145534278679,0.5008609088418227,0.00799593792641029,0.015972244257901707,1.4827312837498496,0.5006145534278679
1,2019-09,2020-01,person_1_n_unique_empladdr_district_926M,num,0.03535279297860213,1.4022421729403511,1.4195774252421733,0.4903502903522907,0.493489827118373,0.0173352523018222,0.03535279297860258,1.4022421729403511,0.4903502903522907
1,2019-09,2020-01,person_1_n_unique_empladdr_zipcode_114M,num,0.035106255666002784,1.4024040476990955,1.419619542327671,0.4903825344508914,0.49349668897003435,0.017215494628575412,0.035106255666002784,1.4024040476990955,0.4903825344508914
1,2019-09,2020-01,person_1_n_unique_language1_981M,num,0.004265913835218161,1.518339580038767,1.5162080584023585,0.49966354660311335,0.4997372297946448,0.0021315216364083955,-0.004265913835218161,1.518339580038767,0.49966354660311335
1,2019-09,2020-01,person_1_n_unique_registaddr_district_1083M,num,0.0024550116154418455,1.5183893876568422,1.517162712340306,0.499661715985532,0.49970535448914694,0.0012266753165361965,-0.0024550116154420675,1.5183893876568422,0.499661715985532
1,2019-09,2020-01,person_1_n_unique_registaddr_zipcode_184M,num,0.00254322190940072,1.5184474965445964,1.5171767513688053,0.49965957398136296,0.499704872111944,0.001270745175791177,-0.0025432219094006095,1.5184474965445964,0.49965957398136296
1,2019-09,2020-01,person_1_max_birth_259D,num,0.04298651399451822,-16103.37884504435,-15911.879309981749,5114.863943236904,4969.323710250268,191.49953506260135,0.0374398101665657,-16103.37884504435,5114.863943236904
1,2019-09,2020-01,person_1_max_empl_employedfrom_271D,num,0.03916710299158073,-850.1047163663683,-919.0560367822546,1760.5416147648712,1817.4992093199241,68.95132041588636,-0.0391648341837663,-850.1047163663683,1760.5416147648712
1,2019-09,2020-01,deposit_1_max_amount_416A,num,0.0026345720929262496,694.1791885852361,694.3447412436067,19478.144340397914,19847.63639635174,0.16555265837052957,8.499406076746813e-06,694.1791885852361,19478.144340397914
1,2019-09,2020-01,deposit_1_min_amount_416A,num,0.0023878899656095075,361.7355334095536,371.55808437487946,13639.246659728267,14810.858369010493,9.822550965325831,0.0007201681449407504,361.7355334095536,13639.246659728267
1,2019-09,2020-01,deposit_1_mean_amount_416A,num,0.00211548066132186,490.412990725705,491.12589410926336,14911.865521667498,15629.79241679612,0.7129033835583414,4.7807793231669516e-05,490.412990725705,14911.865521667498
1,2019-09,2020-01,deposit_1_max_openingdate_313D,num,0.022461575600488462,-97.82340293947959,-96.31652042678647,374.9348366118338,386.3301917599448,1.5068825126931245,0.004019051753927002,-97.82340293947959,374.9348366118338
1,2019-09,2020-01,deposit_1_min_openingdate_313D,num,0.022662154895713372,-106.03454573376997,-103.57285904815387,403.87725008739136,413.28299551263007,2.461686685616101,0.006095135799511953,-106.03454573376997,403.87725008739136
1,2019-09,2020-01,deposit_1_mean_openingdate_313D,num,0.023716799823906322,-101.92815703041663,-99.930099481735,387.7759680515953,398.3512737738489,1.9980575486816292,0.00515260798321514,-101.92815703041663,387.7759680515953
1,2019-09,2020-01,debitcard_1_max_openingdate_857D,num,0.02255577186553657,-98.04699348765394,-96.56654148532921,375.57918076922346,387.0534115728995,1.480452002324725,0.003941783991574326,-98.04699348765394,375.57918076922346
1,2019-09,2020-01,debitcard_1_min_openingdate_857D,num,0.022798127214287305,-106.23165523166769,-103.77194300154429,404.4553117614306,413.8497131242701,2.459712230123401,0.006081542654023223,-106.23165523166769,404.4553117614306
1,2019-09,2020-01,debitcard_1_mean_openingdate_857D,num,0.023886824190186708,-102.15235190129557,-100.16697312033313,388.4748539747098,399.05304764016535,1.9853787809624492,0.0051107008874548675,-102.15235190129557,388.4748539747098
1,2019-09,2020-01,credit_a_2_max_collater_valueofguarantee_1124L,num,0.0102076926283567,1051956.2130964787,1342835.0216371454,28689931.795659743,59946029.80198779,290878.8085406667,0.010138706868054364,1051956.2130964787,28689931.795659743
1,2019-09,2020-01,credit_a_2_min_collater_valueofguarantee_1124L,num,0.002480808137440247,77310.4377443281,76641.96468043662,1503565.7577137533,1121340.8080823107,668.4730638914771,-0.0004445918380769217,77310.4377443281,1503565.7577137533
1,2019-09,2020-01,credit_a_2_mean_collater_valueofguarantee_1124L,num,0.005250761346185937,429467.39374086744,479627.8853302791,10310449.859488038,15414260.840159554,50160.491589411686,0.0048650148415446915,429467.39374086744,10310449.859488038
1,2019-09,2020-01,credit_a_2_std_collater_valueofguarantee_1124L,num,0.006192090901079647,508750.2013737801,597847.7653116481,14863709.707917463,22620785.99493608,89097.56393786805,0.005994301940006833,508750.2013737801,14863709.707917463
1,2019-09,2020-01,credit_a_2_max_collater_valueofguarantee_876L,num,0.012038081528196689,2425170.152436898,3275535.20681979,70639582.59390584,89840207.56226662,850365.0543828919,0.012038081528192012,2425170.152436898,70639582.59390584
1,2019-09,2020-01,credit_a_2_min_collater_valueofguarantee_876L,num,0.0015647962553237066,25800.299089487948,26286.585928386103,4765708.497287211,4024763.9164287974,486.2868388981551,0.00010203872922042225,25800.299089487948,4765708.497287211
1,2019-09,2020-01,credit_a_2_mean_collater_valueofguarantee_876L,num,0.011848469472266844,462162.9043816737,640386.1940517414,15160389.165494977,21324261.618510146,178223.28967006766,0.011755851893017602,462162.9043816737,15160389.165494977
1,2019-09,2020-01,credit_a_2_std_collater_valueofguarantee_876L,num,0.012401644156286314,847182.789101533,1159188.328203415,25171670.20060876,33480302.505645536,312005.539101882,0.012395106745611834,847182.789101533,25171670.20060876
1,2019-09,2020-01,credit_a_2_max_pmts_dpd_1073P,num,0.009804436916017503,19.433517206456727,20.960539800645794,162.5952412548575,173.11961257303318,1.5270225941890665,0.009391557725822723,19.433517206456727,162.5952412548575
1,2019-09,2020-01,credit_a_2_min_pmts_dpd_1073P,num,0.009077348350715135,3.0826889472744856,3.708988487996631,69.22572577693543,77.36226677601489,0.6262995407221452,0.00904720800963874,3.0826889472744856,69.22572577693543
1,2019-09,2020-01,credit_a_2_mean_pmts_dpd_1073P,num,0.008908327075385348,8.897879842212308,9.83581200380868,107.00889859513983,114.74023421232994,0.9379321615963718,0.00876499220074181,8.897879842212308,107.00889859513983
1,2019-09,2020-01,credit_a_2_std_pmts_dpd_1073P,num,0.006590533812340782,5.081052989790859,5.393134966604312,51.30398506048639,53.90190411863808,0.3120819768134533,0.006082996797334842,5.081052989790859,51.30398506048639
1,2019-09,2020-01,credit_a_2_max_pmts_dpd_303P,num,0.08912038568955721,121.22921880901684,172.2115190228836,575.7194734376533,638.2672292767927,50.982300213866765,0.08855406594022014,121.22921880901684,575.7194734376533
1,2019-09,2020-01,credit_a_2_min_pmts_dpd_303P,num,0.024505430947266017,4.258318909877266,6.137603537835182,76.73336855992697,92.3316647139188,1.879284627957916,0.024491100328669118,4.258318909877266,76.73336855992697
1,2019-09,2020-01,credit_a_2_mean_pmts_dpd_303P,num,0.08999496791506974,37.8546217290571,53.88162218869756,178.11980888277023,212.395542251829,16.027000459640462,0.08997876519275097,37.8546217290571,178.11980888277023
1,2019-09,2020-01,credit_a_2_std_pmts_dpd_303P,num,0.10580135267714275,35.92988230218745,51.73725698707734,150.04635301128013,172.71679593076496,15.807374684889886,0.10534994265206515,35.92988230218745,150.04635301128013
1,2019-09,2020-01,credit_a_2_std_pmts_month_158T,num,0.03849711473880032,2.7684680527916803,2.8325012210621083,1.66332382841903,1.6086314047271888,0.06403316827042804,0.03849711473880034,2.7684680527916803,1.66332382841903
1,2019-09,2020-01,credit_a_2_std_pmts_month_706T,num,0.46006683855182834,1.6856676918116822,2.6956747292125054,2.195348485841894,1.7025173283165504,1.0100070374008232,0.4600668385518282,1.6856676918116822,2.195348485841894
1,2019-09,2020-01,credit_a_2_max_pmts_overdue_1140A,num,0.0023633913125303777,4372.664363950422,4258.401482822196,203018.3027194858,166031.1850228617,114.26288112822567,-0.000562820591038557,4372.664363950422,203018.3027194858
1,2019-09,2020-01,credit_a_2_min_pmts_overdue_1140A,num,0.002805431143404039,241.25520691962973,220.7571116496922,13423.979975251705,8445.277210941818,20.498095269937522,-0.0015269760017317946,241.25520691962973,13423.979975251705
1,2019-09,2020-01,credit_a_2_mean_pmts_overdue_1140A,num,0.0035024321028322442,1221.061780847942,1087.7406019527643,67038.28903684896,49705.41521701386,133.32117889517758,-0.0019887318249112067,1221.061780847942,67038.28903684896
1,2019-09,2020-01,credit_a_2_std_pmts_overdue_1140A,num,0.002089587697130502,1283.8797143687757,1197.5835521754807,88225.02868593603,68493.18911556865,86.296162193295,-0.0009781369695043409,1283.8797143687757,88225.02868593603
1,2019-09,2020-01,credit_a_2_max_pmts_overdue_1152A,num,0.019154038156573135,11808.843670608852,18163.86076331421,331784.7150955748,616920.096820075,6355.017092705357,0.019154038156564003,11808.843670608852,331784.7150955748
1,2019-09,2020-01,credit_a_2_min_pmts_overdue_1152A,num,0.009444168280666724,129.15654523076935,168.91175229821314,4372.157136938186,5739.649090309724,39.75520706744379,0.009092812957606618,129.15654523076935,4372.157136938186
1,2019-09,2020-01,credit_a_2_mean_pmts_overdue_1152A,num,0.02515781550162976,2416.515898334442,3343.985220884954,37110.38836639331,47056.0548225261,927.4693225505116,0.024992175058734117,2416.515898334442,37110.38836639331
1,2019-09,2020-01,credit_a_2_std_pmts_overdue_1152A,num,0.026199183095599557,3150.2397640236522,4626.566577711835,56350.10863892889,96007.10068330393,1476.3268136881825,0.026199183095598814,3150.2397640236522,56350.10863892889
1,2019-09,2020-01,credit_a_2_max_pmts_year_1139T,num,0.03603689711552689,1690.5862024596663,1717.4870103888811,746.4795829390189,721.1139154582629,26.900807929214807,0.036036897115526836,1690.5862024596663,746.4795829390189
1,2019-09,2020-01,credit_a_2_min_pmts_year_1139T,num,0.03624146701291076,1688.523610886285,1715.544149234873,745.5696630316311,720.2989666938388,27.020538348587934,0.03624146701291087,1688.523610886285,745.5696630316311
1,2019-09,2020-01,credit_a_2_mean_pmts_year_1139T,num,0.0361375996949123,1689.2982049840912,1716.2536474863866,745.9112594600566,720.5964153828838,26.955442502295455,0.036137599694912384,1689.2982049840912,745.9112594600566
1,2019-09,2020-01,credit_a_2_std_pmts_year_1139T,num,0.0843120712782036,0.4174512609872034,0.3966654797119278,0.651121012255796,0.6198753489996881,0.02078578127527564,-0.031923069420327424,0.4174512609872034,0.651121012255796
1,2019-09,2020-01,credit_a_2_max_pmts_year_507T,num,0.46037591807867556,1209.8262710281538,1665.4637547381722,989.7074669143589,767.5936352798508,455.6374837100184,0.46037591807867556,1209.8262710281538,989.7074669143589
1,2019-09,2020-01,credit_a_2_min_pmts_year_507T,num,0.4603230436875234,1205.2036342958656,1659.0516495858487,985.9337296137281,764.6490179449177,453.8480152899831,0.4603230436875234,1205.2036342958656,985.9337296137281
1,2019-09,2020-01,credit_a_2_mean_pmts_year_507T,num,0.4603826752910303,1207.3983791757778,1662.1293171589284,987.7238271307517,766.059466134407,454.7309379831506,0.46038267529103033,1207.3983791757778,987.7238271307517
1,2019-09,2020-01,credit_a_2_std_pmts_year_507T,num,0.38904315817546736,0.9449104471760973,1.6954309331858015,1.929151603254825,1.8001490475631678,0.7505204860097042,0.38904173458604363,0.9449104471760973,1.929151603254825
1,2019-09,2020-01,credit_a_2_n_unique_collater_typofvalofguarant_298M,num,0.09600907115330312,1.942613322707708,2.04599887687772,1.076831104895603,0.9425352309159385,0.10338555417001216,0.0960090711533033,1.942613322707708,1.076831104895603
1,2019-09,2020-01,credit_a_2_n_unique_collater_typofvalofguarant_407M,num,0.37023401153855723,1.7833825183561827,2.2275410641583604,1.1996697546949209,1.039847809287608,0.44415854580217773,0.37023401153855745,1.7833825183561827,1.1996697546949209
1,2019-09,2020-01,credit_a_2_n_unique_collaterals_typeofguarante_359M,num,0.33005599425139115,1.844322139071171,2.3005720904113436,1.3823449385624333,1.286732242404514,0.45624995134017254,0.33005506701869125,1.844322139071171,1.3823449385624333
1,2019-09,2020-01,credit_a_2_n_unique_collaterals_typeofguarante_669M,num,0.09178067422923117,1.772578415868707,1.8646497262389443,1.003418671987317,0.8730413228193319,0.0920713103702373,0.09175762116115083,1.772578415868707,1.003418671987317
1,2019-09,2020-01,credit_a_2_n_unique_subjectroles_name_541M,num,0.3353830875829173,1.4607080152909389,1.7736066264214516,0.932958824446252,0.7906930947543863,0.31289861113051276,0.3353830875829171,1.4607080152909389,0.932958824446252
1,2019-09,2020-01,credit_a_2_n_unique_subjectroles_name_838M,num,0.09366056403172965,1.6936789982027751,1.7787203425522953,0.9079738652941548,0.7610987513252787,0.08504134434952015,0.09366056403172954,1.6936789982027751,0.9079738652941548
1,2019-09,2020-01,day_of_week,num,0.069693448421351,3.031868574298439,3.1716446721886844,2.005584471085295,2.0109177624808745,0.1397760978902456,0.06969344842135103,3.031868574298439,2.005584471085295
1,2019-09,2020-01,day_of_month,num,0.04376221983589072,15.954625259933508,16.333384809771164,8.654943722188072,8.84436787207602,0.3787595498376568,0.04376221983589073,15.954625259933508,8.654943722188072
1,2019-09,2020-01,day_of_year,num,1.767292945763288,189.11814367007435,254.8663975852871,51.569568885764696,105.42892553849939,65.74825391521276,1.2749428652555976,189.11814367007435,51.569568885764696
1,2019-09,2020-01,month,num,1.7881341915728197,6.728648096726395,8.857402077776218,1.6639529696738278,3.439702105147113,2.1287539810498233,1.2793354258486687,6.728648096726395,1.6639529696738278
1,2019-09,2020-01,isbidproduct_1095L,bin,0.035289427802623674,0.13112685585260264,0.09583742804997894,0.3375390400039875,0.29436816307940644,0.0352894278026237,,,
1,2019-09,2020-01,max_sex_738L_eq_F,bin,0.004222726932348486,0.6285804413785089,0.6243577144461603,0.4831843024094511,0.4842883013843379,0.004222726932348597,,,
1,2019-09,2020-01,actualdpdtolerance_344P__missing,bin,0.0042997861223843525,0.29436717345918056,0.29006738733679627,0.4557577653192902,0.4537932328058687,0.004299786122384297,,,
1,2019-09,2020-01,amtinstpaidbefduel24m_4187115A__missing,bin,0.00487440055149746,0.3175235652293018,0.3126491646778043,0.4655129974054163,0.4635727176011068,0.004874400551497515,,,
1,2019-09,2020-01,annuitynextmonth_57A__missing,bin,3.5097571248199344e-06,0.0,3.5097571248069634e-06,0.0,0.0018734312921513522,3.5097571248069634e-06,,,
1,2019-09,2020-01,avgdbddpdlast24m_3658932P__missing,bin,0.0017143175133713662,0.4228500749189589,0.4211357574055875,0.4940120333149687,0.4937412594061891,0.0017143175133713662,,,
1,2019-09,2020-01,avgdbddpdlast3m_4187120P__missing,bin,0.008592196943088493,0.5853183744453714,0.5939105713884599,0.4926670021241521,0.4911016234767433,0.008592196943088548,,,
1,2019-09,2020-01,avgdbdtollast24m_4525197P__missing,bin,0.3771652329579699,0.8801836240853038,0.503018391127334,0.3247466889398018,0.4999908892319963,0.3771652329579698,,,
1,2019-09,2020-01,avgdpdtolclosure24_3658938P__missing,bin,0.002373764890483354,0.32608217426855435,0.32370840937807105,0.468777761730275,0.46789023827815657,0.0023737648904832986,,,
1,2019-09,2020-01,avginstallast24m_3658937A__missing,bin,0.0013359657477609588,0.4301966985850486,0.42886073283728765,0.49510352363073873,0.49491333046054875,0.0013359657477609588,,,
1,2019-09,2020-01,avglnamtstart24m_4525187A__missing,bin,0.12470387220567447,0.9627356004100828,0.8380317282044083,0.1894089863578818,0.368421702302051,0.12470387220567447,,,
1,2019-09,2020-01,avgmaxdpdlast9m_3716943P__missing,bin,0.003853010896705422,0.5109722031984792,0.5148252140951846,0.4998795962599107,0.49978016469947245,0.003853010896705311,,,
1,2019-09,2020-01,avgoutstandbalancel6m_4187114A__missing,bin,0.0031284735035321254,0.5186135219381804,0.5154850484346484,0.49965341668105995,0.4997601557497122,0.00312847350353207,,,
1,2019-09,2020-01,avgpmtlast12m_4525200A__missing,bin,0.33964754188213875,0.8918095522710199,0.5521620103888811,0.3106207893061618,0.497271680947337,0.33964754188213875,,,
1,2019-09,2020-01,cardtype_51L__missing,bin,0.03490002786344536,0.8921582055975461,0.8572581777341008,0.3101804987140757,0.34980936871689083,0.03490002786344526,,,
1,2019-09,2020-01,cntincpaycont9m_3716944L__missing,bin,0.0045101353634250385,0.3191423128167453,0.3146321774533202,0.46614428773366295,0.4643692177182964,0.004510135363425094,,,
1,2019-09,2020-01,cntpmts24_3658933L__missing,bin,0.004466035363556831,0.31903854694575534,0.3145725115821985,0.4661040146882415,0.4643453957336781,0.004466035363556831,,,
1,2019-09,2020-01,credtype_322L__missing,bin,3.5097571248199344e-06,0.0,3.5097571248069634e-06,0.0,0.0018734312921513524,3.5097571248069634e-06,,,
1,2019-09,2020-01,datefirstoffer_1144D__missing,bin,0.010703276003661277,0.5566208851643859,0.5673241611680472,0.4967837309767716,0.4954467250098832,0.010703276003661277,,,
1,2019-09,2020-01,datelastinstal40dpd_247D__missing,bin,0.006353169013283699,0.9166718549602162,0.9103186859469324,0.2763775773900853,0.28572465060400826,0.006353169013283755,,,
1,2019-09,2020-01,datelastunpaid_3546854D__missing,bin,0.003106080659586896,0.602140897450265,0.599034816790678,0.48945606244897455,0.4900939757467304,0.0031060806595869517,,,
1,2019-09,2020-01,daysoverduetolerancedd_3976961L__missing,bin,0.00487440055149746,0.3175235652293018,0.3126491646778043,0.4655129974054163,0.4635727176011068,0.004874400551497515,,,
1,2019-09,2020-01,disbursementtype_67L__missing,bin,7.694735364782712e-05,0.0008882358556741253,0.0009651832093219149,0.02979004687372647,0.031052401367597297,7.694735364778961e-05,,,
1,2019-09,2020-01,dtlastpmtallstes_4499206D__missing,bin,0.3656017345477939,0.8297285069751419,0.464126772427348,0.3758711370775147,0.4987114511854734,0.3656017345477939,,,
1,2019-09,2020-01,eir_270L__missing,bin,0.034203904619143244,0.10771312472242629,0.14191702934156955,0.31001775349962996,0.3489650213480338,0.03420390461914326,,,
1,2019-09,2020-01,equalitydataagreement_891L__missing,bin,0.0008683301294633711,0.9504829263635873,0.9513512564930506,0.21694500006890863,0.215132617848025,0.0008683301294633017,,,
1,2019-09,2020-01,firstclxcampaign_1125D__missing,bin,0.017510082250682624,0.5656360640359943,0.5831461462866769,0.4956731857765384,0.4930382524284242,0.017510082250682624,,,
1,2019-09,2020-01,firstdatedue_489D__missing,bin,0.002795828921521082,0.33613501185006245,0.33333918292854137,0.47238571703494675,0.47140658889442116,0.002795828921521082,,,
1,2019-09,2020-01,inittransactionamount_650A__missing,bin,0.03531735345213344,0.8921333017885086,0.8568159483363751,0.310211981761573,0.3502604445449318,0.03531735345213349,,,
1,2019-09,2020-01,lastactivateddate_801D__missing,bin,0.004380406799519232,0.3178929717300261,0.31351256493050683,0.4656576320159253,0.4639207222804362,0.0043804067995192875,,,
1,2019-09,2020-01,lastapplicationdate_877D__missing,bin,0.005537980310095669,0.2192821892108398,0.21374420890074408,0.4137602091861194,0.40994831633041146,0.005537980310095725,,,
1,2019-09,2020-01,lastapprcredamount_781A__missing,bin,0.0051368962289563,0.31060860758653036,0.30547171135757406,0.46274280165085996,0.4606069310353993,0.0051368962289563,,,
1,2019-09,2020-01,lastdelinqdate_224D__missing,bin,0.007771276453845788,0.6651101786018171,0.6573389021479714,0.4719519349701578,0.47459927293546406,0.007771276453845677,,,
1,2019-09,2020-01,lastrejectcredamount_222A__missing,bin,0.006426159672150933,0.5284463758731898,0.5220202162010389,0.4991901478391587,0.4995148747319338,0.006426159672150877,,,
1,2019-09,2020-01,maininc_215A__missing,bin,0.009236854267454131,0.3342630755374034,0.3434999298048575,0.4717322035537531,0.4748765397752509,0.009236854267454075,,,
1,2019-09,2020-01,maxannuity_159A__missing,bin,0.004746513026935295,0.21949802222249892,0.21475150919556366,0.4139065600626671,0.41064984901225937,0.004746513026935267,,,
1,2019-09,2020-01,maxannuity_4075009A__missing,bin,0.0069088561134103,0.9367733794883928,0.9298645233749825,0.24337011930450386,0.25537519758895766,0.0069088561134103,,,
1,2019-09,2020-01,maxdbddpdlast1m_3658939P__missing,bin,0.014836459034949345,0.6340053211138643,0.6488417801488137,0.48170797576246355,0.47733229985213893,0.014836459034949345,,,
1,2019-09,2020-01,maxdbddpdtollast12m_3658940P__missing,bin,0.0028823146210797956,0.47920739477103025,0.48208970939211004,0.4995674804946698,0.4996791185254202,0.0028823146210797956,,,
1,2019-09,2020-01,maxdbddpdtollast6m_4187119P__missing,bin,0.002692178164656167,0.5381298069539736,0.5408219851186298,0.4985439978794778,0.4983307792330054,0.002692178164656167,,,
1,2019-09,2020-01,maxdpdfrom6mto36m_3546853P__missing,bin,0.04471761118575435,0.2635860654887165,0.21886845430296223,0.44057740701140646,0.4134792062655563,0.044717611185754264,,,
1,2019-09,2020-01,maxdpdinstldate_3546855D__missing,bin,0.002769193666099068,0.5630668210702827,0.5602976274041837,0.49600662906869386,0.49635088005303896,0.002769193666099068,,,
1,2019-09,2020-01,maxdpdinstlnum_3546846P__missing,bin,0.0020455047552211947,0.5639716594653152,0.5619261547100941,0.4958907407738662,0.4961503314146042,0.002045504755221139,,,
1,2019-09,2020-01,maxlnamtstart6m_4525199A__missing,bin,0.3377965277000966,0.8916642800516339,0.5538677523515373,0.3108039442021856,0.4970897959690919,0.3377965277000966,,,
1,2019-09,2020-01,maxoutstandbalancel12m_4187113A__missing,bin,0.0010690174466227997,0.4661328950262943,0.4650638775796715,0.49885170060920914,0.49877797400269375,0.0010690174466227997,,,
1,2019-09,2020-01,maxpmtlast3m_4525190A__missing,bin,0.27186010323324017,0.912608383452249,0.6407482802190089,0.2824080769116242,0.47978111844401655,0.27186010323324017,,,
1,2019-09,2020-01,numincomingpmts_3546848L__missing,bin,0.004466035363556831,0.31903854694575534,0.3145725115821985,0.4661040146882415,0.4643453957336781,0.004466035363556831,,,
1,2019-09,2020-01,numinstlallpaidearly3d_817L__missing,bin,0.004648443542439873,0.31260506294437734,0.30795661940193736,0.4635548916427474,0.4616485026169452,0.004648443542439984,,,
1,2019-09,2020-01,numinstlswithdpd10_728L__missing,bin,0.004226477989190736,0.3201011094646926,0.3158746314755019,0.4665151542920824,0.46486325802940986,0.004226477989190736,,,
1,2019-09,2020-01,numinstmatpaidtearly2d_4499204L__missing,bin,0.4399962691252774,0.8023716727473467,0.3623754036220693,0.3982102102156241,0.48068645754983746,0.43999626912527734,,,
1,2019-09,2020-01,numinstpaidearly3d_3546850L__missing,bin,0.006068356447972878,0.31414079783502885,0.30807244138705603,0.4641727662956977,0.4616966669198241,0.0060683564479728225,,,
1,2019-09,2020-01,numinstpaidearly3dest_4493216L__missing,bin,0.4380390285843033,0.7896956339472122,0.3516566053629089,0.40752477185064806,0.4774874210568737,0.4380390285843033,,,
1,2019-09,2020-01,numinstpaidlastcontr_4325080L__missing,bin,0.15289849083610652,0.46554765551391086,0.3126491646778043,0.4988116237212319,0.4635727176011068,0.15289849083610657,,,
1,2019-09,2020-01,numinstregularpaid_973L__missing,bin,0.010697741231454505,0.3233469059092588,0.3126491646778043,0.4677538715480266,0.4635727176011068,0.010697741231454505,,,
1,2019-09,2020-01,pctinstlsallpaidearl3d_427L__missing,bin,0.0035014771822701185,0.3209519896068104,0.3174505124245402,0.46684238236715425,0.46548435482402317,0.003501477182270174,,,
1,2019-09,2020-01,pctinstlsallpaidlat10d_839L__missing,bin,0.003151371585149332,0.3227533651271962,0.3196019935420469,0.4675292829612569,0.4663223769732655,0.003151371585149332,,,
1,2019-09,2020-01,pctinstlsallpaidlate4d_3546849L__missing,bin,0.003237080242512569,0.3216036392766274,0.3183665590341148,0.46709178806810164,0.4658425625926556,0.003237080242512569,,,
1,2019-09,2020-01,pctinstlsallpaidlate6d_3546844L__missing,bin,0.003219011141626038,0.3217821165747301,0.318563105433104,0.4671599148336862,0.4659191488766276,0.0032190111416260936,,,
1,2019-09,2020-01,pmtnum_254L__missing,bin,0.006650842428154835,0.028776351342937902,0.0221255089147831,0.16717736971948596,0.14709170870598023,0.006650842428154804,,,
1,2019-09,2020-01,posfpd10lastmonth_333P__missing,bin,0.008259768720857874,0.014448359876643132,0.022708128597501053,0.11932981510719835,0.1489713713875938,0.008259768720857921,,,
1,2019-09,2020-01,posfpd30lastmonth_3976960P__missing,bin,0.0015139010101304917,0.05449368480909155,0.052979783798961115,0.2269892577304462,0.22399313897433656,0.0015139010101304362,,,
1,2019-09,2020-01,posfstqpd30lastmonth_3976962P__missing,bin,0.007459377864146743,0.07898243036272398,0.0864418082268707,0.2697113383911055,0.28101534124908484,0.007459377864146716,,,
1,2019-09,2020-01,price_1097A__missing,bin,0.024139858254952018,0.13688378637512608,0.11274392812017409,0.3437246214671491,0.3162795200328455,0.02413985825495199,,,
1,2019-09,2020-01,sumoutstandtotal_3546847A__missing,bin,0.006542667796891055,0.3134393405471367,0.3068966727502457,0.463891280737753,0.4612061415517732,0.006542667796891,,,
1,2019-09,2020-01,totinstallast1m_4525188A__missing,bin,0.23881425833690273,0.9219639143807046,0.6831496560438017,0.2682283634526995,0.46524853948297035,0.23881425833690284,,,
1,2019-09,2020-01,twobodfilling_608L__missing,bin,6.107371017805008e-07,4.150634839598717e-05,4.211708549768356e-05,0.006442408371023212,0.006489631087264727,6.107371016963938e-07,,,
1,2019-09,2020-01,validfrom_1069D__missing,bin,0.03532675337556701,0.8688814454170766,0.9042081987926436,0.3375299678947165,0.294305507982448,0.03532675337556701,,,
1,2019-09,2020-01,assignmentdate_238D__missing,bin,0.1264858025000528,0.8106895449659025,0.9371753474659553,0.39175503398026734,0.24264730694574216,0.1264858025000528,,,
1,2019-09,2020-01,assignmentdate_4527235D__missing,bin,0.10374565221801778,0.9658402752701025,0.8620946230520848,0.18163930724453636,0.34480064378821657,0.10374565221801768,,,
1,2019-09,2020-01,birthdate_574D__missing,bin,0.650172842096033,0.18863805219008248,0.8388108942861154,0.39122082952728143,0.36770528676243286,0.650172842096033,,,
1,2019-09,2020-01,contractssum_5085716L__missing,bin,0.0,1.0,1.0,0.0,0.0,0.0,,,
1,2019-09,2020-01,dateofbirth_337D__missing,bin,0.03504314725057234,0.08913903381522204,0.054095886564649726,0.2849443216941,0.2262068116159066,0.03504314725057231,,,
1,2019-09,2020-01,description_5085714M__missing,bin,0.0016482581029370058,0.0018553337733006262,0.00020707567036361085,0.043033609073493656,0.014388634057142262,0.0016482581029370153,,,
1,2019-09,2020-01,pmtaverage_3A__missing,bin,0.13215575690071696,0.8018362408530385,0.9339919977537554,0.39861621104479256,0.24829608511956935,0.1321557569007169,,,
1,2019-09,2020-01,pmtcount_693L__missing,bin,0.13175551850487063,0.7976773047437605,0.9294328232486312,0.40173153005519785,0.25610046918486845,0.13175551850487066,,,
1,2019-09,2020-01,pmtscount_423L__missing,bin,0.5015764837467325,0.22334981135364654,0.7249262951003791,0.4164909040086434,0.4465514099993606,0.5015764837467326,,,
1,2019-09,2020-01,requesttype_4525192L__missing,bin,0.6509953149069725,0.7967309600003321,0.14573564509335954,0.4024310343118201,0.3528409937104556,0.6509953149069725,,,
1,2019-09,2020-01,responsedate_1012D__missing,bin,0.6385843248501006,0.01937931406608641,0.657963638916187,0.13785411220712424,0.4743917039539755,0.6385843248501006,,,
1,2019-09,2020-01,responsedate_4527233D__missing,bin,0.6406073690214777,0.8053974855454141,0.16479011652393655,0.39589439983730323,0.37099101609063795,0.6406073690214775,,,
1,2019-09,2020-01,responsedate_4917613D__missing,bin,0.0,1.0,1.0,0.0,0.0,0.0,,,
1,2019-09,2020-01,applprev_1_max_actualdpd_943P__missing,bin,0.0055239412815965006,0.2192821892108398,0.2137582479292433,0.4137602091861194,0.40995811904566964,0.0055239412815965006,,,
1,2019-09,2020-01,applprev_1_std_actualdpd_943P__missing,bin,0.00839860562070971,0.37855865054560095,0.3701600449248912,0.4850278328536359,0.48284737346918827,0.008398605620709765,,,
1,2019-09,2020-01,applprev_1_max_annuity_853A__missing,bin,0.0054385863867506545,0.22193444487334338,0.21649585848659272,0.4155472861806515,0.41185604492922756,0.0054385863867506545,,,
1,2019-09,2020-01,applprev_1_std_annuity_853A__missing,bin,0.007955261865227325,0.3841205012306632,0.3761652393654359,0.4863866175841676,0.4844222869135773,0.007955261865227325,,,
1,2019-09,2020-01,applprev_1_max_byoccupationinc_3656910L__missing,bin,0.017755777457168664,0.6332831106517742,0.6510388881089428,0.48190830291144277,0.476641641360482,0.01775577745716861,,,
1,2019-09,2020-01,applprev_1_std_byoccupationinc_3656910L__missing,bin,0.01406221190421289,0.7817015112461451,0.795763723150358,0.4130911020121809,0.40314243149070583,0.014062211904212973,,,
1,2019-09,2020-01,applprev_1_max_childnum_21L__missing,bin,0.026794984778075515,0.36070677010048685,0.3875017548785624,0.48020557691905386,0.48717978698279046,0.02679498477807557,,,
1,2019-09,2020-01,applprev_1_std_childnum_21L__missing,bin,0.019901514580871027,0.6178178452394294,0.6377193598203005,0.48592072948490045,0.48065931586799243,0.019901514580871082,,,
1,2019-09,2020-01,applprev_1_max_credacc_actualbalance_314A__missing,bin,0.029023381564438566,0.8664865291146281,0.8374631475501896,0.3401288343811987,0.36894257553922805,0.02902338156443851,,,
1,2019-09,2020-01,applprev_1_max_credacc_credlmt_575A__missing,bin,0.005310901018441672,0.2208801836240853,0.2155692826056437,0.41483988249236076,0.4112166910553751,0.005310901018441588,,,
1,2019-09,2020-01,applprev_1_std_credacc_credlmt_575A__missing,bin,0.007936881029696252,0.38141013668040524,0.373473255650709,0.48573289400434866,0.48372614459461377,0.007936881029696252,,,
1,2019-09,2020-01,applprev_1_std_credamount_590A__missing,bin,0.007880264881663157,0.3816799279449792,0.373799663063316,0.48579868314858027,0.48381140432721037,0.007880264881663157,,,
1,2019-09,2020-01,applprev_1_max_currdebt_94A__missing,bin,0.0041372363828922065,0.2946328140889149,0.29049557770602275,0.4558775262622208,0.45399107594672705,0.004137236382892151,,,
1,2019-09,2020-01,applprev_1_std_currdebt_94A__missing,bin,0.007671883623079689,0.4874837606411901,0.47981187701811034,0.4998433192034409,0.49959227344952806,0.007671883623079745,,,
1,2019-09,2020-01,applprev_1_max_familystate_726L__missing,bin,0.00021425834307942093,0.25494859438751155,0.255162852730591,0.43583231707543624,0.4359527168363305,0.00021425834307947644,,,
1,2019-09,2020-01,applprev_1_std_isbidproduct_390L__missing,bin,0.007992058353140652,0.37799416420741555,0.3700021058542749,0.48488614749501036,0.4828048752008174,0.007992058353140652,,,
1,2019-09,2020-01,applprev_1_max_isdebitcard_527L__missing,bin,0.03582500732620847,0.8124079077894965,0.7765829004632879,0.39038608985283985,0.416535591722142,0.035825007326208524,,,
1,2019-09,2020-01,applprev_1_std_isdebitcard_527L__missing,bin,0.013117836352362522,0.9617560505879374,0.9486382142355749,0.191784644185686,0.22073457528786555,0.013117836352362522,,,
1,2019-09,2020-01,applprev_1_max_mainoccupationinc_437A__missing,bin,0.005156053698786689,0.21976366285223325,0.2146076091534466,0.41408645877642897,0.41054985476417855,0.005156053698786661,,,
1,2019-09,2020-01,applprev_1_std_mainoccupationinc_437A__missing,bin,0.006761158383178589,0.3795465016374254,0.3727853432542468,0.4852741026803483,0.4835456866823033,0.006761158383178645,,,
1,2019-09,2020-01,applprev_1_max_maxdpdtolerance_577P__missing,bin,0.004939020525498883,0.31632818239549737,0.3113891618699986,0.4650426468807547,0.46306149887449977,0.004939020525498772,,,
1,2019-09,2020-01,applprev_1_std_maxdpdtolerance_577P__missing,bin,0.008868661112145293,0.5265578370211724,0.5176891759090271,0.4992941831152821,0.49968699508358183,0.008868661112145348,,,
1,2019-09,2020-01,applprev_1_max_outstandingdebt_522A__missing,bin,0.0040612955567362885,0.2955957613717018,0.2915344658149656,0.45631009985621157,0.4544690540146252,0.0040612955567361775,,,
1,2019-09,2020-01,applprev_1_std_outstandingdebt_522A__missing,bin,0.00768985041486725,0.4886002814130421,0.48091043099817493,0.49987002952381354,0.49963545546260485,0.007689850414867194,,,
1,2019-09,2020-01,applprev_1_max_pmtnum_8L__missing,bin,0.005728969080125101,0.23067983248037788,0.2249508634002527,0.4212679045063873,0.41754996402314976,0.005728969080125185,,,
1,2019-09,2020-01,applprev_1_std_pmtnum_8L__missing,bin,0.007416352044262942,0.3981330444491485,0.3907166924048856,0.48951314932982226,0.4879110151257825,0.007416352044262886,,,
1,2019-09,2020-01,applprev_1_max_revolvingaccount_394A__missing,bin,0.029023381564438566,0.8664865291146281,0.8374631475501896,0.3401288343811987,0.36894257553922805,0.02902338156443851,,,
1,2019-09,2020-01,applprev_1_max_approvaldate_319D__missing,bin,0.00498078540722513,0.31096141154789625,0.30598062614067106,0.46288704029820943,0.460821530060428,0.004980785407225186,,,
1,2019-09,2020-01,applprev_1_std_approvaldate_319D__missing,bin,0.008427151840532332,0.517015527524935,0.5085883756844026,0.4997103879479075,0.4999262343617342,0.008427151840532332,,,
1,2019-09,2020-01,applprev_1_max_dateactivated_425D__missing,bin,0.004183155279169126,0.3182748301352692,0.31409167485609996,0.4658067868093323,0.4641530939702868,0.004183155279169237,,,
1,2019-09,2020-01,applprev_1_std_dateactivated_425D__missing,bin,0.0078090785514845495,0.530492638849112,0.5226835602976274,0.49906933283464494,0.4994851910639834,0.007809078551484605,,,
1,2019-09,2020-01,applprev_1_max_dtlastpmt_581D__missing,bin,0.016468961012207073,0.4938134787715781,0.47734451775937103,0.49996172549015216,0.499486465406666,0.016468961012207073,,,
1,2019-09,2020-01,applprev_1_std_dtlastpmt_581D__missing,bin,0.0197194237452048,0.7327406226782386,0.7130211989330338,0.44252887200198104,0.4523515986543353,0.019719423745204745,,,
1,2019-09,2020-01,applprev_1_max_dtlastpmtallstes_3545839D__missing,bin,0.00967294970807342,0.3862663794427358,0.37659342973466237,0.4868928666092123,0.4845315453253238,0.00967294970807342,,,
1,2019-09,2020-01,applprev_1_std_dtlastpmtallstes_3545839D__missing,bin,0.015707901455859596,0.6251561676358399,0.6094482661799804,0.48408256909613007,0.48787403807765395,0.01570790145585954,,,
1,2019-09,2020-01,applprev_1_max_employedfrom_700D__missing,bin,0.014473129050810662,0.37627995201866127,0.3618068229678506,0.48445159688816725,0.48052330414014366,0.014473129050810662,,,
1,2019-09,2020-01,applprev_1_std_employedfrom_700D__missing,bin,0.007292938863850851,0.6471462310160339,0.6398532921521831,0.47785770549168294,0.48004276546386593,0.00729293886385074,,,
1,2019-09,2020-01,applprev_1_max_firstnonzeroinstldate_307D__missing,bin,0.002603729100607466,0.23798910043291122,0.2353853713323038,0.42585242573929866,0.4242394351012848,0.0026037291006074104,,,
1,2019-09,2020-01,applprev_1_std_firstnonzeroinstldate_307D__missing,bin,0.004509832209167675,0.40713162078139853,0.4026217885722308,0.49129977014172316,0.4904258189972553,0.00450983220916773,,,
1,2019-09,2020-01,tax_a_1_max_amount_4527230A__missing,bin,0.44664515111705383,0.8687776795460865,0.4221325284290327,0.33764333707124133,0.4938994400393107,0.44664515111705383,,,
1,2019-09,2020-01,tax_a_1_std_amount_4527230A__missing,bin,0.42985436916413233,0.8739369186517078,0.4440825494875755,0.3319204435844018,0.4968634004715888,0.4298543691641323,,,
1,2019-09,2020-01,tax_b_1_max_amount_4917619A__missing,bin,0.0,1.0,1.0,0.0,0.0,0.0,,,
1,2019-09,2020-01,tax_b_1_std_amount_4917619A__missing,bin,0.0,1.0,1.0,0.0,0.0,0.0,,,
1,2019-09,2020-01,tax_c_1_max_pmtamount_36A__missing,bin,0.42234462235851566,0.34715909798403666,0.7695037203425523,0.4760668636556706,0.42115050127184134,0.42234462235851566,,,
1,2019-09,2020-01,tax_c_1_std_pmtamount_36A__missing,bin,0.406180198983532,0.3719259360719222,0.7781061350554541,0.4833187707392985,0.4155201290485428,0.4061801989835319,,,
1,2019-09,2020-01,credit_a_1_max_annualeffectiverate_199L__missing,bin,0.08452729543565746,0.8659676997596782,0.7814404043240207,0.3406870157969188,0.41326903926368797,0.08452729543565751,,,
1,2019-09,2020-01,credit_a_1_std_annualeffectiverate_199L__missing,bin,0.03304185658960402,0.9527035160027726,0.9196616594131686,0.2122722935258565,0.2718162828429998,0.03304185658960401,,,
1,2019-09,2020-01,credit_a_1_max_annualeffectiverate_63L__missing,bin,0.018036678036032233,0.8449073785835544,0.8268707005475221,0.36199295600691,0.37835901617851286,0.01803667803603226,,,
1,2019-09,2020-01,credit_a_1_std_contractsum_5085717L__missing,bin,0.0,1.0,1.0,0.0,0.0,0.0,,,
1,2019-09,2020-01,credit_a_1_max_credlmt_230A__missing,bin,0.11525985642028169,0.7154283247622724,0.6001684683419908,0.4512101914741299,0.4898635299244266,0.11525985642028158,,,
1,2019-09,2020-01,credit_a_1_std_credlmt_230A__missing,bin,0.05416067938465119,0.8787184499869255,0.8245577706022743,0.32645418612647714,0.3803449139158844,0.05416067938465119,,,
1,2019-09,2020-01,credit_a_1_max_credlmt_935A__missing,bin,0.03706377650183623,0.39599961814159473,0.3589358416397585,0.4890643317328569,0.47968833968121083,0.03706377650183623,,,
1,2019-09,2020-01,credit_a_1_std_credlmt_935A__missing,bin,0.0316985396060368,0.8308491783818335,0.7991506387757967,0.3748850772757776,0.4006356141433669,0.031698539606036746,,,
1,2019-09,2020-01,credit_a_1_max_dpdmax_139P__missing,bin,0.013339657614790501,0.16340634300016188,0.15006668538537132,0.3697360005023521,0.35713677397156857,0.013339657614790557,,,
1,2019-09,2020-01,credit_a_1_std_dpdmax_139P__missing,bin,0.025355505020639102,0.49115292183939535,0.46579741681875614,0.4999217230807442,0.4988288116215122,0.025355505020639213,,,
1,2019-09,2020-01,credit_a_1_max_dpdmax_757P__missing,bin,0.225178929888034,0.401540715652459,0.1763617857644251,0.49020992373244543,0.3811276771456098,0.22517892988803392,,,
1,2019-09,2020-01,credit_a_1_std_dpdmax_757P__missing,bin,0.1966390767856263,0.4975656526665754,0.30092657588094907,0.4999940739179419,0.4586608461701483,0.1966390767856263,,,
1,2019-09,2020-01,credit_a_1_max_instlamount_768A__missing,bin,0.03701065029882833,0.39865602443893794,0.3616453741401095,0.4896216892841645,0.48047684387821404,0.03701065029882844,,,
1,2019-09,2020-01,credit_a_1_std_instlamount_768A__missing,bin,0.030632118374805034,0.8350579221091866,0.8044258037343816,0.3711282646631408,0.3966420678907821,0.030632118374805062,,,
1,2019-09,2020-01,credit_a_1_max_instlamount_852A__missing,bin,0.09651680440338317,0.7782730868686366,0.6817562824652534,0.415408340220319,0.46579464765539225,0.09651680440338317,,,
1,2019-09,2020-01,credit_a_1_std_instlamount_852A__missing,bin,0.03565498207368899,0.9337807717690421,0.8981257896953531,0.2486649192054525,0.3024828186516575,0.035654982073689,,,
1,2019-09,2020-01,credit_a_1_max_monthlyinstlamount_332A__missing,bin,0.013342556634813652,0.16344784934855786,0.1501052927137442,0.3697737820504437,0.3571745984992009,0.013342556634813652,,,
1,2019-09,2020-01,credit_a_1_std_monthlyinstlamount_332A__missing,bin,0.025381415357168646,0.4912525370755457,0.4658711217183771,0.4999234760364683,0.4988338597842353,0.025381415357168646,,,
1,2019-09,2020-01,credit_a_1_max_monthlyinstlamount_674A__missing,bin,0.2245569478028696,0.4042635321072358,0.17970658430436615,0.490748946728791,0.3839428705706408,0.22455694780286967,,,
1,2019-09,2020-01,credit_a_1_std_monthlyinstlamount_674A__missing,bin,0.19557774451066,0.5027165905025174,0.30713884599185737,0.4999926200815785,0.46130746284300184,0.19557774451066,,,
1,2019-09,2020-01,credit_a_1_max_nominalrate_281L__missing,bin,0.00454459843761984,0.5463107082228227,0.5417661097852029,0.4978506988082879,0.498252538451547,0.0045445984376197845,,,
1,2019-09,2020-01,credit_a_1_std_nominalrate_281L__missing,bin,0.008688471407668374,0.8650130537465706,0.8563245823389022,0.3417096290633367,0.3507603056518895,0.008688471407668374,,,
1,2019-09,2020-01,credit_a_1_max_nominalrate_498L__missing,bin,0.18181574453396954,0.561315253167972,0.3794995086340025,0.4962261981485334,0.48526243578145756,0.18181574453396954,,,
1,2019-09,2020-01,credit_a_1_std_nominalrate_498L__missing,bin,0.12511783788080771,0.7314248714340859,0.6063070335532781,0.44321837606502373,0.48856812689439977,0.12511783788080777,,,
1,2019-09,2020-01,credit_a_1_max_numberofcontrsvalue_258L__missing,bin,0.013276210721026138,0.1629954301510416,0.14971921943001545,0.36936150300338355,0.3567959847914244,0.013276210721026138,,,
1,2019-09,2020-01,credit_a_1_max_numberofcontrsvalue_358L__missing,bin,0.03819627743633658,0.21107638413295313,0.1728801066966166,0.40807247419338527,0.37814359098784556,0.03819627743633652,,,
1,2019-09,2020-01,credit_a_1_max_numberofinstls_229L__missing,bin,0.21837292879890802,0.4238586791849813,0.20548575038607328,0.494168492788183,0.4040561307223857,0.21837292879890804,,,
1,2019-09,2020-01,credit_a_1_std_numberofinstls_229L__missing,bin,0.18571610921825632,0.5261344722675333,0.340418363049277,0.4993165222174183,0.47384987195115674,0.18571610921825632,,,
1,2019-09,2020-01,credit_a_1_max_numberofinstls_320L__missing,bin,0.0018225238731297555,0.41710559630095423,0.41892812017408393,0.4930806402966757,0.49338357319786424,0.0018225238731297,,,
1,2019-09,2020-01,credit_a_1_std_numberofinstls_320L__missing,bin,0.004341040463788526,0.7696190132280732,0.7652779727642847,0.4210767005023195,0.4238249605274227,0.004341040463788581,,,
1,2019-09,2020-01,credit_a_1_max_numberofoutstandinstls_520L__missing,bin,0.21838538070342683,0.42387113108950014,0.20548575038607328,0.4941704112129822,0.4040561307223857,0.21838538070342686,,,
1,2019-09,2020-01,credit_a_1_std_numberofoutstandinstls_520L__missing,bin,0.18573649674267734,0.5260846646494581,0.34034816790678085,0.4993191266816497,0.47382622606740393,0.18573649674267728,,,
1,2019-09,2020-01,credit_a_1_max_numberofoutstandinstls_59L__missing,bin,0.0018253927525396785,0.41710974693579383,0.41893513968833357,0.49308133806396676,0.4933847265802317,0.001825392752539734,,,
1,2019-09,2020-01,credit_a_1_std_numberofoutstandinstls_59L__missing,bin,0.0043388124620933055,0.7696273144977525,0.7652885020356591,0.4210713850129573,0.423818369927114,0.004338812462093333,,,
1,2019-09,2020-01,credit_a_1_std_numberofoverdueinstlmax_1039L__missing,bin,0.025405260282328035,0.49015676947789166,0.4647515091955637,0.49990310142355443,0.4987559963509307,0.02540526028232798,,,
1,2019-09,2020-01,credit_a_1_max_numberofoverdueinstlmax_1151L__missing,bin,0.22549380942661457,0.40051135821223854,0.17501754878562403,0.4900020511745093,0.37998211326679016,0.2254938094266145,,,
1,2019-09,2020-01,credit_a_1_std_numberofoverdueinstlmax_1151L__missing,bin,0.19741570313099377,0.49468511208789384,0.2972694089569002,0.49997175116848525,0.4570561316242409,0.19741570313099366,,,
1,2019-09,2020-01,credit_a_1_max_numberofoverdueinstls_725L__missing,bin,0.013340298492505398,0.16341049363500149,0.15007019514249614,0.36973977904056604,0.35714021290298475,0.013340298492505342,,,
1,2019-09,2020-01,credit_a_1_std_numberofoverdueinstls_725L__missing,bin,0.02536987955830239,0.49117782564843293,0.46580794609013054,0.4999221631811401,0.49882953345749753,0.02536987955830239,,,
1,2019-09,2020-01,credit_a_1_max_numberofoverdueinstls_834L__missing,bin,0.22548202854042365,0.40054871392579494,0.17506668538537135,0.49000963429119093,0.3800241321989312,0.2254820285404236,,,
1,2019-09,2020-01,credit_a_1_std_numberofoverdueinstls_834L__missing,bin,0.19734044124800543,0.4947432209756482,0.29740277972764284,0.49997236551062413,0.4571152659208768,0.19734044124800537,,,
1,2019-09,2020-01,credit_a_1_max_outstandingamount_354A__missing,bin,0.21835345738013956,0.42384622728046256,0.2054927699003229,0.4941665740421757,0.40406124711362246,0.21835345738013967,,,
1,2019-09,2020-01,credit_a_1_std_outstandingamount_354A__missing,bin,0.18574253987004813,0.5260556102055809,0.34031307033553276,0.4993206436517671,0.473814398783253,0.18574253987004813,,,
1,2019-09,2020-01,credit_a_1_max_outstandingamount_362A__missing,bin,0.0018295735279924008,0.4170599393177186,0.4188895128457111,0.49307296248528926,0.4933772277614704,0.0018295735279924563,,,
1,2019-09,2020-01,credit_a_1_std_outstandingamount_362A__missing,bin,0.004348670715139835,0.7695775068796773,0.7652288361645374,0.4211032744880258,0.4238557118487433,0.004348670715139891,,,
1,2019-09,2020-01,credit_a_1_max_overdueamount_31A__missing,bin,0.22548553829754847,0.40054871392579494,0.17506317562824653,0.49000963429119093,0.3800211312114106,0.22548553829754842,,,
1,2019-09,2020-01,credit_a_1_std_overdueamount_31A__missing,bin,0.1973538393987898,0.4947390703408086,0.2973852309420188,0.49997232185304125,0.45710748775269583,0.1973538393987898,,,
1,2019-09,2020-01,credit_a_1_std_overdueamountmax_155A__missing,bin,0.025405260282328035,0.49015676947789166,0.4647515091955637,0.49990310142355443,0.4987559963509307,0.02540526028232798,,,
1,2019-09,2020-01,credit_a_1_max_overdueamountmax_35A__missing,bin,0.22519229789820527,0.40149090803438386,0.17629861013617856,0.49019991717676753,0.3810740219435461,0.2251922978982053,,,
1,2019-09,2020-01,credit_a_1_std_overdueamountmax_35A__missing,bin,0.19671497954632944,0.49751169441366055,0.30079671486733117,0.4999938082969717,0.45860446050202414,0.19671497954632938,,,
1,2019-09,2020-01,credit_a_1_max_periodicityofpmts_1102L__missing,bin,0.21522438642526664,0.4330855404334093,0.21786115400814263,0.49550222512205855,0.41279252849631737,0.21522438642526667,,,
1,2019-09,2020-01,credit_a_1_std_periodicityofpmts_1102L__missing,bin,0.18046705694183446,0.5386237324998858,0.35815667555805136,0.49850597517760725,0.4794585188639952,0.18046705694183446,,,
1,2019-09,2020-01,credit_a_1_max_periodicityofpmts_837L__missing,bin,0.0031100875401636197,0.4246556010741843,0.4277656886143479,0.4942906245828536,0.4947546909920518,0.003110087540163564,,,
1,2019-09,2020-01,credit_a_1_std_periodicityofpmts_837L__missing,bin,0.0035245837570988536,0.7764468075392131,0.7729222237821143,0.416625926463269,0.41894326556924805,0.0035245837570988536,,,
1,2019-09,2020-01,credit_a_1_max_prolongationcount_1120L__missing,bin,0.02238206591542484,0.9584728984298149,0.93609083251439,0.19950589315948716,0.24459105829303376,0.02238206591542491,,,
1,2019-09,2020-01,credit_a_1_max_residualamount_488A__missing,bin,0.1145990940879057,0.7169225533045279,0.6023234592166222,0.45049373565882606,0.489417929477399,0.1145990940879057,,,
1,2019-09,2020-01,credit_a_1_std_residualamount_488A__missing,bin,0.05357081731613225,0.879830820123938,0.8262600028078056,0.32515926572062603,0.3788857486998562,0.053570817316132335,,,
1,2019-09,2020-01,credit_a_1_max_residualamount_856A__missing,bin,0.03701416005595315,0.39865602443893794,0.3616418643829847,0.4896216892841645,0.48047583322013576,0.03701416005595326,,,
1,2019-09,2020-01,credit_a_1_std_residualamount_856A__missing,bin,0.030642006768464652,0.835053771474347,0.8044117647058824,0.3711320118513304,0.3966528425571289,0.030642006768464625,,,
1,2019-09,2020-01,credit_a_1_max_totalamount_6A__missing,bin,0.2183566316281006,0.423821323471425,0.20546469184332444,0.49416273558652196,0.4040407804282287,0.21835663162810054,,,
1,2019-09,2020-01,credit_a_1_std_totalamount_6A__missing,bin,0.18575593802083262,0.5260514595707414,0.3402955215499087,0.49932086022339783,0.473808484055514,0.18575593802083268,,,
1,2019-09,2020-01,credit_a_1_max_totalamount_996A__missing,bin,0.0018231948914575469,0.41705578868287907,0.41887898357433667,0.4930722642868698,0.4933754966494254,0.0018231948914576024,,,
1,2019-09,2020-01,credit_a_1_std_totalamount_996A__missing,bin,0.004357277353369882,0.7695650549751585,0.7652077776217886,0.42111124555898505,0.42386888855979027,0.004357277353369882,,,
1,2019-09,2020-01,credit_a_1_last_classificationofcontr_13M__missing,bin,0.034528102880684974,0.08855379430283862,0.054025691422153584,0.28409860931973807,0.2260683880787224,0.03452810288068504,,,
1,2019-09,2020-01,credit_a_1_max_dateofrealrepmt_138D__missing,bin,0.2254962484126014,0.4008226558252085,0.17532640741260705,0.4900651532219312,0.3802460496525843,0.22549624841260144,,,
1,2019-09,2020-01,credit_a_1_std_dateofrealrepmt_138D__missing,bin,0.19722754446110302,0.49530770731383367,0.2980801628527306,0.49997798190455073,0.45741488756534826,0.19722754446110308,,,
1,2019-09,2020-01,credit_a_1_max_numberofoverdueinstlmaxdat_148D__missing,bin,0.15835170242728186,0.5801051770868354,0.42175347465955354,0.4935414477061544,0.4938395298800481,0.15835170242728186,,,
1,2019-09,2020-01,credit_a_1_std_numberofoverdueinstlmaxdat_148D__missing,bin,0.10403865544030833,0.7397925512707169,0.6357538958304085,0.43874768643843653,0.48121812077982534,0.10403865544030833,,,
1,2019-09,2020-01,credit_a_1_max_numberofoverdueinstlmaxdat_641D__missing,bin,0.004819970464693124,0.664749073370772,0.6599291029060789,0.47207811093448504,0.473732711603977,0.00481997046469318,,,
1,2019-09,2020-01,credit_a_1_std_numberofoverdueinstlmaxdat_641D__missing,bin,0.0037765575781527755,0.919373918240795,0.9155973606626422,0.27226001671079625,0.27799070813652343,0.0037765575781527616,,,
1,2019-09,2020-01,credit_a_1_max_overdueamountmax2date_1002D__missing,bin,0.1578147460938933,0.5830604290926297,0.4252456829987365,0.4930527001436542,0.4943802100505992,0.15781474609389318,,,
1,2019-09,2020-01,credit_a_1_std_overdueamountmax2date_1002D__missing,bin,0.10281388109471673,0.742407451219664,0.6395935701249473,0.4373083895755789,0.48011835538726416,0.10281388109471667,,,
1,2019-09,2020-01,credit_a_1_max_overdueamountmax2date_1142D__missing,bin,0.004602332978668189,0.6613164983584239,0.6567141653797557,0.4732620704824936,0.4748059291640392,0.004602332978668189,,,
1,2019-09,2020-01,credit_a_1_std_overdueamountmax2date_1142D__missing,bin,0.003833939128772987,0.9188135825374492,0.9149796434086761,0.2731211875379633,0.2789119853222662,0.003833939128773056,,,
1,2019-09,2020-01,person_1_max_contaddr_smempladdr_334L__missing,bin,4.56268426224371e-05,0.0,4.562684262249053e-05,0.0,0.006754610337667364,4.562684262249053e-05,,,
1,2019-09,2020-01,person_1_max_empl_employedtotal_800L__missing,bin,0.01733466137681977,0.5954127183752755,0.5780780569984557,0.49081199371270506,0.49386619343233634,0.017334661376819827,,,
1,2019-09,2020-01,person_1_max_empl_industry_691L__missing,bin,0.017354703908490976,0.6001568939969368,0.5828021900884459,0.4898658965317818,0.49309613395012225,0.01735470390849092,,,
1,2019-09,2020-01,person_1_max_familystate_447L__missing,bin,0.009649257962491942,0.5122921050774716,0.5026428471149796,0.49984888131590777,0.499993015310341,0.009649257962491942,,,
1,2019-09,2020-01,person_1_max_housetype_905L__missing,bin,0.0,1.0,1.0,0.0,0.0,0.0,,,
1,2019-09,2020-01,person_1_std_personindex_1023L__missing,bin,0.01781782385401609,0.6001942497104932,0.6180120735645094,0.48985825738161376,0.4858735951798624,0.0178178238540162,,,
1,2019-09,2020-01,person_1_std_persontype_1072L__missing,bin,0.0012945837348569134,0.48555786607561624,0.4868524498104731,0.4997913812459256,0.49982711203376495,0.0012945837348568578,,,
1,2019-09,2020-01,person_1_max_empl_employedfrom_271D__missing,bin,0.017240398437612936,0.597620856109942,0.580380457672329,0.4903775774363688,0.49349668897003435,0.017240398437612936,,,
1,2019-09,2020-01,deposit_1_max_amount_416A__missing,bin,0.006252603058577583,0.932137120372561,0.9383897234311386,0.2515104554409433,0.24044635657453797,0.006252603058577555,,,
1,2019-09,2020-01,debitcard_1_max_openingdate_857D__missing,bin,0.006211737587896393,0.9321744760861174,0.9383862136740138,0.2514462610970582,0.24045275556866044,0.006211737587896393,,,
1,2019-09,2020-01,credit_a_2_max_collater_valueofguarantee_1124L__missing,bin,0.013276210721026138,0.1629954301510416,0.14971921943001545,0.36936150300338355,0.3567959847914244,0.013276210721026138,,,
1,2019-09,2020-01,credit_a_2_std_collater_valueofguarantee_1124L__missing,bin,0.025618742326165678,0.4868113577971751,0.4611926154710094,0.4998260294510939,0.4984917119732475,0.025618742326165678,,,
1,2019-09,2020-01,credit_a_2_max_collater_valueofguarantee_876L__missing,bin,0.22545822168071716,0.4007354924935769,0.17527727081285974,0.49004750540075936,0.3802040888118579,0.22545822168071714,,,
1,2019-09,2020-01,credit_a_2_std_collater_valueofguarantee_876L__missing,bin,0.19747469798378747,0.4946353044698187,0.29716060648603115,0.4999712192135348,0.4570078559925259,0.19747469798378753,,,
1,2019-09,2020-01,credit_a_2_max_pmts_dpd_1073P__missing,bin,0.013339657614790501,0.16340634300016188,0.15006668538537132,0.3697360005023521,0.35713677397156857,0.013339657614790557,,,
1,2019-09,2020-01,credit_a_2_std_pmts_dpd_1073P__missing,bin,0.012981534745695744,0.1714295201451062,0.15844798539941035,0.3768838544802958,0.3651605418473887,0.012981534745695855,,,
1,2019-09,2020-01,credit_a_2_max_pmts_dpd_303P__missing,bin,0.225178929888034,0.401540715652459,0.1763617857644251,0.49020992373244543,0.3811276771456098,0.22517892988803392,,,
1,2019-09,2020-01,credit_a_2_std_pmts_dpd_303P__missing,bin,0.22439696553665656,0.40406845226977467,0.17967148673311806,0.49071084983937696,0.3839135886996305,0.2243969655366566,,,
1,2019-09,2020-01,credit_a_2_std_pmts_month_158T__missing,bin,0.013276210721026138,0.1629954301510416,0.14971921943001545,0.36936150300338355,0.3567959847914244,0.013276210721026138,,,
1,2019-09,2020-01,credit_a_2_std_pmts_month_706T__missing,bin,0.22549158142491932,0.40051965948191776,0.17502807805699847,0.4900037365678005,0.3799911182497187,0.2254915814249193,,,
1,2019-09,2020-01,credit_a_2_std_pmts_overdue_1140A__missing,bin,0.012928281614141945,0.17099370348694834,0.1580654218728064,0.3765034619426041,0.3648023359039497,0.012928281614141945,,,
1,2019-09,2020-01,credit_a_2_max_pmts_overdue_1152A__missing,bin,0.22519229789820527,0.40149090803438386,0.17629861013617856,0.49019991717676753,0.3810740219435461,0.2251922978982053,,,
1,2019-09,2020-01,credit_a_2_std_pmts_overdue_1152A__missing,bin,0.22441478955021832,0.4040020421123411,0.1795872525621227,0.49069786231590545,0.38384329000167644,0.22441478955021837,,,
1,2019-09,2020-01,credit_a_2_last_collater_typofvalofguarant_298M__missing,bin,0.0349443838764284,0.08936316809656036,0.054418784220131966,0.2852672296011343,0.22684219216039747,0.0349443838764284,,,
2,2019-12,2020-04,actualdpdtolerance_344P,num,0.009421222060955622,-0.2182444370824361,-0.10684203497234541,11.824623322695814,17.716000703290042,0.11140240211009068,0.009421222060940274,-0.2182444370824361,11.824623322695814
2,2019-12,2020-04,amtinstpaidbefduel24m_4187115A,num,0.07626574541183073,35167.81373056772,39746.47442403471,60035.611908629304,65962.16283202507,4578.660693466991,0.07626574541183065,35167.81373056772,60035.611908629304
2,2019-12,2020-04,annuity_780A,num,0.04094880654192269,3905.963178642779,4025.6619937590153,2927.7584484282265,3051.0036974589584,119.69881511623635,0.040884115689426806,3905.963178642779,2927.7584484282265
2,2019-12,2020-04,annuitynextmonth_57A,num,0.05271233363311689,1324.2589185733784,1466.2805160550429,2694.276462483849,2879.6382602563294,142.02159748166446,0.052712332776249315,1324.2589185733784,2694.276462483849
2,2019-12,2020-04,applicationcnt_361L,num,0.002185920723339645,2.0705648500911048e-05,0.0,0.009472277873531864,0.0,2.0705648500911048e-05,-0.0021859207233318498,2.0705648500911048e-05,0.009472277873531864
2,2019-12,2020-04,applications30d_658L,num,0.04002596499029849,0.13238501463199162,0.15114924266497193,0.4688013902357749,0.5397408147638182,0.018764228032980307,0.04002596499029832,0.13238501463199162,0.4688013902357749
2,2019-12,2020-04,applicationscnt_1086L,num,0.02142925301538624,0.37116945502733145,0.4241628788402113,2.5511419775454107,3.520471140880493,0.05299342381287986,0.02077243222028264,0.37116945502733145,2.5511419775454107
2,2019-12,2020-04,applicationscnt_464L,num,0.004325696471773537,1.442103555850036,1.4224405115522951,11.722784707416478,11.697456648119212,0.019663044297740795,-0.0016773356150864796,1.442103555850036,11.722784707416478
2,2019-12,2020-04,applicationscnt_629L,num,0.007460435102668797,0.368325879299873,0.34754977134883464,3.0357900926160806,2.9165195654401317,0.020776107951038347,-0.0068437234845623385,0.368325879299873,3.0357900926160806
2,2019-12,2020-04,applicationscnt_867L,num,0.11081633592485925,2.6373164099166253,3.0625900904012564,3.837644305195195,4.454985418464708,0.4252736804846311,0.11081633592485855,2.6373164099166253,3.837644305195195
2,2019-12,2020-04,avgdbddpdlast24m_3658932P,num,0.003694823548291389,17.545386781513997,17.82890077046002,243.99083335712183,247.53616184639628,0.283513988946023,0.00116198623138867,17.545386781513997,243.99083335712183
2,2019-12,2020-04,avgdbddpdlast3m_4187120P,num,0.0027690007979912206,11.041387140411905,11.120667025876957,229.22882094152786,233.7370007263458,0.07927988546505205,0.00034585478884993664,11.041387140411905,229.22882094152786
2,2019-12,2020-04,avgdbdtollast24m_4525197P,num,0.04188674897916354,12.010718624040639,17.23187024219063,207.325045809904,246.80898584319786,5.221151618149992,0.025183409933680942,12.010718624040639,207.325045809904
2,2019-12,2020-04,avgdpdtolclosure24_3658938P,num,0.0026444318899037636,31.33687054828557,31.993326978074357,264.03699086457516,268.3177629289934,0.6564564297887863,0.0024862290228321966,31.33687054828557,264.03699086457516
2,2019-12,2020-04,avginstallast24m_3658937A,num,0.0631050687619925,2970.972593469144,3307.1237300239873,5326.848431505216,5975.9014987438495,336.1511365548431,0.06310506876199148,2970.972593469144,5326.848431505216
2,2019-12,2020-04,avglnamtstart24m_4525187A,num,0.15504807825653105,5726.00790174003,9077.77030964465,21646.346245027515,26945.834254944966,3351.762407904619,0.15484194745681704,5726.00790174003,21646.346245027515
2,2019-12,2020-04,avgmaxdpdlast9m_3716943P,num,0.017452480396009273,-0.1456400806139915,-0.08396770791598164,3.539594262081677,3.8323758803643906,0.06167237269800986,0.017423571215119896,-0.1456400806139915,3.539594262081677
2,2019-12,2020-04,avgoutstandbalancel6m_4187114A,num,0.047072821293863226,21354.608860102915,23582.264163928518,47882.86793945971,51445.448527250075,2227.6553038256025,0.046523013338343036,21354.608860102915,47882.86793945971
2,2019-12,2020-04,avgpmtlast12m_4525200A,num,0.21134603894595505,2179.7675884932632,3432.2202576642644,5927.217652722234,7491.439458459314,1252.4526691710012,0.21130532782034395,2179.7675884932632,5927.217652722234
2,2019-12,2020-04,clientscnt12m_3712952L,num,0.008214960113860737,0.03326707525813042,0.035626292351123454,0.34577293023637035,0.4263790190737256,0.0023592170929930337,0.006823024264450872,0.03326707525813042,0.34577293023637035
2,2019-12,2020-04,clientscnt3m_3712950L,num,0.007533432826140956,0.016367815139970186,0.018563803576445017,0.29692165369591694,0.37851079547635824,0.0021959884364748314,0.007395851427945314,0.016367815139970186,0.29692165369591694
2,2019-12,2020-04,clientscnt6m_3712949L,num,0.008250872597005314,0.022755507702501242,0.025356562265419564,0.3152459976007048,0.3995939943619466,0.0026010545629183215,0.008250872597002343,0.022755507702501242,0.3152459976007048
2,2019-12,2020-04,clientscnt_100L,num,0.020568639654932525,0.06171318535696538,0.06816706041640762,0.3137725764908076,0.6744034807565514,0.006453875059442241,0.020568639654942298,0.06171318535696538,0.3137725764908076
2,2019-12,2020-04,clientscnt_1022L,num,0.013417939909668938,0.09772375904146652,0.10479269421533276,0.5403640697903652,0.6520214874617017,0.007068935173866239,0.013081800898806317,0.09772375904146652,0.5403640697903652
2,2019-12,2020-04,clientscnt_1071L,num,0.0025505832673357928,0.0356689304842361,0.03517958211869598,0.19276257680317935,0.19117676729447247,0.0004893483655401196,-0.0025386066821454136,0.0356689304842361,0.19276257680317935
2,2019-12,2020-04,clientscnt_1130L,num,0.007891703533045896,0.03148293854563525,0.030228927480968764,0.2786121336142311,0.31183766019206943,0.0012540110646664833,-0.004500920503350362,0.03148293854563525,0.2786121336142311
2,2019-12,2020-04,clientscnt_157L,num,0.011521172450577056,0.0919606868753796,0.09725388338560303,0.487288842011657,1.128210061912434,0.005293196510223433,0.010862544047533944,0.0919606868753796,0.487288842011657
2,2019-12,2020-04,clientscnt_257L,num,0.009807472952975713,0.003402628236983049,0.0040157868317191895,0.06251952951347851,0.07897985002585718,0.0006131585947361405,0.009807472952974643,0.003402628236983049,0.06251952951347851
2,2019-12,2020-04,clientscnt_304L,num,0.008735672854007823,0.0702749710120921,0.07547560823973141,0.7391638002172956,1.6108602672512062,0.005200637227639318,0.00703583864105691,0.0702749710120921,0.7391638002172956
2,2019-12,2020-04,clientscnt_360L,num,0.004220487342757117,0.003903014742421733,0.0039144711089005866,0.0655361908072689,0.07528325121855198,1.145636647885374e-05,0.00017480977056699893,0.003903014742421733,0.0655361908072689
2,2019-12,2020-04,clientscnt_493L,num,0.015441849587231462,0.012274998619623433,0.021244064971009887,0.5808285011928983,1.635418088607076,0.008969066351386454,0.015441849587211884,0.012274998619623433,0.5808285011928983
2,2019-12,2020-04,clientscnt_533L,num,0.002808641353815434,0.07652462591795042,0.07728547547008192,0.2839021256413411,0.2861252994145965,0.0007608495521315012,0.0026799713119890363,0.07652462591795042,0.2839021256413411
2,2019-12,2020-04,clientscnt_887L,num,0.009411790473295888,3.1480108773673456,3.134690042967077,46.74277116984401,49.89481758072737,0.013320834400268655,-0.00028498170020485565,3.1480108773673456,46.74277116984401
2,2019-12,2020-04,clientscnt_946L,num,0.031499121297153335,0.03195916846115621,0.03903418484593102,0.23425095449001018,0.25241720897818765,0.007075016384774813,0.03020272169297194,0.03195916846115621,0.23425095449001018
2,2019-12,2020-04,cntincpaycont9m_3716944L,num,0.04286319983429463,3.765632764618188,4.018250645887733,5.92379120079158,6.078739360184214,0.25261788126954476,0.04264462954666399,3.765632764618188,5.92379120079158
2,2019-12,2020-04,cntpmts24_3658933L,num,0.05805263367517179,6.6797940478162445,7.161225551825295,8.293017448663171,8.466971624035754,0.4814315040090502,0.05805263367517171,6.6797940478162445,8.293017448663171
2,2019-12,2020-04,credamount_770A,num,0.060250780204206544,49221.114734916104,51804.326797379734,42910.36538023966,46003.81334824782,2583.21206246363,0.06020018798658858,49221.114734916104,42910.36538023966
2,2019-12,2020-04,currdebt_22A,num,0.05226408760768737,18171.70620344569,20725.95868871013,49071.16564976539,53090.82526136076,2554.2524852644383,0.05205200348193991,18171.70620344569,49071.16564976539
2,2019-12,2020-04,currdebtcredtyperange_828A,num,0.037284993927464434,9949.704869667718,11234.223424460753,34461.97558236291,38472.37176795656,1284.518554793036,0.03727350313167862,9949.704869667718,34461.97558236291
2,2019-12,2020-04,datefirstoffer_1144D,num,0.033066090556520975,-1060.8855702335597,-1114.084036786818,1608.8676872059245,1654.6143762629451,53.198466553258186,-0.03306578096900341,-1060.8855702335597,1608.8676872059245
2,2019-12,2020-04,datelastinstal40dpd_247D,num,0.022895189735153178,-180.0294434321683,-196.80592512768084,732.7513722130898,769.0436620111727,16.77648169551253,-0.022895189735153167,-180.0294434321683,732.7513722130898
2,2019-12,2020-04,datelastunpaid_3546854D,num,0.017616827512258196,-391.7846578046491,-408.1272157057791,928.7858139290178,948.061833631658,16.34255790113002,-0.01759561532491171,-391.7846578046491,928.7858139290178
2,2019-12,2020-04,daysoverduetolerancedd_3976961L,num,0.015083209798476004,64.34668847661642,70.26070377585278,392.0926234039327,412.0699659655234,5.914015299236354,0.01508320979847599,64.34668847661642,392.0926234039327
2,2019-12,2020-04,disbursedcredamount_1113A,num,0.04965472520908684,45560.21146750006,47541.9478673507,41192.39005812099,44124.798005202836,1981.7363998506335,0.04810928419192172,45560.21146750006,41192.39005812099
2,2019-12,2020-04,downpmt_116A,num,0.006658170549230455,574.5098164215156,599.5218916953512,4267.054840741903,4426.374997143416,25.01207527383565,0.005861671857371033,574.5098164215156,4267.054840741903
2,2019-12,2020-04,dtlastpmtallstes_4499206D,num,0.08258780988046803,-189.16363328916128,-238.93621254196543,609.4605068943048,672.595178902548,49.77257925280415,-0.08166661939497241,-189.16363328916128,609.4605068943048
2,2019-12,2020-04,eir_270L,num,0.0647296163090693,0.08391583094874838,0.05359905714448319,0.46920857236666824,0.4992879733855852,0.030316773804265194,-0.06461257442793227,0.08391583094874838,0.46920857236666824
2,2019-12,2020-04,firstclxcampaign_1125D,num,0.06714397084741495,-407.2319826348628,-444.77067646666023,559.0776559388231,601.1196400815072,37.538693831797445,-0.06714397084741498,-407.2319826348628,559.0776559388231
2,2019-12,2020-04,firstdatedue_489D,num,0.05003781495904189,-1200.1052157528575,-1272.9238888658626,1455.2813202911511,1489.922872038934,72.81867311300516,-0.050037523396807344,-1200.1052157528575,1455.2813202911511
2,2019-12,2020-04,homephncnt_628L,num,0.02111080386456706,0.6072656120589697,0.624763404760918,0.8304804494001053,0.8473407852127081,0.01749779270194829,0.021069481785619106,0.6072656120589697,0.8304804494001053
2,2019-12,2020-04,inittransactionamount_650A,num,0.11597065489872022,4761.013040041833,6729.435523122382,16973.453196410916,21285.058539936203,1968.4224830805488,0.11597065489872015,4761.013040041833,16973.453196410916
2,2019-12,2020-04,lastactivateddate_801D,num,0.012238608930406594,-443.5721626359671,-441.3432530636493,825.8600908024628,821.3851006663535,2.228909572317832,0.002698894882003645,-443.5721626359671,825.8600908024628
2,2019-12,2020-04,lastapplicationdate_877D,num,0.01704120005511323,-380.88020747059795,-371.2548550954901,710.6085856419305,695.6530975093426,9.625352375107866,0.013545223868091564,-380.88020747059795,710.6085856419305
2,2019-12,2020-04,lastapprcredamount_781A,num,0.028394802904901397,25688.308723156344,26679.496096206658,35035.04048512157,36452.81264853699,991.1873730503139,0.028291315189752506,25688.308723156344,35035.04048512157
2,2019-12,2020-04,lastapprdate_640D,num,0.01283663480337963,-432.26008019987853,-430.4775286332048,812.7093547001829,806.9023997537972,1.7825515666737033,0.0021933444673235066,-432.26008019987853,812.7093547001829
2,2019-12,2020-04,lastdelinqdate_224D,num,0.03662072982270303,-185.4269090607918,-202.11281505735852,456.3420101373694,483.80542680148085,16.68590599656673,-0.03656447494620075,-185.4269090607918,456.3420101373694
2,2019-12,2020-04,lastrejectcredamount_222A,num,0.07518009060395044,23640.48517680315,26859.99016186239,42830.9540859281,47895.562988982114,3219.5049850592404,0.07516771582067076,23640.48517680315,42830.9540859281
2,2019-12,2020-04,lastrejectdate_50D,num,0.015849349944756785,-407.56992297498755,-419.7569666072588,821.5260109220291,826.7870400321473,12.18704363227124,-0.014834641228940846,-407.56992297498755,821.5260109220291
2,2019-12,2020-04,maininc_215A,num,0.039763141173235386,32538.87616210894,33932.31392695334,35043.45289959944,36055.0453938655,1393.4377648444024,0.039763141173235525,32538.87616210894,35043.45289959944
2,2019-12,2020-04,maxannuity_159A,num,0.0776844954108658,25195.25738477641,31088.278084644877,75939.09049488971,90738.52285496939,5893.020699868466,0.07760193941570889,25195.25738477641,75939.09049488971
2,2019-12,2020-04,maxannuity_4075009A,num,0.07949723822213768,3975.7384289934294,1432.775120542684,31994.01701532339,7900.045885667223,2542.9633084507454,-0.0794824640879826,3975.7384289934294,31994.01701532339
2,2019-12,2020-04,maxdbddpdlast1m_3658939P,num,0.003319292289073376,14.867735768317598,15.333628069981533,272.20073835003006,280.03917737577876,0.4658923016639349,0.0017115761863394792,14.867735768317598,272.20073835003006
2,2019-12,2020-04,maxdbddpdtollast12m_3658940P,num,0.004044317032918028,26.976699243553643,28.15876173765675,303.721445083819,313.3550464377322,1.182062494103107,0.0038919296389390264,26.976699243553643,303.721445083819
2,2019-12,2020-04,maxdbddpdtollast6m_4187119P,num,0.003337291769281553,21.208757799127604,21.55130950571743,288.29305701233517,294.8510874459301,0.3425517065898269,0.0011882065775006513,21.208757799127604,288.29305701233517
2,2019-12,2020-04,maxdebt4_972A,num,0.08811318803837731,35358.50049279614,39640.491256721565,48596.47981480826,52904.23564266138,4281.990763925423,0.08811318803837763,35358.50049279614,48596.47981480826
2,2019-12,2020-04,maxdpdfrom6mto36m_3546853P,num,0.011520346330286948,24.12872011484733,26.57685948890823,212.5057098001255,227.67326050133804,2.4481393740609008,0.011520346330286957,24.12872011484733,212.5057098001255
2,2019-12,2020-04,maxdpdinstldate_3546855D,num,0.013934621963005614,-438.93781748661036,-451.93803622497614,943.7022536026468,956.7364809169076,13.000218738365788,-0.0137757631591284,-438.93781748661036,943.7022536026468
2,2019-12,2020-04,maxdpdinstlnum_3546846P,num,0.03996333269092211,2.9598897079123185,3.1956406607627232,5.93861142185377,6.047557629084712,0.2357509528504047,0.03969799269621412,2.9598897079123185,5.93861142185377
2,2019-12,2020-04,maxdpdlast12m_727P,num,0.003942532083256337,13.496759566009608,14.178596593028557,174.50714432053243,181.04797068142602,0.6818370270189487,0.003907215545092866,13.496759566009608,174.50714432053243
2,2019-12,2020-04,maxdpdlast24m_143P,num,0.00929249259798558,20.490037132129643,22.385437246422864,203.97111908424841,216.71233378267658,1.8954001142932206,0.009292492597985614,20.490037132129643,203.97111908424841
2,2019-12,2020-04,maxdpdlast3m_392P,num,0.00209760538195444,5.244951272707194,5.321465577983172,124.15284554104574,126.21515294135004,0.07651430527597824,0.0006162911928642193,5.244951272707194,124.15284554104574
2,2019-12,2020-04,maxdpdlast6m_474P,num,0.004108482820738348,8.284968389376623,8.139106487429942,145.30057140311177,145.8845704945536,0.14586190194668092,-0.001003863237000024,8.284968389376623,145.30057140311177
2,2019-12,2020-04,maxdpdlast9m_1059P,num,0.004013477382455171,11.235695847827287,11.246036022344722,163.08972534833308,165.31003227642123,0.01034017451743452,6.340175320885232e-05,11.235695847827287,163.08972534833308
2,2019-12,2020-04,maxdpdtolerance_374P,num,0.018691130297542317,41.20206642372039,45.870177716988344,249.7500803299072,268.1477502861466,4.668111293267955,0.018691130297542314,41.20206642372039,249.7500803299072
2,2019-12,2020-04,maxinstallast24m_3658928A,num,0.08478597429350573,8351.928973254564,10024.096230956155,19725.1481592241,22582.975987195026,1672.1672577015906,0.08477336870697383,8351.928973254564,19725.1481592241
2,2019-12,2020-04,maxlnamtstart6m_4525199A,num,0.2835624348822188,15512.24829151987,23954.091484790977,29770.79090734068,35479.11346999547,8441.843193271106,0.28356126713414165,15512.24829151987,29770.79090734068
2,2019-12,2020-04,maxoutstandbalancel12m_4187113A,num,0.06219833473973638,36384.54357619416,40528.65904844674,66732.4242167354,71705.95949623916,4144.115472252575,0.062100478453970195,36384.54357619416,66732.4242167354
2,2019-12,2020-04,maxpmtlast3m_4525190A,num,0.1047407639424924,3127.6522819500688,4329.345879070879,11473.04010466756,13728.38538606312,1201.6935971208104,0.10474064294710582,3127.6522819500688,11473.04010466756
2,2019-12,2020-04,mindbddpdlast24m_3658935P,num,0.008788461441393423,0.3678807078571034,-1.4004365786601456,233.43151231071363,234.12413456237036,1.768317286517249,-0.007575315213498233,0.3678807078571034,233.43151231071363
2,2019-12,2020-04,mindbdtollast24m_4525191P,num,0.05682851629801175,-0.14790734912484127,-1.8243093261122854,198.54847689279853,233.781440641011,1.676401976987444,-0.008443288023269888,-0.14790734912484127,198.54847689279853
2,2019-12,2020-04,mobilephncnt_593L,num,0.04253301661144855,1.7325727458450666,1.7793205399206975,1.0991479657014442,1.1462388473898482,0.0467477940756309,0.04253093808511743,1.7325727458450666,1.0991479657014442
2,2019-12,2020-04,monthsannuity_845L,num,0.057772022200049775,16.455531168902876,17.702154801213947,21.578327793240994,22.426262771685405,1.2466236323110707,0.057772022200049816,16.455531168902876,21.578327793240994
2,2019-12,2020-04,numactivecreds_622L,num,0.0910347581266027,0.43025302302468116,0.49091151913715847,0.6663223735720725,0.7252922147642157,0.06065849611247731,0.09103475812660253,0.43025302302468116,0.6663223735720725
2,2019-12,2020-04,numactivecredschannel_414L,num,0.02883670067228707,0.10028780851416266,0.10954071740742276,0.32246800843653906,0.3365607184965918,0.009252908893260095,0.028694036776305658,0.10028780851416266,0.32246800843653906
2,2019-12,2020-04,numactiverelcontr_750L,num,0.14594512521571099,0.23680705096350285,0.30320111631505503,0.4549248579109439,0.5134600447525798,0.06639406535155218,0.14594512521571087,0.23680705096350285,0.4549248579109439
2,2019-12,2020-04,numcontrs3months_479L,num,0.07186738221527238,0.26210245154878253,0.31539123987418427,0.7414878166256333,0.9280629073717541,0.05328878832540174,0.07186738221527177,0.26210245154878253,0.7414878166256333
2,2019-12,2020-04,numincomingpmts_3546848L,num,0.06337053073389469,20.403943045662857,22.260593249609705,29.29832182948423,31.05863213612463,1.8566502039468489,0.06337053073389404,20.403943045662857,29.29832182948423
2,2019-12,2020-04,numinstlallpaidearly3d_817L,num,0.04394049758566304,12.876104301253381,13.836490239151159,21.85651029612224,22.999502084491603,0.9603859378977777,0.04394049758566299,12.876104301253381,21.85651029612224
2,2019-12,2020-04,numinstls_657L,num,0.04372733139248604,7.113774087571089,7.768539625960773,14.973880778364265,16.185503700125004,0.6547655383896833,0.04372717721485755,7.113774087571089,14.973880778364265
2,2019-12,2020-04,numinstlsallpaid_934L,num,0.05903458994280181,17.261229363370326,18.799694210727495,26.06039694436386,27.66637151505506,1.5384648473571687,0.059034589942801925,17.261229363370326,26.06039694436386
2,2019-12,2020-04,numinstlswithdpd10_728L,num,0.030427525286991573,1.9401951852465353,1.8282007709205454,8.71390295665528,7.455279859334439,0.11199441432598989,-0.012852382552694563,1.9401951852465353,8.71390295665528
2,2019-12,2020-04,numinstlswithdpd5_4187116L,num,0.031123382068115907,1.1542398266247031,1.2827031034848004,4.128434244432387,4.271868711887904,0.1284632768600973,0.031116706541552182,1.1542398266247031,4.128434244432387
2,2019-12,2020-04,numinstlswithoutdpd_562L,num,0.06874002538163859,19.878509607420906,21.862546800956054,28.862910400744813,30.93928060055582,1.9840371935351477,0.0687400253816382,19.878509607420906,28.862910400744813
2,2019-12,2020-04,numinstmatpaidtearly2d_4499204L,num,0.2141711687123293,10.331573353210755,14.79940868459955,20.8610494038528,24.016924297142072,4.467835331388795,0.2141711687123293,10.331573353210755,20.8610494038528
2,2019-12,2020-04,numinstpaid_4499208L,num,0.24586851128564502,15.555725801998785,22.25781627775245,27.25884026672822,31.064238966597777,6.702090475753666,0.24586851128564513,15.555725801998785,27.25884026672822
2,2019-12,2020-04,numinstpaidearly3d_3546850L,num,0.04512144278087433,12.389549169013307,13.339177408435916,21.046052184863445,22.190760533698835,0.9496282394226085,0.04512144278087421,12.389549169013307,21.046052184863445
2,2019-12,2020-04,numinstpaidearly3dest_4493216L,num,0.19653909997757724,9.49554138368947,13.304697825856694,19.381163557794885,22.15990956723548,3.8091564421672235,0.19653909997757713,9.49554138368947,19.381163557794885
2,2019-12,2020-04,numinstpaidearly5d_1087L,num,0.019945308218067316,1.9194481254486224,1.885393496451647,4.1347323078367,4.035464415399766,0.03405462899697542,-0.008236235495204977,1.9194481254486224,4.1347323078367
2,2019-12,2020-04,numinstpaidearly5dest_4493211L,num,0.15795648739874182,1.2801232676274088,1.885393496451647,3.832284953312012,4.035464415399766,0.6052702288242382,0.1579397764514196,1.2801232676274088,3.832284953312012
2,2019-12,2020-04,numinstpaidearly5dobd_4499205L,num,0.1949448139232538,7.394825658439622,10.64930483598366,16.694361404378117,19.302987597414486,3.254479177544038,0.19494481392325355,7.394825658439622,16.694361404378117
2,2019-12,2020-04,numinstpaidearly_338L,num,0.03883327321016123,9.935436337032742,10.64930483598366,18.382908262395173,19.302987597414486,0.7138684989509176,0.038833273210160994,9.935436337032742,18.382908262395173
2,2019-12,2020-04,numinstpaidearlyest_4493214L,num,0.1820184715374133,7.583105571199823,10.64930483598366,16.845539020766875,19.302987597414486,3.0661992647838368,0.18201847153741307,7.583105571199823,16.845539020766875
2,2019-12,2020-04,numinstpaidlastcontr_4325080L,num,0.017639948859895463,4.968693059466623,4.9730177809093545,6.415052942504311,6.375941092849683,0.0043247214427317715,0.0006741521046657933,4.968693059466623,6.415052942504311
2,2019-12,2020-04,numinstpaidlate1d_3546852L,num,0.03881578041750485,3.2732869526806914,3.563872655346937,7.486513526250858,7.789945712693096,0.2905857026662457,0.03881455655524167,3.2732869526806914,7.486513526250858
2,2019-12,2020-04,numinstregularpaid_973L,num,0.06143568336881863,20.430335845618686,22.230949190165006,29.308916997580216,31.034130116634284,1.8006133445463206,0.061435683368818494,20.430335845618686,29.308916997580216
2,2019-12,2020-04,numinstregularpaidest_4493210L,num,0.23031041965116095,15.929970045828503,22.259621539722673,27.48313126032839,31.066863700690494,6.32965149389417,0.23031041965116092,15.929970045828503,27.48313126032839
2,2019-12,2020-04,numinsttopaygr_769L,num,0.04521167982364484,3.6115275247087406,4.00974012517097,8.807737337243823,9.274929024169433,0.3982126004622297,0.045211679823644824,3.6115275247087406,8.807737337243823
2,2019-12,2020-04,numinsttopaygrest_4493213L,num,0.17771871308581919,2.5887099000607368,4.008091442045104,7.986674657603211,9.272710864490445,1.4193815419843672,0.17771871308581905,2.5887099000607368,7.986674657603211
2,2019-12,2020-04,numinstunpaidmax_3546851L,num,0.0431762596505037,3.2528435757274585,3.5886075074950607,7.780096922610893,8.09722234358286,0.3357639317676022,0.04315678006424173,3.2528435757274585,7.780096922610893
2,2019-12,2020-04,numinstunpaidmaxest_4493212L,num,0.18116299465335445,2.3081449119319752,3.587354876740213,7.061415619690586,8.096176313425637,1.2792099648082376,0.1811548892889397,2.3081449119319752,7.061415619690586
2,2019-12,2020-04,numnotactivated_1143L,num,0.023985030534275392,0.022997073601678537,0.026839456026673668,0.16019918838562028,0.17698317313134496,0.003842382424995131,0.023985030534274726,0.022997073601678537,0.16019918838562028
2,2019-12,2020-04,numpmtchanneldd_318L,num,0.03389144907884927,0.023266247032190383,0.028617086436127346,0.15788169433204624,0.1752914551297861,0.005350839403936963,0.0338914490788491,0.023266247032190383,0.15788169433204624
2,2019-12,2020-04,numrejects9m_859L,num,0.08380558191219033,0.32658329192203633,0.41719512026636824,1.081214714782096,1.5081706990678592,0.0906118283443319,0.08380558191218612,0.32658329192203633,1.081214714782096
2,2019-12,2020-04,pctinstlsallpaidearl3d_427L,num,0.041698558125445075,0.08831116976588288,0.11961927962917007,0.7993100034903597,0.7804622748951585,0.03130810986328719,0.03916892035202058,0.08831116976588288,0.7993100034903597
2,2019-12,2020-04,pctinstlsallpaidlat10d_839L,num,0.047609648134736615,-0.2649418848500136,-0.24012565521099988,0.5221153858185984,0.5117227729520701,0.0248162296390137,0.047530163471634884,-0.2649418848500136,0.5221153858185984
2,2019-12,2020-04,pctinstlsallpaidlate1d_3546856L,num,0.047598089625242666,-0.19515040617742432,-0.16747820483591494,0.581764755502155,0.5715361964449183,0.027672201341509384,0.047565963870781235,-0.19515040617742432,0.581764755502155
2,2019-12,2020-04,pctinstlsallpaidlate4d_3546849L,num,0.04713987145083881,-0.24023729444027067,-0.2146629114255197,0.5435324521024002,0.5332935630533002,0.025574383014750984,0.04705217308705025,-0.24023729444027067,0.5435324521024002
2,2019-12,2020-04,pctinstlsallpaidlate6d_3546844L,num,0.047167466395055896,-0.2517776742168637,-0.22667596203285859,0.5330867832946425,0.522757055034542,0.025101712184005115,0.04708747800661781,-0.2517776742168637,0.5330867832946425
2,2019-12,2020-04,pmtnum_254L,num,0.03902131652091644,16.79413754072111,17.09988348691876,9.781107330025522,10.020327365647299,0.30574594619764994,0.03125882743961794,16.79413754072111,9.781107330025522
2,2019-12,2020-04,posfpd10lastmonth_333P,num,0.012245276189464489,-0.007692148418088455,-0.010044072339426093,0.19206785416250652,0.1930087601898116,0.002351923921337638,-0.012245276189464275,-0.007692148418088455,0.19206785416250652
2,2019-12,2020-04,posfpd30lastmonth_3976960P,num,0.029904376645471714,-0.04779553862293634,-0.041617735777805406,0.24557842312792366,0.23133799909605096,0.006177802845130934,0.025156130438678113,-0.04779553862293634,0.24557842312792366
2,2019-12,2020-04,posfstqpd30lastmonth_3976962P,num,0.018205085640141404,-0.05588454530395892,-0.061899301382038564,0.33038878239700686,0.33316758213104447,0.006014756078079643,-0.01820508564014168,-0.05588454530395892,0.33038878239700686
2,2019-12,2020-04,price_1097A,num,0.04678097729822295,31513.569067122982,32905.6399541791,35019.375774605236,37747.70414485111,1392.0708870561211,0.03975144777039686,31513.569067122982,35019.375774605236
2,2019-12,2020-04,sellerplacecnt_915L,num,0.04666685324336946,0.16628706311081662,0.18746171877518503,0.45374080729081595,0.48718717735036454,0.021174655664368408,0.04666685324336928,0.16628706311081662,0.45374080729081595
2,2019-12,2020-04,sellerplacescnt_216L,num,0.10752777076489417,1.5134897299983436,1.719949526348996,1.9200602307851244,2.1046661075528665,0.20645979635065226,0.10752777076489396,1.5134897299983436,1.9200602307851244
2,2019-12,2020-04,sumoutstandtotal_3546847A,num,0.05104407801466243,18055.268931517538,20542.650529745573,48935.4798774192,52876.889019725946,2487.3815982280357,0.05082981927343505,18055.268931517538,48935.4798774192
2,2019-12,2020-04,sumoutstandtotalest_4493215A,num,0.14501189876463244,14139.445721507116,20529.569513865485,44094.45900677045,52872.53990212009,6390.1237923583685,0.14491897477134716,14139.445721507116,44094.45900677045
2,2019-12,2020-04,totaldebt_9A,num,0.052280516764037055,18172.580736661013,20727.652303580515,49071.41208578276,53094.58485805417,2555.0715669195015,0.052068433703373516,18172.580736661013,49071.41208578276
2,2019-12,2020-04,totalsettled_863A,num,0.09389895292505344,81902.3003127807,94065.74637930849,129537.61133571807,147320.54937611267,12163.446066527787,0.09389895290723103,81902.3003127807,129537.61133571807
2,2019-12,2020-04,totinstallast1m_4525188A,num,0.10974620446661526,2745.4865674931066,3783.333132469417,9457.641588339487,11216.51187800393,1037.8465649763102,0.10973629686452611,2745.4865674931066,9457.641588339487
2,2019-12,2020-04,validfrom_1069D,num,0.02269486270361038,-2.4031286234884877,-2.5554772661333773,9.411718803883561,10.16232207810213,0.15234864264488968,-0.016187122227028925,-2.4031286234884877,9.411718803883561
2,2019-12,2020-04,assignmentdate_238D,num,0.1920234524871614,-165.23767668820054,-1.0,860.4199453064291,0.0,164.23767668820054,0.19088083392779684,-165.23767668820054,860.4199453064291
2,2019-12,2020-04,assignmentdate_4527235D,num,0.17235251296892035,0.6954371652586826,1.5129476888502047,4.743246904319524,5.591421423238228,0.8175105235915221,0.17235251296892035,0.6954371652586826,4.743246904319524
2,2019-12,2020-04,birthdate_574D,num,0.6287338633472317,-5015.992024874386,-1.0,7976.335166958786,0.0,5014.992024874386,0.6287338633472319,-5015.992024874386,7976.335166958786
2,2019-12,2020-04,contractssum_5085716L,num,0.0,-1.0,-1.0,0.0,0.0,0.0,0.0,-1.0,1.0
2,2019-12,2020-04,dateofbirth_337D,num,0.034306493358297774,-15103.204447573298,-15310.26597219344,6035.636532640812,5862.014772331743,207.06152462014143,-0.034306493358297774,-15103.204447573298,6035.636532640812
2,2019-12,2020-04,days120_123L,num,0.019840851807347532,1.427495720832643,1.4670977190146586,2.0119397185519983,2.069273085511743,0.039601998182015485,0.0196834914171868,1.427495720832643,2.0119397185519983
2,2019-12,2020-04,days180_256L,num,0.02573506479808703,2.157438849318094,2.229876164555155,2.8147321875966727,2.884774481250731,0.07243731523706076,0.025735064798086724,2.157438849318094,2.8147321875966727
2,2019-12,2020-04,days30_165L,num,0.021865848775212426,0.40745610402517807,0.412087886784285,0.9042493700386649,0.9044910039627857,0.004631782759106917,0.0051222405152561695,0.40745610402517807,0.9042493700386649
2,2019-12,2020-04,days360_512L,num,0.026646408711504945,4.42734733035172,4.565903575063437,5.1998093331013955,5.313208356987648,0.138556244711717,0.026646408711504806,4.42734733035172,5.1998093331013955
2,2019-12,2020-04,days90_310L,num,0.017197435220955674,1.0661545469604108,1.0805137628198929,1.6193050645331462,1.6450321823482619,0.014359215859482077,0.008867517414713894,1.0661545469604108,1.6193050645331462
2,2019-12,2020-04,firstquarter_103L,num,0.09501922410683541,2.3601609519076803,2.6816752094242045,3.3837482719120007,3.683486951809084,0.3215142575165242,0.09501719149304545,2.3601609519076803,3.3837482719120007
2,2019-12,2020-04,fourthquarter_440L,num,0.16359396218289066,2.4035185798685883,2.932795438950369,3.2353080273835175,3.6622827378139955,0.5292768590817807,0.16359396218289032,2.4035185798685883,3.2353080273835175
2,2019-12,2020-04,pmtaverage_3A,num,0.2737373589296978,905.6999992516667,-1.0,3312.2990694322,0.0,906.6999992516667,-0.2737373589296979,905.6999992516667,3312.2990694322
2,2019-12,2020-04,pmtaverage_4527227A,num,0.13428921114069628,1168.164263434019,1678.3286330156343,3800.2265965595116,4361.98230129793,510.16436958161535,0.1342457763027832,1168.164263434019,3800.2265965595116
2,2019-12,2020-04,pmtcount_4527229L,num,0.24612568171019245,-0.22021492463143946,0.319503737168594,2.1928579661001835,3.106889271325106,0.5397186618000335,0.24612568171019233,-0.22021492463143946,2.1928579661001835
2,2019-12,2020-04,pmtcount_693L,num,0.32071596521995277,-0.331076417646734,-1.0,2.085719623887467,0.0,0.668923582353266,-0.3207159652199528,-0.331076417646734,2.085719623887467
2,2019-12,2020-04,pmtscount_423L,num,0.6275418333219978,1.7216712219093369,-1.0,4.3370355208061815,0.0,2.721671221909337,-0.6275418333219979,1.7216712219093369,4.3370355208061815
2,2019-12,2020-04,pmtssum_45A,num,0.39841707188739206,5213.2410411556175,-1.0,13087.39361105832,0.0,5214.2410411556175,-0.398417071887392,5213.2410411556175,13087.39361105832
2,2019-12,2020-04,responsedate_1012D,num,0.9693965201361696,6.213516647341395,-1.0,7.441621975410284,0.0,7.213516647341395,-0.9693473642140613,6.213516647341395,7.441621975410284
2,2019-12,2020-04,responsedate_4527233D,num,0.6193953525782281,9.254682927502623,13.56479831263269,6.958585283517621,2.398722012196152,4.310115385130066,0.6193953525782281,9.254682927502623,6.958585283517621
2,2019-12,2020-04,responsedate_4917613D,num,0.20432157610422597,-1.0,-0.7956784238957737,0.0,1.7340529125758393,0.2043215761042263,0.2043215761042263,-1.0,1.0
2,2019-12,2020-04,secondquarter_766L,num,0.015106659412625826,2.4730861078902326,2.4542444379970805,3.3241432821897985,3.3315762943679323,0.01884166989315217,-0.00566812808403978,2.4730861078902326,3.3241432821897985
2,2019-12,2020-04,thirdquarter_1082L,num,0.05385890928381925,2.6910855281320742,2.873875740871223,3.3938714164429884,3.6147510995682284,0.18279021273914875,0.05385890928381887,2.6910855281320742,3.3938714164429884
2,2019-12,2020-04,applprev_1_max_actualdpd_943P,num,0.00944046977924627,-0.1428241124178676,-0.031191426847745497,11.824907889193637,17.714550449195194,0.11163268557012211,0.009440469779230944,-0.1428241124178676,11.824907889193637
2,2019-12,2020-04,applprev_1_min_actualdpd_943P,num,0.004973534096351751,-0.18454599414720335,-0.13523806892232307,9.921880631330861,13.901944935114276,0.049307925224880284,0.004969614839869971,-0.18454599414720335,9.921880631330861
2,2019-12,2020-04,applprev_1_mean_actualdpd_943P,num,0.00595623813068951,-0.17213697218096327,-0.1111632435334259,10.236952806437477,14.264813131575089,0.060973728647537376,0.005956238130666601,-0.17213697218096327,10.236952806437477
2,2019-12,2020-04,applprev_1_std_actualdpd_943P,num,0.014891143665534921,-0.35102912085848165,-0.29140404661066893,4.004062789740175,5.604963635084174,0.059625074247812715,0.014891143665527235,-0.35102912085848165,4.004062789740175
2,2019-12,2020-04,applprev_1_max_annuity_853A,num,0.07850504173661182,4336.3003353390595,4675.242200323391,4318.392035776505,4493.237457215244,338.9418649843319,0.07848797936275964,4336.3003353390595,4318.392035776505
2,2019-12,2020-04,applprev_1_min_annuity_853A,num,0.02552067124520979,1356.9121579597756,1310.2394836410997,1906.3438415182923,1875.8718564227445,46.672674318675945,-0.024482820623536555,1356.9121579597756,1906.3438415182923
2,2019-12,2020-04,applprev_1_mean_annuity_853A,num,0.04451030921100929,2616.626319181976,2720.5108161715793,2362.935955713601,2350.2823596857584,103.88449698960312,0.043964161084607246,2616.626319181976,2362.935955713601
2,2019-12,2020-04,applprev_1_std_annuity_853A,num,0.07350773199736187,1243.2700085659337,1366.02745490704,1669.9936592454278,1732.7232207421416,122.75744634110629,0.0735077319973617,1243.2700085659337,1669.9936592454278
2,2019-12,2020-04,applprev_1_max_byoccupationinc_3656910L,num,0.004322781547391607,9285.939568276579,9386.301960844208,25447.793518291768,25586.54360121472,100.36239256762929,0.003943854405117254,9285.939568276579,25447.793518291768
2,2019-12,2020-04,applprev_1_min_byoccupationinc_3656910L,num,0.0031576807177578366,3611.632396014508,3583.1892248857894,14328.99109244498,14213.760938372134,28.443171128718404,-0.001985008640539611,3611.632396014508,14328.99109244498
2,2019-12,2020-04,applprev_1_mean_byoccupationinc_3656910L,num,0.0028045368026568206,6083.216273232221,6111.860328230788,17148.813298576948,17130.692074931354,28.64405499856639,0.0016703228672355624,6083.216273232221,17148.813298576948
2,2019-12,2020-04,applprev_1_std_byoccupationinc_3656910L,num,0.005687856274312913,2908.6481313034365,2967.459783393149,10643.893983679203,10742.894408008735,58.811652089712425,0.00552538875151248,2908.6481313034365,10643.893983679203
2,2019-12,2020-04,applprev_1_max_childnum_21L,num,0.004470614596238505,0.4402227927778698,0.4456510225980114,1.6104523844604954,1.618982346198266,0.005428229820141628,0.0033706242249193197,0.4402227927778698,1.6104523844604954
2,2019-12,2020-04,applprev_1_min_childnum_21L,num,0.002528224532398667,0.07304262602838055,0.0711512689794283,1.2271037886127918,1.2287995533488032,0.0018913570489522413,-0.0015413179117394545,0.07304262602838055,1.2271037886127918
2,2019-12,2020-04,applprev_1_mean_childnum_21L,num,0.002198613679198774,0.22684984467073877,0.22787265968268514,1.3214098506508494,1.3244104238429513,0.0010228150119463708,0.0007740331369881886,0.22684984467073877,1.3214098506508494
2,2019-12,2020-04,applprev_1_std_childnum_21L,num,0.008891941476262537,-0.4452601952056518,-0.4377847007316788,0.8448213878892692,0.8501675904799711,0.007475494473972999,0.00884860939973363,-0.4452601952056518,0.8448213878892692
2,2019-12,2020-04,applprev_1_max_credacc_actualbalance_314A,num,0.029680490632945856,3390.8123949812725,3781.6004915441863,13187.869421660076,14812.67866426215,390.7880965629138,0.029632390499793236,3390.8123949812725,13187.869421660076
2,2019-12,2020-04,applprev_1_min_credacc_actualbalance_314A,num,0.014523652273806874,2913.1922602949317,3084.087823671871,11819.234053197975,12637.976989124061,170.8955633769392,0.014459106453746835,2913.1922602949317,11819.234053197975
2,2019-12,2020-04,applprev_1_mean_credacc_actualbalance_314A,num,0.022595113530464277,3146.89398501395,3422.713780789186,12235.394199976758,13278.530707760669,275.8197957752359,0.022542779682223874,3146.89398501395,12235.394199976758
2,2019-12,2020-04,applprev_1_max_credacc_credlmt_575A,num,0.06860378554645082,8226.996658788239,9785.380460795446,22715.711525161263,26100.45076926738,1558.3838020072071,0.06860378554645093,8226.996658788239,22715.711525161263
2,2019-12,2020-04,applprev_1_min_credacc_credlmt_575A,num,0.010517434027103527,1187.8629618124623,1199.212331674805,8166.383807251691,8666.367734165087,11.349369862342655,0.0013897668944073502,1187.8629618124623,8166.383807251691
2,2019-12,2020-04,applprev_1_mean_credacc_credlmt_575A,num,0.03375488825243948,3324.711334130271,3690.035180743549,10822.842720768831,11775.430582360339,365.32384661327796,0.033754888252439295,3324.711334130271,10822.842720768831
2,2019-12,2020-04,applprev_1_std_credacc_credlmt_575A,num,0.06188541075896979,3236.022969507792,3857.2312437853107,10038.040737856525,11378.625506445742,621.2082742775187,0.06188541075896934,3236.022969507792,10038.040737856525
2,2019-12,2020-04,applprev_1_max_credacc_maxhisbal_375A,num,0.042005933252162696,-383.9913146903754,-369.4183541668208,8428.545478633072,11626.085247808127,14.572960523554627,0.001729000639611907,-383.9913146903754,8428.545478633072
2,2019-12,2020-04,applprev_1_min_credacc_maxhisbal_375A,num,0.04630187899387593,-580.4460040511042,-738.6057438450116,7867.710352332763,9516.954905239274,158.15973979390742,-0.020102384647016563,-580.4460040511042,7867.710352332763
2,2019-12,2020-04,applprev_1_mean_credacc_maxhisbal_375A,num,0.045032552725071825,-481.10423471067287,-551.4307963071732,7804.312630262825,9794.045014465635,70.32656159650031,-0.009011243517307933,-481.10423471067287,7804.312630262825
2,2019-12,2020-04,applprev_1_max_credacc_minhisbal_90A,num,0.031449911568478955,-967.5356367698196,-1166.2275257917004,7075.927955810537,8262.570852113822,198.6918890218808,-0.028079976260742035,-967.5356367698196,7075.927955810537
2,2019-12,2020-04,applprev_1_min_credacc_minhisbal_90A,num,0.043793466283866836,-1176.01913490201,-1501.5263129450973,7845.294545007685,9388.561158681428,325.5071780430874,-0.04149075298265535,-1176.01913490201,7845.294545007685
2,2019-12,2020-04,applprev_1_mean_credacc_minhisbal_90A,num,0.03822971391777329,-1066.1864745405119,-1322.6235111738713,7250.728501304253,8512.604671179899,256.4370366333594,-0.03536707195521551,-1066.1864745405119,7250.728501304253
2,2019-12,2020-04,applprev_1_max_credacc_transactions_402L,num,0.055636451995384056,-0.7393469438462813,-0.6556969370414888,1.5035108063996179,1.9384331934656907,0.08365000680479251,0.05563645199538339,-0.7393469438462813,1.5035108063996179
2,2019-12,2020-04,applprev_1_min_credacc_transactions_402L,num,0.052372598622162564,-0.7701673016398873,-0.7084271655084438,1.1788633322715918,1.4841430145542713,0.06174013613144358,0.052372598622161246,-0.7701673016398873,1.1788633322715918
2,2019-12,2020-04,applprev_1_mean_credacc_transactions_402L,num,0.05649582932409612,-0.7560218150921469,-0.6848512307393894,1.259749351487145,1.5928171260676527,0.07117058435275758,0.05649582932409538,-0.7560218150921469,1.259749351487145
2,2019-12,2020-04,applprev_1_max_credamount_590A,num,0.11688859590312353,53706.24156227265,60324.237155931754,56622.509375670474,63009.851171758986,6617.995593659107,0.11687923524814185,53706.24156227265,56622.509375670474
2,2019-12,2020-04,applprev_1_min_credamount_590A,num,0.017613447718968972,14147.021913893443,14043.922745452493,20311.22232867221,21145.207530850064,103.09916844094914,-0.005075970651722415,14147.021913893443,20311.22232867221
2,2019-12,2020-04,applprev_1_mean_credamount_590A,num,0.07725676915428038,29292.44804957644,31427.987765088714,27642.10487818405,29190.958005072964,2135.5397155122737,0.07725676915428041,29292.44804957644,27642.10487818405
2,2019-12,2020-04,applprev_1_std_credamount_590A,num,0.10266404747124762,16485.871773090403,18748.83781493531,22048.349633176622,24036.45702800021,2262.9660418449057,0.1026365274269677,16485.871773090403,22048.349633176622
2,2019-12,2020-04,applprev_1_max_currdebt_94A,num,0.05744271106399738,12591.352868783837,14290.872136796113,29689.800642130656,31997.991797062226,1699.5192680122764,0.057242528789520096,12591.352868783837,29689.800642130656
2,2019-12,2020-04,applprev_1_min_currdebt_94A,num,0.009237487063218142,1476.5213315076965,1514.113108433137,8754.908222938406,9289.916729271841,37.59177692544063,0.004293794517108452,1476.5213315076965,8754.908222938406
2,2019-12,2020-04,applprev_1_mean_currdebt_94A,num,0.0339822851859556,4383.026430306672,4779.074914453219,11654.557131143976,12369.70375445561,396.0484841465468,0.03398228518595557,4383.026430306672,11654.557131143976
2,2019-12,2020-04,applprev_1_std_currdebt_94A,num,0.05149205102448727,5285.365799595398,5990.731530661369,13737.683471569571,14673.679148828067,705.365731065971,0.05134531833738493,5285.365799595398,13737.683471569571
2,2019-12,2020-04,applprev_1_max_downpmt_134A,num,0.023255868610649048,1337.0751156042147,1448.3968188618383,4786.821989811591,5160.020248118011,111.32170325762354,0.02325586861064895,1337.0751156042147,4786.821989811591
2,2019-12,2020-04,applprev_1_min_downpmt_134A,num,0.005554672502459676,143.694136923852,140.43810677640224,1697.2651737894241,1755.6737549601355,3.2560301474497635,-0.0019183980191970474,143.694136923852,1697.2651737894241
2,2019-12,2020-04,applprev_1_mean_downpmt_134A,num,0.004640942785173294,450.59716318750975,459.66194088798096,2167.651262671924,2233.712997129046,9.064777700471211,0.0041818432035500225,450.59716318750975,2167.651262671924
2,2019-12,2020-04,applprev_1_std_downpmt_134A,num,0.016677434652681084,535.2697494525793,570.194469032428,2103.4914239623795,2200.977894684848,34.92471957984867,0.01660321462783073,535.2697494525793,2103.4914239623795
2,2019-12,2020-04,applprev_1_mean_isbidproduct_390L,num,0.05832740889414853,-0.18558419047417282,-0.16108352618338098,0.4348466587176391,0.41670021375199684,0.02450066429079184,0.05634322766338873,-0.18558419047417282,0.4348466587176391
2,2019-12,2020-04,applprev_1_std_isbidproduct_390L,num,0.06887451375431325,-0.31251817112407515,-0.2754369754288588,0.5493178537280872,0.5388076762462292,0.03708119569521634,0.06750407881985858,-0.31251817112407515,0.5493178537280872
2,2019-12,2020-04,applprev_1_mean_isdebitcard_527L,num,0.1290171724006007,-0.7493406810675004,-0.6839004411698398,0.507221160408535,0.5750265782264684,0.06544023989766057,0.12901717240060043,-0.7493406810675004,0.507221160408535
2,2019-12,2020-04,applprev_1_std_isdebitcard_527L,num,0.0918969157356401,-0.9447684750774618,-0.9214825249484158,0.25339207461578633,0.30699340546547793,0.023285950129045996,0.0918969157356403,-0.9447684750774618,0.25339207461578633
2,2019-12,2020-04,applprev_1_max_mainoccupationinc_437A,num,0.09471226700957901,50036.910432311415,54198.47111511556,43938.98292375632,45351.80161558815,4161.560682804142,0.09471226700957903,50036.910432311415,43938.98292375632
2,2019-12,2020-04,applprev_1_min_mainoccupationinc_437A,num,0.03356106367020677,19735.32010065017,20495.215150281452,22642.16227168804,22818.61238810541,759.8950496312827,0.03356106367020707,19735.32010065017,22642.16227168804
2,2019-12,2020-04,applprev_1_mean_mainoccupationinc_437A,num,0.07916518980285091,32461.439703731085,34615.64816902233,27211.561933420217,27527.955029836878,2154.2084652912454,0.07916518980285095,32461.439703731085,27211.561933420217
2,2019-12,2020-04,applprev_1_std_mainoccupationinc_437A,num,0.06989741607533038,12857.942207431532,13989.93346542972,16197.721205174048,16627.13145080884,1131.9912579981883,0.06988583416515377,12857.942207431532,16197.721205174048
2,2019-12,2020-04,applprev_1_max_maxdpdtolerance_577P,num,0.017722193938793318,28.23007426425929,31.876192186715667,205.73738979772432,224.01493873494834,3.6461179224563764,0.017722193938793263,28.23007426425929,205.73738979772432
2,2019-12,2020-04,applprev_1_min_maxdpdtolerance_577P,num,0.005136475768729158,10.178237673237259,10.898661250880757,141.6035109803686,150.26653285704776,0.7204235776434977,0.005087610982635696,10.178237673237259,141.6035109803686
2,2019-12,2020-04,applprev_1_mean_maxdpdtolerance_577P,num,0.011180369803435548,17.077633543449558,18.81347184226484,155.25768193122644,165.6790568760729,1.7358382988152812,0.011180369803435524,17.077633543449558,155.25768193122644
2,2019-12,2020-04,applprev_1_std_maxdpdtolerance_577P,num,0.017899598633225898,9.935298459924542,11.608785078270008,93.49296890038018,103.73771929170998,1.673486618345466,0.017899598633225787,9.935298459924542,93.49296890038018
2,2019-12,2020-04,applprev_1_max_outstandingdebt_522A,num,0.04825770682209818,16824.67448819831,19011.28349300937,45598.64110358098,48752.99229108145,2186.60900481106,0.04795338088790852,16824.67448819831,45598.64110358098
2,2019-12,2020-04,applprev_1_min_outstandingdebt_522A,num,0.006981770277513837,1757.1290439108175,1785.6322563626745,11495.910351529159,11973.15504380578,28.503212451857053,0.0024794219492208914,1757.1290439108175,11495.910351529159
2,2019-12,2020-04,applprev_1_mean_outstandingdebt_522A,num,0.02924872585045604,5585.093076363088,6057.982335864701,16223.09665876629,16964.582634123744,472.8892595016132,0.029149136533442487,5585.093076363088,16223.09665876629
2,2019-12,2020-04,applprev_1_std_outstandingdebt_522A,num,0.04346835304696636,7076.1738466909255,7973.3845436217625,20772.08092234925,21987.185499692157,897.210696930837,0.043193106183478394,7076.1738466909255,20772.08092234925
2,2019-12,2020-04,applprev_1_max_pmtnum_8L,num,0.09517528384208743,17.08907569985092,18.489235204450523,14.711377240783603,15.16606131651613,1.4001595045996034,0.09517528384208736,17.08907569985092,14.711377240783603
2,2019-12,2020-04,applprev_1_min_pmtnum_8L,num,0.02576856226069222,6.7266750869637235,6.900351381347775,7.052413583252048,7.045255261648079,0.17367629438405174,0.02462650443480729,6.7266750869637235,7.052413583252048
2,2019-12,2020-04,applprev_1_mean_pmtnum_8L,num,0.07319901156919226,11.193012956234687,11.861852335896822,9.137273377385775,9.2083403013901,0.6688393796621348,0.07319901156919238,11.193012956234687,9.137273377385775
2,2019-12,2020-04,applprev_1_std_pmtnum_8L,num,0.08051252547654858,4.058501751456303,4.506569201601339,5.565189360201451,5.700593463418664,0.4480674501450359,0.08051252547654848,4.058501751456303,5.565189360201451
2,2019-12,2020-04,applprev_1_max_revolvingaccount_394A,num,0.10150480576274716,116281215.59730275,143898947.71791402,272083000.5346125,297935830.3145685,27617732.120611265,0.10150480576274713,116281215.59730275,272083000.5346125
2,2019-12,2020-04,applprev_1_min_revolvingaccount_394A,num,0.10112811584402093,115349292.06442218,142660052.7684291,270061006.04238355,295554948.7142832,27310760.704006925,0.10112811584402065,115349292.06442218,270061006.04238355
2,2019-12,2020-04,applprev_1_mean_revolvingaccount_394A,num,0.10134942428848047,115827571.04537298,143298155.11919335,271048249.8216099,296723347.9995728,27470584.073820367,0.10134942428848037,115827571.04537298,271048249.8216099
2,2019-12,2020-04,applprev_1_n_unique_cancelreason_3545846M,num,0.09847513793295185,1.1358256032245597,1.2709044270365613,1.3717048449728666,1.4033918873591278,0.13507882381200154,0.09847513793295197,1.1358256032245597,1.3717048449728666
2,2019-12,2020-04,applprev_1_n_unique_district_544M,num,0.10390229188285274,0.8471163933521064,0.9608783152116347,1.0948932867408927,1.1064319742753788,0.11376192185952827,0.1039022918828528,0.8471163933521064,1.0948932867408927
2,2019-12,2020-04,applprev_1_n_unique_education_1138M,num,0.07536481876863271,1.1967381701728232,1.2928623073274295,1.2760292465859586,1.2473539085271022,0.09612413715460622,0.07533066927093422,1.1967381701728232,1.2760292465859586
2,2019-12,2020-04,applprev_1_n_unique_postype_4733339M,num,0.5550718678761749,0.6892185688255756,1.2469018112488084,1.004704570161427,1.4285567181922876,0.5576832424232328,0.5550718678761749,0.6892185688255756,1.004704570161427
2,2019-12,2020-04,applprev_1_n_unique_profession_152M,num,0.05643394605798428,0.6117587377836674,0.6609561441077999,0.8719201721390564,0.8385627831727067,0.0491974063241325,0.05642420934411683,0.6117587377836674,0.8719201721390564
2,2019-12,2020-04,applprev_1_n_unique_rejectreason_755M,num,0.09725123162382004,1.1327335597150903,1.2678465343114906,1.389318904659575,1.419947512876895,0.13511297459640037,0.0972512316238201,1.1327335597150903,1.389318904659575
2,2019-12,2020-04,applprev_1_n_unique_rejectreasonclient_4145042M,num,0.09480738871517762,0.9364785213406217,1.0457532593728556,1.1525972765742913,1.163137696256285,0.10927473803223386,0.09480738871517756,0.9364785213406217,1.1525972765742913
2,2019-12,2020-04,applprev_1_max_approvaldate_319D,num,0.012888789776780455,-431.7225098006736,-429.4814845516549,812.0954172228186,805.8792543917922,2.241025249018719,0.0027595590388657964,-431.7225098006736,812.0954172228186
2,2019-12,2020-04,applprev_1_min_approvaldate_319D,num,0.045377591172619365,-1228.1267013141185,-1293.5731522545052,1442.263664711156,1470.2104571078182,65.44645094038674,-0.045377591172619455,-1228.1267013141185,1442.263664711156
2,2019-12,2020-04,applprev_1_mean_approvaldate_319D,num,0.02659529344087441,-795.7540941679144,-820.0498871189579,974.448163450508,973.5115307220293,24.295792951043495,-0.024932873663605064,-795.7540941679144,974.448163450508
2,2019-12,2020-04,applprev_1_std_approvaldate_319D,num,0.06719001444925962,-8515.018244540881,-9099.891227083794,8704.760481702186,8745.388728045924,584.8729825429127,-0.06719001444925947,-8515.018244540881,8704.760481702186
2,2019-12,2020-04,applprev_1_min_creationdate_885D,num,0.05545580492283926,-1477.8761974766717,-1560.3044307207692,1486.3770052348455,1508.9589065114756,82.42823324409756,-0.05545580492283922,-1477.8761974766717,1486.3770052348455
2,2019-12,2020-04,applprev_1_mean_creationdate_885D,num,0.028487977497902994,-873.4810772817301,-896.9698324520017,917.0352224679161,908.4263816058625,23.488755170271588,-0.025613798243276722,-873.4810772817301,917.0352224679161
2,2019-12,2020-04,applprev_1_std_creationdate_885D,num,0.07697204648215897,-10930.822359659784,-11580.189874465827,8436.407039749887,8300.364098433462,649.3675148060429,-0.07697204648215913,-10930.822359659784,8436.407039749887
2,2019-12,2020-04,applprev_1_max_dateactivated_425D,num,0.01232252706628463,-442.9465483683949,-440.159489368757,825.1888498293387,820.22945391887,2.78705899963785,0.003377480197671424,-442.9465483683949,825.1888498293387
2,2019-12,2020-04,applprev_1_min_dateactivated_425D,num,0.044998854143349906,-1212.7785841477555,-1277.5385068825613,1439.2229111673978,1467.7234628696463,64.75992273480574,-0.04499645067648137,-1212.7785841477555,1439.2229111673978
2,2019-12,2020-04,applprev_1_mean_dateactivated_425D,num,0.025838475822030266,-796.3300505747596,-820.3639084783342,984.686466593186,984.4633722382645,24.033857903574585,-0.02440762488259519,-796.3300505747596,984.686466593186
2,2019-12,2020-04,applprev_1_std_dateactivated_425D,num,0.06685010643212815,-8270.87283847386,-8852.159684561628,8695.376523864448,8750.795601507763,581.2868460877671,-0.06685010643212817,-8270.87283847386,8695.376523864448
2,2019-12,2020-04,applprev_1_max_dtlastpmt_581D,num,0.051894756484019394,-163.12513803765668,-177.66236074844687,280.2420763001909,293.73781559453676,14.53722271079019,-0.05187380461461521,-163.12513803765668,280.2420763001909
2,2019-12,2020-04,applprev_1_min_dtlastpmt_581D,num,0.10512554601394654,-332.44425694329414,-378.7722883077051,440.69866843475074,476.7888262612958,46.32803136441095,-0.10512405569310272,-332.44425694329414,440.69866843475074
2,2019-12,2020-04,applprev_1_mean_dtlastpmt_581D,num,0.09001892451376696,-244.82756317056106,-274.3403129018809,327.8578635850788,347.8512084411313,29.512749731319843,-0.09001690369296667,-244.82756317056106,327.8578635850788
2,2019-12,2020-04,applprev_1_std_dtlastpmt_581D,num,0.07499069634728273,-5049.265261228986,-5652.114780100268,8038.9908113331785,8330.735117465423,602.8495188712823,-0.07499069634728271,-5049.265261228986,8038.9908113331785
2,2019-12,2020-04,applprev_1_max_dtlastpmtallstes_3545839D,num,0.02742333701650349,-97.44593064988129,-103.65577522646366,238.33000298393577,249.18677047598118,6.20984457658237,-0.026055656018268643,-97.44593064988129,238.33000298393577
2,2019-12,2020-04,applprev_1_min_dtlastpmtallstes_3545839D,num,0.10620437723943262,-337.3840690740434,-384.34327608994994,442.159504663313,477.79662720892753,46.95920701590654,-0.10620422386184851,-337.3840690740434,442.159504663313
2,2019-12,2020-04,applprev_1_mean_dtlastpmtallstes_3545839D,num,0.08202698946689237,-207.45317712471768,-231.10360076834448,288.61084840904107,304.7916783792445,23.650423643626795,-0.08194571955281331,-207.45317712471768,288.61084840904107
2,2019-12,2020-04,applprev_1_std_dtlastpmtallstes_3545839D,num,0.08186022407659665,-6896.305688674048,-7607.8292496414015,8691.932730376851,8864.091941882067,711.5235609673537,-0.08186022407659665,-6896.305688674048,8691.932730376851
2,2019-12,2020-04,applprev_1_max_employedfrom_700D,num,0.03145548474092928,-2096.640691430622,-2178.192440004974,2593.1474849122405,2611.5699943584464,81.55174857435168,-0.03144894343605436,-2096.640691430622,2593.1474849122405
2,2019-12,2020-04,applprev_1_min_employedfrom_700D,num,0.0385013666604865,-2482.2461556512617,-2593.190736058726,2881.891123815325,2910.458717686712,110.9445804074644,-0.03849714497908765,-2482.2461556512617,2881.891123815325
2,2019-12,2020-04,applprev_1_mean_employedfrom_700D,num,0.03628552876566965,-2292.089825972934,-2389.6907832176694,2690.291866536175,2711.052284130153,97.60095724473558,-0.03627894744758661,-2292.089825972934,2690.291866536175
2,2019-12,2020-04,applprev_1_std_employedfrom_700D,num,0.0439294372610756,-6322.486161745139,-6694.291731441629,8463.699807644358,8598.5401586056,371.80556969649024,-0.04392943726107557,-6322.486161745139,8463.699807644358
2,2019-12,2020-04,applprev_1_max_firstnonzeroinstldate_307D,num,0.013290606201253982,-395.0945523438794,-387.85504943746747,753.6893678957438,742.4535707747826,7.2395029064119285,0.009605419971127089,-395.0945523438794,753.6893678957438
2,2019-12,2020-04,applprev_1_min_firstnonzeroinstldate_307D,num,0.053980931359618615,-1439.6240924024073,-1519.934043464445,1487.746675268236,1511.928095034926,80.30995106203773,-0.05398093129501237,-1439.6240924024073,1487.746675268236
2,2019-12,2020-04,applprev_1_mean_firstnonzeroinstldate_307D,num,0.03068127110924539,-874.6736160167951,-902.2854294534592,948.1353479599791,944.2707490101568,27.61181343666408,-0.029122227639834367,-874.6736160167951,948.1353479599791
2,2019-12,2020-04,applprev_1_std_firstnonzeroinstldate_307D,num,0.07238271834653648,-10367.07532966331,-10986.312441026586,8555.040837215323,8468.119644001637,619.2371113632762,-0.07238271834653669,-10367.07532966331,8555.040837215323
2,2019-12,2020-04,tax_a_1_max_amount_4527230A,num,0.22010035484917911,1976.5328939338315,2879.6886862336924,4104.205292699012,4728.542619120346,903.1557922998609,0.22005619307262445,1976.5328939338315,4104.205292699012
2,2019-12,2020-04,tax_a_1_min_amount_4527230A,num,0.20193600235113174,658.7859978512504,978.4602275852263,1583.0472328461663,1835.3864263342386,319.67422973397595,0.20193600235113168,658.7859978512504,1583.0472328461663
2,2019-12,2020-04,tax_a_1_mean_amount_4527230A,num,0.2354953370841841,1176.7967857529516,1737.1628527836863,2379.5208600262736,2723.778113594584,560.3660670307347,0.235495337084184,1176.7967857529516,2379.5208600262736
2,2019-12,2020-04,tax_a_1_std_amount_4527230A,num,0.1831999470757737,475.9727829159025,690.9686087949992,1173.5583405500213,1366.6847776542727,214.99582587909674,0.18319994707577372,475.9727829159025,1173.5583405500213
2,2019-12,2020-04,tax_a_1_n_unique_name_4527232M,num,0.3792719826807863,0.134659185025675,0.6224101168354494,1.2860188837631317,1.242961936335471,0.48775093180977447,0.3792719826807862,0.134659185025675,1.2860188837631317
2,2019-12,2020-04,tax_a_1_max_recorddate_4527225D,num,0.41378729276837206,6.102103003699409,9.19640513394399,7.478001824422134,6.966363520645785,3.0943021302445812,0.41378729276837195,6.102103003699409,7.478001824422134
2,2019-12,2020-04,tax_a_1_std_recorddate_4527225D,num,0.4099703569332526,-8311.875065567887,-12029.230990637507,9067.377341320418,8662.324453915238,3717.35592506962,-0.40997035693325273,-8311.875065567887,9067.377341320418
2,2019-12,2020-04,tax_b_1_max_amount_4917619A,num,379.32547330821126,-1.0,378.32547330820967,0.0,6097.691332330208,379.32547330820967,379.32547330820967,-1.0,1.0
2,2019-12,2020-04,tax_b_1_min_amount_4917619A,num,133.72888835192887,-1.0,132.72888835192583,0.0,2443.681760547809,133.72888835192583,133.72888835192583,-1.0,1.0
2,2019-12,2020-04,tax_b_1_mean_amount_4917619A,num,233.0429568975149,-1.0,232.0429568975125,0.0,3674.9528263491115,233.0429568975125,233.0429568975125,-1.0,1.0
2,2019-12,2020-04,tax_b_1_std_amount_4917619A,num,89.6652084187439,-1.0,88.66520841874295,0.0,1615.2393092495124,89.66520841874295,89.66520841874295,-1.0,1.0
2,2019-12,2020-04,tax_b_1_n_unique_name_4917606M,num,0.02468419428671431,-1.0,-0.9753158057132857,0.0,0.24835748236230848,0.02468419428671431,0.02468419428671431,-1.0,1.0
2,2019-12,2020-04,tax_b_1_max_deductiondate_4917603D,num,0.15233739977802646,-1.0,-1.087099284803102,0.0,2.866728331957225,0.08709928480310203,-0.08709928480310203,-1.0,1.0
2,2019-12,2020-04,tax_b_1_min_deductiondate_4917603D,num,1.4816825778404092,-1.0,-2.4782654748253456,0.0,14.818214179593113,1.4782654748253456,-1.4782654748253456,-1.0,1.0
2,2019-12,2020-04,tax_b_1_mean_deductiondate_4917603D,num,0.7964295760023349,-1.0,-1.7929065520043244,0.0,8.069901820708855,0.7929065520043244,-0.7929065520043244,-1.0,1.0
2,2019-12,2020-04,tax_b_1_std_deductiondate_4917603D,num,184.13122097786652,-1.0,-185.13122097786655,0.0,1826.7500810965462,184.13122097786655,-184.13122097786655,-1.0,1.0
2,2019-12,2020-04,tax_c_1_max_pmtamount_36A,num,0.3854173146735427,1299.0350988574135,-1.0,3373.0583691046004,0.0,1300.0350988574135,-0.3854173146735424,1299.0350988574135,3373.0583691046004
2,2019-12,2020-04,tax_c_1_min_pmtamount_36A,num,0.34134785292954284,437.3780897642487,-1.0,1284.2561803215258,0.0,438.3780897642487,-0.3413478529295429,437.3780897642487,1284.2561803215258
2,2019-12,2020-04,tax_c_1_mean_pmtamount_36A,num,0.3988830201503526,769.2210984260284,-1.0,1930.9448121800372,0.0,770.2210984260284,-0.39888302015035254,769.2210984260284,1930.9448121800372
2,2019-12,2020-04,tax_c_1_std_pmtamount_36A,num,0.3274041177100982,310.87067961688035,-1.0,952.5557644116986,0.0,311.87067961688035,-0.3274041177100982,310.87067961688035,952.5557644116986
2,2019-12,2020-04,tax_c_1_n_unique_employername_160M,num,0.6577907900200387,-0.21808914471867927,-1.0,1.1886923124258109,0.0,0.7819108552813208,-0.6577907900200387,-0.21808914471867927,1.1886923124258109
2,2019-12,2020-04,tax_c_1_max_processingdate_168D,num,0.3508031971071698,-1.3632322897686489,-1.0,14.885285686348348,0.0,0.36323228976864885,0.024402104025573246,-1.3632322897686489,14.885285686348348
2,2019-12,2020-04,tax_c_1_min_processingdate_168D,num,0.5147140977859079,-27.907545828502016,-1.0,59.30516058618583,0.0,26.907545828502016,0.45371339631394053,-27.907545828502016,59.30516058618583
2,2019-12,2020-04,tax_c_1_mean_processingdate_168D,num,0.5199382347472703,-14.731698592727659,-1.0,33.37000280989706,0.0,13.731698592727659,0.41149827499130553,-14.731698592727659,33.37000280989706
2,2019-12,2020-04,tax_c_1_std_processingdate_168D,num,0.6779454471140572,-5698.846556700531,-1.0,8404.579720913633,0.0,5697.846556700531,0.6779454471140572,-5698.846556700531,8404.579720913633
2,2019-12,2020-04,credit_a_1_max_annualeffectiverate_199L,num,0.052590190814083115,159.04617495143148,321.55166727414354,3090.034278392336,4478.961440084758,162.50549232271206,0.052590190814083594,159.04617495143148,3090.034278392336
2,2019-12,2020-04,credit_a_1_min_annualeffectiverate_199L,num,0.01331757198203206,33.52013934123183,51.10114627416388,1320.13605457887,1662.5899717171667,17.58100693293205,0.013317571982033684,33.52013934123183,1320.13605457887
2,2019-12,2020-04,credit_a_1_mean_annualeffectiverate_199L,num,0.036351243361992566,74.25527158692142,135.78307225017846,1692.591366148079,2263.9848583494304,61.52780066325704,0.03635124336199301,74.25527158692142,1692.591366148079
2,2019-12,2020-04,credit_a_1_std_annualeffectiverate_199L,num,0.0476626209553629,57.37696798595777,120.32626776274147,1323.709314534253,1907.5838125508467,62.9492997767837,0.04755522914706723,57.37696798595777,1323.709314534253
2,2019-12,2020-04,credit_a_1_max_annualeffectiverate_63L,num,0.02943731869450807,20.32802193930586,49.26402841985148,985.8178154897656,1543.3947370971835,28.93600648054562,0.029352286016630647,20.32802193930586,985.8178154897656
2,2019-12,2020-04,credit_a_1_min_annualeffectiverate_63L,num,0.021631561531408997,11.084822078717371,25.628006992283613,672.31322585979,1057.5982433329234,14.543184913566241,0.021631561531409174,11.084822078717371,672.31322585979
2,2019-12,2020-04,credit_a_1_mean_annualeffectiverate_63L,num,0.02856070531375806,15.060581556587646,36.31710102860092,744.2575117979926,1182.83040442832,21.256519472013277,0.028560705313758056,15.060581556587646,744.2575117979926
2,2019-12,2020-04,credit_a_1_max_contractsum_5085717L,num,0.0,-1.0,-1.0,0.0,0.0,0.0,0.0,-1.0,1.0
2,2019-12,2020-04,credit_a_1_min_contractsum_5085717L,num,0.0,-1.0,-1.0,0.0,0.0,0.0,0.0,-1.0,1.0
2,2019-12,2020-04,credit_a_1_mean_contractsum_5085717L,num,0.0,-1.0,-1.0,0.0,0.0,0.0,0.0,-1.0,1.0
2,2019-12,2020-04,credit_a_1_std_contractsum_5085717L,num,0.0,-1.0,-1.0,0.0,0.0,0.0,0.0,-1.0,1.0
2,2019-12,2020-04,credit_a_1_max_credlmt_230A,num,0.008727166613554386,20129.527242902972,24840.18051981924,539768.9176238748,833969.0095743885,4710.6532769162695,0.008727166613544755,20129.527242902972,539768.9176238748
2,2019-12,2020-04,credit_a_1_min_credlmt_230A,num,0.004457528348055886,9086.13603855723,10058.855807556585,249664.08322403612,318242.7389017167,972.7197689993554,0.0038961141564222723,9086.13603855723,249664.08322403612
2,2019-12,2020-04,credit_a_1_mean_credlmt_230A,num,0.006606894222592348,13826.646525685816,16171.582118749424,355077.38978110405,459993.2789977036,2344.9355930636084,0.006604012704129655,13826.646525685816,355077.38978110405
2,2019-12,2020-04,credit_a_1_std_credlmt_230A,num,0.008296919473805085,6411.7474902867925,8502.378636297919,251976.79121906165,402358.1803648779,2090.6311460111265,0.008296919473800226,6411.7474902867925,251976.79121906165
2,2019-12,2020-04,credit_a_1_max_credlmt_935A,num,0.005447967721537602,86507.3186191083,119247.66178259568,6334241.446450453,7836892.510339512,32740.343163487385,0.0051687867348085125,86507.3186191083,6334241.446450453
2,2019-12,2020-04,credit_a_1_min_credlmt_935A,num,0.017163071249227804,30534.77961935334,35838.48984645767,310669.75171736575,453038.30608109885,5303.7102271043295,0.017071859097275172,30534.77961935334,310669.75171736575
2,2019-12,2020-04,credit_a_1_mean_credlmt_935A,num,0.006667384624580187,54114.50972734534,68679.6619504905,2396290.264930389,2730231.967664405,14565.152223145153,0.006078208652893836,54114.50972734534,2396290.264930389
2,2019-12,2020-04,credit_a_1_std_credlmt_935A,num,0.003918248906491284,33434.01340489261,45865.40427445809,3770934.0076832534,4162986.8511148784,12431.390869565475,0.003296634426440929,33434.01340489261,3770934.0076832534
2,2019-12,2020-04,credit_a_1_max_debtoutstand_525A,num,0.0231278853227216,184779.04418793743,211191.66250878878,1157671.1106680993,1279194.1966826885,26412.618320851354,0.022815303999085254,184779.04418793743,1157671.1106680993
2,2019-12,2020-04,credit_a_1_max_debtoverdue_47A,num,0.003930089706675312,1964.723640145354,1782.6396708285447,157579.66271693644,71973.52158029503,182.08396931680932,-0.0011555042457724412,1964.723640145354,157579.66271693644
2,2019-12,2020-04,credit_a_1_max_dpdmax_139P,num,0.01538230570865381,20.503854701562588,23.126202548550953,170.86058210012158,182.01686638280088,2.622347846988365,0.01534788079705658,20.503854701562588,170.86058210012158
2,2019-12,2020-04,credit_a_1_min_dpdmax_139P,num,0.0062658949685937375,9.500272624371929,10.180332776096858,119.81319691951248,124.04976107701185,0.6800601517249287,0.005676003722542987,9.500272624371929,119.81319691951248
2,2019-12,2020-04,credit_a_1_mean_dpdmax_139P,num,0.011309752463490029,14.186783012729983,15.650952357455886,131.6588745156065,137.21810449676394,1.464169344725903,0.011120931650926001,14.186783012729983,131.6588745156065
2,2019-12,2020-04,credit_a_1_std_dpdmax_139P,num,0.014780068586519162,6.348899852042947,7.483695341466761,76.81280521043267,82.41014980592078,1.134795489423814,0.014773519679628712,6.348899852042947,76.81280521043267
2,2019-12,2020-04,credit_a_1_max_dpdmax_757P,num,0.03366560921935993,169.142030395892,189.7843817208015,613.1584071568964,701.9370479250736,20.642351324909498,0.03366560921936032,169.142030395892,613.1584071568964
2,2019-12,2020-04,credit_a_1_min_dpdmax_757P,num,0.007250632251572017,19.749333968306555,19.933274386003692,164.84551174111877,246.7161767660097,0.1839404176971371,0.0011158351583512075,19.749333968306555,164.84551174111877
2,2019-12,2020-04,credit_a_1_mean_dpdmax_757P,num,0.01669587526279649,58.50167355907327,62.297581764338354,227.35604725824112,294.9084656939445,3.7959082052650857,0.016695875262792214,58.50167355907327,227.35604725824112
2,2019-12,2020-04,credit_a_1_std_dpdmax_757P,num,0.027899773787806094,65.57319829136975,72.82860593374423,262.2375993778929,282.18474206935565,7.255407642374479,0.027667304992062568,65.57319829136975,262.2375993778929
2,2019-12,2020-04,credit_a_1_max_dpdmaxdatemonth_442T,num,0.09766083997105851,7.786117552868422,8.254385358957,4.794836970758679,4.576844529178177,0.4682678060885781,0.09766083997105847,7.786117552868422,4.794836970758679
2,2019-12,2020-04,credit_a_1_min_dpdmaxdatemonth_442T,num,0.03240567680061528,2.490924024073767,2.5166825548141087,2.9923741549167073,2.91179461116522,0.025758530740341623,0.008608058152760851,2.490924024073767,2.9923741549167073
2,2019-12,2020-04,credit_a_1_mean_dpdmaxdatemonth_442T,num,0.07469044060611367,5.171289560115026,5.425837857383971,3.4281481346556655,3.255461906825144,0.25454829726894523,0.07425242062782474,5.171289560115026,3.4281481346556655
2,2019-12,2020-04,credit_a_1_std_dpdmaxdatemonth_442T,num,0.08790496056461343,1.9220445030167543,2.113353796587546,2.176538266391903,2.1199734019541188,0.19130929357079185,0.08789613145094372,1.9220445030167543,2.176538266391903
2,2019-12,2020-04,credit_a_1_max_dpdmaxdatemonth_89T,num,0.08610497561262075,7.0056008779194965,6.782958695421911,4.518244534496816,4.570785053670225,0.2226421824975855,-0.049276257802717736,7.0056008779194965,4.518244534496816
2,2019-12,2020-04,credit_a_1_min_dpdmaxdatemonth_89T,num,0.20409092840054588,4.315264204074872,3.5767719889657967,3.9391590760217037,3.6354729151249057,0.7384922151090749,-0.1874745855287734,4.315264204074872,3.9391590760217037
2,2019-12,2020-04,credit_a_1_mean_dpdmaxdatemonth_89T,num,0.1482402542283942,5.692405273816461,5.185188958955079,3.8998245905801197,3.7150212229209822,0.507216314861382,-0.13006131508748983,5.692405273816461,3.8998245905801197
2,2019-12,2020-04,credit_a_1_std_dpdmaxdatemonth_89T,num,0.13388589440204873,1.0960627790123108,1.4167325513434241,2.395097510184064,2.5516126359452267,0.3206697723311134,0.1338858944020487,1.0960627790123108,2.395097510184064
2,2019-12,2020-04,credit_a_1_max_dpdmaxdateyear_596T,num,0.04577113129217967,1708.6556167522501,1741.9759052790098,727.9760754450192,694.8023095765905,33.32028852675967,0.04577113129217967,1708.6556167522501,727.9760754450192
2,2019-12,2020-04,credit_a_1_min_dpdmaxdateyear_596T,num,0.045825338667269226,1708.1711114792115,1741.5214121569657,727.7698681051893,694.6211187757327,33.35030067775415,0.04582533866726922,1708.1711114792115,727.7698681051893
2,2019-12,2020-04,credit_a_1_mean_dpdmaxdateyear_596T,num,0.04578386064785579,1708.430347610498,1741.7555099486392,727.8801277694737,694.7143803787172,33.325162338141126,0.0457838606478559,1708.430347610498,727.8801277694737
2,2019-12,2020-04,credit_a_1_std_dpdmaxdateyear_596T,num,0.10363150591712336,-0.17867648693424945,-0.16055158233330533,0.8435132743803984,0.7837662107863189,0.018124904600944125,0.021487396999481427,-0.17867648693424945,0.8435132743803984
2,2019-12,2020-04,credit_a_1_max_dpdmaxdateyear_896T,num,0.08019156658677463,1653.364053613826,1715.6041594709477,776.1427854108873,720.3068887567481,62.24010585712176,0.08019156658677445,1653.364053613826,776.1427854108873
2,2019-12,2020-04,credit_a_1_min_dpdmaxdateyear_896T,num,0.07993130153571606,1648.7344120976202,1710.5995219739987,773.9785126448245,718.216122576044,61.86510987637848,0.07993130153571605,1648.7344120976202,773.9785126448245
2,2019-12,2020-04,credit_a_1_mean_dpdmaxdateyear_896T,num,0.08012092070661997,1651.2542452708724,1713.3603246218406,775.1543392565741,719.3670442315819,62.10607935096823,0.08012092070661979,1651.2542452708724,775.1543392565741
2,2019-12,2020-04,credit_a_1_std_dpdmaxdateyear_896T,num,0.07394338840631115,1.5782598453071428,1.7372661372972267,2.1504447630012713,2.135110306384729,0.15900629199008387,0.07394111893772455,1.5782598453071428,2.1504447630012713
2,2019-12,2020-04,credit_a_1_max_instlamount_768A,num,0.08465205041484401,2709.490389856322,3155.8972464340295,5280.243611885083,5790.718722240835,446.40685657770746,0.08454285244963104,2709.490389856322,5280.243611885083
2,2019-12,2020-04,credit_a_1_min_instlamount_768A,num,0.04955365270934207,1754.5449047532393,1957.9390980755297,4122.665526516856,4404.168749986871,203.39419332229045,0.04933560387425692,1754.5449047532393,4122.665526516856
2,2019-12,2020-04,credit_a_1_mean_instlamount_768A,num,0.07217950434093717,2214.8812756219077,2532.5961747728034,4414.187164010425,4746.751622047882,317.7148991508957,0.07197585588152586,2214.8812756219077,4414.187164010425
2,2019-12,2020-04,credit_a_1_std_instlamount_768A,num,0.0701454375903631,641.339258275726,798.7001524362324,2243.3518068483113,2552.728593398359,157.3608941605064,0.07014543759036306,641.339258275726,2243.3518068483113
2,2019-12,2020-04,credit_a_1_max_instlamount_852A,num,0.01708043019625123,276.284062880226,320.6081759529753,3326.319477651892,1409.3317617201174,44.3241130727493,0.013325272383047967,276.284062880226,3326.319477651892
2,2019-12,2020-04,credit_a_1_min_instlamount_852A,num,0.020917382700910307,151.2619545416661,171.69286886702386,1075.6179364197103,970.6813104417627,20.430914325357747,0.018994583144795685,151.2619545416661,1075.6179364197103
2,2019-12,2020-04,credit_a_1_mean_instlamount_852A,num,0.025714040502014597,202.3856364624191,233.2660909546623,1370.2889285803203,1069.4698490026926,30.880454492243217,0.022535725019858933,202.3856364624191,1370.2889285803203
2,2019-12,2020-04,credit_a_1_std_instlamount_852A,num,0.012433907588055916,75.63743623987448,90.54732159587434,1611.2162902335933,653.2029429554022,14.909885355999862,0.0092538074784722,75.63743623987448,1611.2162902335933
2,2019-12,2020-04,credit_a_1_max_monthlyinstlamount_332A,num,0.014922485760868827,6904.738814260758,7749.559063052291,61418.70596554306,57327.545960074414,844.8202487915332,0.01375509684729424,6904.738814260758,61418.70596554306
2,2019-12,2020-04,credit_a_1_min_monthlyinstlamount_332A,num,0.005928206822726388,2470.131098295564,2531.7263363440225,15094.026486693698,10688.501532235543,61.59523804845867,0.004080769177313861,2470.131098295564,15094.026486693698
2,2019-12,2020-04,credit_a_1_mean_monthlyinstlamount_332A,num,0.012533116850413339,4448.5972686381665,4819.245345389094,34275.76475663246,30672.324381492763,370.64807675092743,0.010813706984589045,4448.5972686381665,34275.76475663246
2,2019-12,2020-04,credit_a_1_std_monthlyinstlamount_332A,num,0.012199537411821271,2536.317141486475,2914.6869609253313,35794.51505580048,29487.733431624252,378.3698194388562,0.010570608900525993,2536.317141486475,35794.51505580048
2,2019-12,2020-04,credit_a_1_max_monthlyinstlamount_674A,num,0.027300087613206087,19677.08262124172,23838.49822354018,155227.590213982,161022.46492359793,4161.415602298461,0.026808479063302654,19677.08262124172,155227.590213982
2,2019-12,2020-04,credit_a_1_min_monthlyinstlamount_674A,num,0.005217862993047005,1058.3817458971753,1127.6714284445918,29919.70054303754,15004.889316947494,69.28968254741653,0.002315854814380506,1058.3817458971753,29919.70054303754
2,2019-12,2020-04,credit_a_1_mean_monthlyinstlamount_674A,num,0.022930420356108823,5006.650953700621,5891.299647053115,41934.434028664306,36318.991660986765,884.6486933524939,0.021095996973460804,5006.650953700621,41934.434028664306
2,2019-12,2020-04,credit_a_1_std_monthlyinstlamount_674A,num,0.027901571311279696,7001.46020964507,8431.390435610841,51981.55013972666,55826.17515013807,1429.9302259657716,0.027508418316154713,7001.46020964507,51981.55013972666
2,2019-12,2020-04,credit_a_1_max_nominalrate_281L,num,0.075071857317855,16.070832095100112,26.000902930068854,132.27421286415236,507.7427614133364,9.930070834968742,0.07507185731785133,16.070832095100112,132.27421286415236
2,2019-12,2020-04,credit_a_1_min_nominalrate_281L,num,0.04092166297734424,12.419517771092854,16.33360809839496,95.95252647141905,304.87072209086807,3.914090327302107,0.04079194650979805,12.419517771092854,95.95252647141905
2,2019-12,2020-04,credit_a_1_mean_nominalrate_281L,num,0.06536412633917296,14.178037730326245,21.03538455519367,104.90994386257283,370.9509768219066,6.857346824867424,0.06536412633916029,14.178037730326245,104.90994386257283
2,2019-12,2020-04,credit_a_1_std_nominalrate_281L,num,0.0610666716417065,1.5198088503876341,5.265349606691515,61.33526939671063,256.37419713264285,3.745540756303881,0.0610666716416958,1.5198088503876341,61.33526939671063
2,2019-12,2020-04,credit_a_1_max_nominalrate_498L,num,0.06926273991206655,45.77528399866693,74.56903427446774,415.71774827788363,932.5933346564655,28.79375027580081,0.06926273991206608,45.77528399866693,415.71774827788363
2,2019-12,2020-04,credit_a_1_min_nominalrate_498L,num,0.021096070444381238,15.516687438530692,17.680522459242372,105.34933859819867,224.33379267799367,2.16383502071168,0.02053961657001498,15.516687438530692,105.34933859819867
2,2019-12,2020-04,credit_a_1_mean_nominalrate_498L,num,0.05843855868067424,27.228439975702244,36.549463140533895,159.50125012091394,336.80222059738,9.32102316483165,0.0584385586806725,27.228439975702244,159.50125012091394
2,2019-12,2020-04,credit_a_1_std_nominalrate_498L,num,0.05831204055567145,13.788101252629504,24.70330934907338,187.18617960253007,395.82988512185693,10.915208096443875,0.05831204055567114,13.788101252629504,187.18617960253007
2,2019-12,2020-04,credit_a_1_max_numberofcontrsvalue_258L,num,0.10050515579778119,1.575278836066479,1.7259778118567026,1.49941537420661,1.541268604877414,0.15069897579022373,0.10050515579778119,1.575278836066479,1.49941537420661
2,2019-12,2020-04,credit_a_1_min_numberofcontrsvalue_258L,num,0.09777418316181666,1.542646734029043,1.687887705337036,1.485473635383059,1.5273732959138375,0.14524097130799296,0.09777418316181671,1.542646734029043,1.485473635383059
2,2019-12,2020-04,credit_a_1_mean_numberofcontrsvalue_258L,num,0.0996014574677305,1.5589124588200685,1.7068579231186893,1.4853744921007173,1.5259592576543608,0.14794546429862088,0.09960145746773016,1.5589124588200685,1.4853744921007173
2,2019-12,2020-04,credit_a_1_max_numberofcontrsvalue_358L,num,0.10646314495806478,4.927123019159627,5.5616391041848,5.959959996251353,6.559078088719806,0.6345160850251732,0.10646314495806447,4.927123019159627,5.959959996251353
2,2019-12,2020-04,credit_a_1_min_numberofcontrsvalue_358L,num,0.0994666901053129,4.71356496052123,5.293285991259216,5.828293171555148,6.383597856451958,0.5797210307379856,0.09946669010531263,4.71356496052123,5.828293171555148
2,2019-12,2020-04,credit_a_1_mean_numberofcontrsvalue_358L,num,0.10406979074013001,4.819384340544674,5.426137000340596,5.830247716275604,6.386477937214877,0.6067526597959221,0.10406979074012986,4.819384340544674,5.830247716275604
2,2019-12,2020-04,credit_a_1_max_numberofinstls_229L,num,0.04300336206256525,21.25913464193032,22.680348894507308,33.07160674612002,33.862095585157256,1.4212142525769877,0.0429738495467483,21.25913464193032,33.07160674612002
2,2019-12,2020-04,credit_a_1_min_numberofinstls_229L,num,0.018457837769538098,3.3097910109877975,3.259451145097931,9.291777896672283,8.862591872591047,0.05033986588986661,-0.005417678559438567,3.3097910109877975,9.291777896672283
2,2019-12,2020-04,credit_a_1_mean_numberofinstls_229L,num,0.02770080367439001,9.517823206102983,9.855816316098418,13.384164982266842,13.155056380170178,0.3379931099954341,0.02525320858217552,9.517823206102983,13.384164982266842
2,2019-12,2020-04,credit_a_1_std_numberofinstls_229L,num,0.03679650343091337,7.0108420004986725,7.495422971123429,13.212525602467796,13.359407486197897,0.4845809706247568,0.03667587751233937,7.0108420004986725,13.212525602467796
2,2019-12,2020-04,credit_a_1_max_numberofinstls_320L,num,0.037189988011062686,21.78316009607421,23.142132143334116,36.56378167143673,37.2118663861216,1.3589720472599076,0.03716716338237856,21.78316009607421,36.56378167143673
2,2019-12,2020-04,credit_a_1_min_numberofinstls_320L,num,0.01541081213735689,14.872763789961901,15.248186678824553,27.168645919125584,27.104359700034017,0.3754228888626514,0.013818240702175352,14.872763789961901,27.168645919125584
2,2019-12,2020-04,credit_a_1_mean_numberofinstls_320L,num,0.0289125762083397,18.12994830677649,18.954797663703616,29.59052328312991,29.65649016457677,0.8248493569271247,0.027875456916890216,18.12994830677649,29.59052328312991
2,2019-12,2020-04,credit_a_1_std_numberofinstls_320L,num,0.03980450042997129,3.586191342299319,4.189587501534498,15.163984058178638,15.85747601563393,0.6033961592351789,0.03979140026263345,3.586191342299319,15.163984058178638
2,2019-12,2020-04,credit_a_1_max_numberofoutstandinstls_520L,num,0.009796523203775831,0.11846046601512893,0.19502816116568344,8.066126401039707,8.618588768452879,0.07656769515055452,0.009492498796037353,0.11846046601512893,8.066126401039707
2,2019-12,2020-04,credit_a_1_min_numberofoutstandinstls_520L,num,0.0766665517645021,-0.2089993650267793,-0.17648738388987903,0.434748079156452,0.3847693857012523,0.032511981136900264,0.07478349576606234,-0.2089993650267793,0.434748079156452
2,2019-12,2020-04,credit_a_1_mean_numberofoutstandinstls_520L,num,0.027660745901883804,-0.1670536519965547,-0.13391513873623467,1.355231903981219,1.2479834312250107,0.033138513260320024,0.02445228241968783,-0.1670536519965547,1.355231903981219
2,2019-12,2020-04,credit_a_1_std_numberofoutstandinstls_520L,num,0.01852213843623863,-0.23558579126347634,-0.1862760514340981,2.88613381711485,2.876000683184429,0.04930973982937825,0.01708504974265926,-0.23558579126347634,2.88613381711485
2,2019-12,2020-04,credit_a_1_max_numberofoutstandinstls_59L,num,0.03310946995895082,15.438090110982277,16.430748400823422,30.252250861906894,30.79898360075496,0.9926582898411453,0.03281270852778374,15.438090110982277,30.252250861906894
2,2019-12,2020-04,credit_a_1_min_numberofoutstandinstls_59L,num,0.01192513214965744,9.738052840814975,9.969457914830318,22.260063743209976,22.274679097944095,0.23140507401534371,0.01039552611730187,9.738052840814975,22.260063743209976
2,2019-12,2020-04,credit_a_1_mean_numberofoutstandinstls_59L,num,0.024316279289402224,12.412862827170743,12.990863624029046,24.233393222440966,24.34790504927934,0.5780007968583032,0.02385141822908458,12.412862827170743,24.233393222440966
2,2019-12,2020-04,credit_a_1_std_numberofoutstandinstls_59L,num,0.03635869072907745,2.819898316523345,3.2906159722294683,12.951471735316844,13.480562733463128,0.47071765570612323,0.03634472323500829,2.819898316523345,12.951471735316844
2,2019-12,2020-04,credit_a_1_max_numberofoverdueinstlmax_1039L,num,0.015539801829701029,26.378889210976755,29.40358197132765,195.06268513825842,207.092373878635,3.024692760350895,0.015506260247607194,26.378889210976755,195.06268513825842
2,2019-12,2020-04,credit_a_1_min_numberofoverdueinstlmax_1039L,num,0.005785059132248196,11.698939870796753,12.324914917819132,134.83504836157837,138.97927343034914,0.6259750470223793,0.00464252473395302,11.698939870796753,134.83504836157837
2,2019-12,2020-04,credit_a_1_mean_numberofoverdueinstlmax_1039L,num,0.010656211282063977,17.89714898979221,19.45408665351483,148.82197984830245,154.39733396028032,1.5569376637226178,0.010461745404204668,17.89714898979221,148.82197984830245
2,2019-12,2020-04,credit_a_1_std_numberofoverdueinstlmax_1039L,num,0.015606459098488713,8.573704768108913,9.950027359012566,88.28194418705459,94.47777475159126,1.3763225909036532,0.015590080209237996,8.573704768108913,88.28194418705459
2,2019-12,2020-04,credit_a_1_max_numberofoverdueinstlmax_1151L,num,0.03263080448831223,198.26315498868092,221.97892632965372,726.7908871039118,825.0722778668611,23.715771340972793,0.03263080448830953,198.26315498868092,726.7908871039118
2,2019-12,2020-04,credit_a_1_min_numberofoverdueinstlmax_1151L,num,0.006608634410610616,20.66827135442549,21.082926919127026,173.048591496472,267.61141214587326,0.41465556470153686,0.002396179946428461,20.66827135442549,173.048591496472
2,2019-12,2020-04,credit_a_1_mean_numberofoverdueinstlmax_1151L,num,0.017466739098314348,65.17848531541837,69.50583193265834,247.7478247590366,337.30125134676024,4.327346617239968,0.0174667390983102,65.17848531541837,247.7478247590366
2,2019-12,2020-04,credit_a_1_std_numberofoverdueinstlmax_1151L,num,0.026697326655503346,76.44331971084847,84.50961084574188,305.542238566958,347.4674292257765,8.066291134893405,0.02639992157132055,76.44331971084847,305.542238566958
2,2019-12,2020-04,credit_a_1_max_numberofoverdueinstls_725L,num,0.009428718996167911,14.325755065982,15.905145457141147,168.21854403107758,175.44423518428718,1.5793903911591478,0.009388919635800455,14.325755065982,168.21854403107758
2,2019-12,2020-04,credit_a_1_min_numberofoverdueinstls_725L,num,0.0031989664911685842,6.967005549113798,7.231004453286544,116.79495450387591,116.94490781478179,0.2639989041727455,0.0022603622330619132,6.967005549113798,116.79495450387591
2,2019-12,2020-04,credit_a_1_mean_numberofoverdueinstls_725L,num,0.006842814591893099,10.108343389768295,10.8835041647679,128.6564364558626,130.0274989104175,0.7751607749996037,0.006025044656553452,10.108343389768295,128.6564364558626
2,2019-12,2020-04,credit_a_1_std_numberofoverdueinstls_725L,num,0.010074945369111181,4.134389819356731,4.899310594845226,76.19882979618244,80.3927906384094,0.7649207754884948,0.010038484548050335,4.134389819356731,76.19882979618244
2,2019-12,2020-04,credit_a_1_max_numberofoverdueinstls_834L,num,0.005366865982876493,0.07024391253934073,0.12529531230571558,10.260197960967936,11.077282583087657,0.05505139976637485,0.005365529980591268,0.07024391253934073,10.260197960967936
2,2019-12,2020-04,credit_a_1_min_numberofoverdueinstls_834L,num,0.022049613732114337,-0.17338219866379548,-0.14342161616998936,1.4712319313810576,1.5298921968563999,0.02996058249380612,0.020364282377749832,-0.17338219866379548,1.4712319313810576
2,2019-12,2020-04,credit_a_1_mean_numberofoverdueinstls_834L,num,0.011922188451048537,-0.12149339043784566,-0.09049039655052232,2.925891854581221,2.9444266384835838,0.031002993887323332,0.010596083323715583,-0.12149339043784566,2.925891854581221
2,2019-12,2020-04,credit_a_1_std_numberofoverdueinstls_834L,num,0.009798606544521374,-0.19548466857725333,-0.1496566589004471,4.682214787014133,4.8847231293851685,0.045828009676806225,0.009787677789559699,-0.19548466857725333,4.682214787014133
2,2019-12,2020-04,credit_a_1_max_outstandingamount_354A,num,0.014213823150040448,12.807266803655592,30.486642344556493,1243.9174139661934,5654.175530928947,17.6793755409009,0.01421266021554497,12.807266803655592,1243.9174139661934
2,2019-12,2020-04,credit_a_1_min_outstandingamount_354A,num,0.0028430655296772713,-0.16323738336155016,-0.14170109109855747,15.564567694530737,12.901629941262593,0.021536292262992696,0.0013836742970098923,-0.16323738336155016,15.564567694530737
2,2019-12,2020-04,credit_a_1_mean_outstandingamount_354A,num,0.009046233537889482,1.3783146313361276,2.9709988145797372,176.06047606179473,580.7788737338616,1.5926841832436096,0.009046233537870249,1.3783146313361276,176.06047606179473
2,2019-12,2020-04,credit_a_1_std_outstandingamount_354A,num,0.010427234114084926,3.7425374908598483,7.79678669836342,388.8134823822625,1276.101859400986,4.054249207503572,0.010427234114062,3.7425374908598483,388.8134823822625
2,2019-12,2020-04,credit_a_1_max_outstandingamount_362A,num,0.023261938394540424,132686.83499191015,145735.03244955663,561459.6379120556,610980.5646768018,13048.197457646485,0.023239778207690673,132686.83499191015,561459.6379120556
2,2019-12,2020-04,credit_a_1_min_outstandingamount_362A,num,0.012439018334837862,71919.12378178304,75622.03901281461,297685.4870179951,360165.45388290053,3702.9152310315694,0.012439018334836485,71919.12378178304,297685.4870179951
2,2019-12,2020-04,credit_a_1_mean_outstandingamount_362A,num,0.021189473201595144,98964.14374637596,106498.94302127235,357013.31341289886,408220.9859966025,7534.799274896388,0.021105093260715795,98964.14374637596,357013.31341289886
2,2019-12,2020-04,credit_a_1_std_outstandingamount_362A,num,0.022868687199344675,37758.544152761686,43148.72246620029,242174.66437820691,248150.82306314565,5390.178313438606,0.02225739974608039,37758.544152761686,242174.66437820691
2,2019-12,2020-04,credit_a_1_max_overdueamount_31A,num,0.0033389792684092004,87.84414974154599,102.82729648094508,4487.588515068138,5181.111994817937,14.98314673939909,0.0033387969260304587,87.84414974154599,4487.588515068138
2,2019-12,2020-04,credit_a_1_min_overdueamount_31A,num,0.0014696585755944978,0.944515763900392,1.2060163118313738,302.06249184276527,368.81838649501924,0.26150054793098176,0.0008657167142324393,0.944515763900392,302.06249184276527
2,2019-12,2020-04,credit_a_1_mean_overdueamount_31A,num,0.0024589586668274407,20.402977460431096,23.21596312893495,1240.972173009559,1415.488371448993,2.8129856685038526,0.0022667596660784954,20.402977460431096,1240.972173009559
2,2019-12,2020-04,credit_a_1_std_overdueamount_31A,num,0.002647141974241975,38.97104087229997,44.67717088191189,2161.415866777139,2473.1651322299012,5.706130009611918,0.0026399963548524607,38.97104087229997,2161.415866777139
2,2019-12,2020-04,credit_a_1_max_overdueamount_659A,num,0.003453252806097156,1725.7584967010152,1564.9940421179963,144303.13788004525,58688.89728352564,160.76445458301896,-0.0011140745582168662,1725.7584967010152,144303.13788004525
2,2019-12,2020-04,credit_a_1_min_overdueamount_659A,num,0.006536088727029744,379.4479769918143,464.6678949821261,13123.331017891698,35086.24672424955,85.21991799031179,0.0064937718841449,379.4479769918143,13123.331017891698
2,2019-12,2020-04,credit_a_1_mean_overdueamount_659A,num,0.0029880265925233433,922.7732661162213,873.1955919873277,70414.9080913341,38235.185149901285,49.57767412889359,-0.0007040792280036374,922.7732661162213,70414.9080913341
2,2019-12,2020-04,credit_a_1_std_overdueamount_659A,num,0.003535262635577698,810.1403147321348,623.1671680902903,98179.53209685412,23192.070038800135,186.97314664184455,-0.001904400465642834,810.1403147321348,98179.53209685412
2,2019-12,2020-04,credit_a_1_max_overdueamountmax2_14A,num,0.004296429275520574,5504.453142151535,5848.248181897548,182657.38065043426,137321.1306269026,343.7950397460136,0.0018821853161464144,5504.453142151535,182657.38065043426
2,2019-12,2020-04,credit_a_1_min_overdueamountmax2_14A,num,0.0143263761295774,1359.8074285881419,1611.1711489561133,19592.68680931295,70844.81103637275,251.36372036797138,0.012829466566499251,1359.8074285881419,19592.68680931295
2,2019-12,2020-04,credit_a_1_mean_overdueamountmax2_14A,num,0.004135752603348431,2976.655646706571,3214.4196932815166,78615.60593083459,79515.84675255277,237.7640465749455,0.0030243873816113366,2976.655646706571,78615.60593083459
2,2019-12,2020-04,credit_a_1_std_overdueamountmax2_14A,num,0.004282426078616474,2404.0238493021916,2405.3554725671174,110064.16969237507,56627.03061215772,1.3316232649258382,1.2098608190546221e-05,2404.0238493021916,110064.16969237507
2,2019-12,2020-04,credit_a_1_max_overdueamountmax2_398A,num,0.005172105061308949,22678.048475460913,26093.523009015255,678895.942400009,735420.5754517355,3415.474533554341,0.00503092494776162,22678.048475460913,678895.942400009
2,2019-12,2020-04,credit_a_1_min_overdueamountmax2_398A,num,0.0028937494402476367,1212.0782977130168,1231.224596063241,22833.2187297738,21790.65881742661,19.146298350224242,0.0008385282240238023,1212.0782977130168,22833.2187297738
2,2019-12,2020-04,credit_a_1_mean_overdueamountmax2_398A,num,0.0050671365097916315,5740.537295066966,6343.746156117456,134605.87020431634,177232.80285981012,603.2088610504898,0.004481296841919952,5740.537295066966,134605.87020431634
2,2019-12,2020-04,credit_a_1_std_overdueamountmax2_398A,num,0.005716817034610879,8269.667639131192,9410.296011482877,218875.5206467033,271665.0960976754,1140.6283723516844,0.0052113108354077805,8269.667639131192,218875.5206467033
2,2019-12,2020-04,credit_a_1_max_overdueamountmax_155A,num,0.004291003980561871,4295.225731835186,4387.237495731014,173787.89904834173,105756.59604400476,92.01176389582815,0.0005294486232912781,4295.225731835186,173787.89904834173
2,2019-12,2020-04,credit_a_1_min_overdueamountmax_155A,num,0.008120833115170228,1044.835652372673,1155.9048152508233,16279.721356069931,36056.58245858838,111.06916287815034,0.006822546925026941,1044.835652372673,16279.721356069931
2,2019-12,2020-04,credit_a_1_mean_overdueamountmax_155A,num,0.004103036756955115,2287.6583049525857,2360.183876415347,73573.00611449507,43960.6591458607,72.52557146276149,0.0009857633294186247,2287.6583049525857,73573.00611449507
2,2019-12,2020-04,credit_a_1_std_overdueamountmax_155A,num,0.004196549443256849,1856.8682622771937,1809.6571246216577,104216.28253894167,42173.24902668919,47.21113765553605,-0.00045301114667849565,1856.8682622771937,104216.28253894167
2,2019-12,2020-04,credit_a_1_max_overdueamountmax_35A,num,0.0054418273078692585,17876.547597259523,21127.56766217905,614250.7654780095,681804.567770999,3251.0200649195285,0.0052926593626457874,17876.547597259523,614250.7654780095
2,2019-12,2020-04,credit_a_1_min_overdueamountmax_35A,num,0.0027257736211247583,1136.4242438371477,1142.658827004802,21877.16113756141,20583.95818182137,6.234583167654364,0.00028498136154192613,1136.4242438371477,21877.16113756141
2,2019-12,2020-04,credit_a_1_mean_overdueamountmax_35A,num,0.004900480842277507,4966.671174857416,5594.290102276038,128135.85381475659,174206.31594054465,627.6189274186218,0.0048980742605107055,4966.671174857416,128135.85381475659
2,2019-12,2020-04,credit_a_1_std_overdueamountmax_35A,num,0.006115463450075713,6655.574738576904,7846.16765715938,194685.6404758283,258280.61270064287,1190.5929185824762,0.006115463450065273,6655.574738576904,194685.6404758283
2,2019-12,2020-04,credit_a_1_max_overdueamountmaxdatemonth_284T,num,0.09524295998699879,7.827504693280327,8.286087969678967,4.814878458851338,4.592633576098713,0.45858327639863994,0.09524295998699871,7.827504693280327,4.814878458851338
2,2019-12,2020-04,credit_a_1_min_overdueamountmaxdatemonth_284T,num,0.033528666689467336,2.4959416928938216,2.5177740014644727,3.011316853637335,2.926231802688183,0.021832308570651104,0.007250086799826498,2.4959416928938216,3.011316853637335
2,2019-12,2020-04,credit_a_1_mean_overdueamountmaxdatemonth_284T,num,0.07277777073459403,5.198092767100444,5.445132068092303,3.449191189728459,3.272501693130957,0.247039300991859,0.07162238548200264,5.198092767100444,3.449191189728459
2,2019-12,2020-04,credit_a_1_std_overdueamountmaxdatemonth_284T,num,0.08634083581014904,1.941933742070001,2.1310592044478742,2.190452068285885,2.1311856941100795,0.1891254623778733,0.08634083581014919,1.941933742070001,2.190452068285885
2,2019-12,2020-04,credit_a_1_max_overdueamountmaxdatemonth_365T,num,0.0826103778282778,7.011774612114185,6.800859341539907,4.522745502703467,4.568518881126869,0.2109152705742785,-0.046634344215964414,7.011774612114185,4.522745502703467
2,2019-12,2020-04,credit_a_1_min_overdueamountmaxdatemonth_365T,num,0.2022918340039087,4.302395643531556,3.571913439530632,3.9334869923938602,3.6226248458730907,0.730482204000924,-0.18570855971138311,4.302395643531556,3.9334869923938602
2,2019-12,2020-04,credit_a_1_mean_overdueamountmaxdatemonth_365T,num,0.14599057336065466,5.68902076821482,5.192071608189421,3.8976151632308653,3.706368175636194,0.496949160025399,-0.12750082786866546,5.68902076821482,3.8976151632308653
2,2019-12,2020-04,credit_a_1_std_overdueamountmaxdatemonth_365T,num,0.134000653313045,1.104688456108107,1.425856924278991,2.3967679278442597,2.5500196875372545,0.32116846817088396,0.13400065331304503,1.104688456108107,2.3967679278442597
2,2019-12,2020-04,credit_a_1_max_overdueamountmaxdateyear_2T,num,0.04565676061414561,1709.4180746507648,1742.6208949862532,727.2268091048385,694.0986994797084,33.20282033548847,0.04565676061414546,1709.4180746507648,727.2268091048385
2,2019-12,2020-04,credit_a_1_min_overdueamountmaxdateyear_2T,num,0.045714508386589914,1708.9309846226051,1742.1663373905676,727.0198005172438,693.9177269788765,33.23535276796247,0.045714508386589914,1708.9309846226051,727.0198005172438
2,2019-12,2020-04,credit_a_1_mean_overdueamountmaxdateyear_2T,num,0.04567106155964056,1709.1915784040375,1742.4003992311923,727.1304780990962,694.0108488353432,33.208820827154796,0.0456710615596407,1709.1915784040375,727.1304780990962
2,2019-12,2020-04,credit_a_1_std_overdueamountmaxdateyear_2T,num,0.10369825903585989,-0.17638474337248164,-0.15972537366323977,0.843839337261585,0.7824810339897198,0.016659369709241867,0.01974234783045859,-0.17638474337248164,0.843839337261585
2,2019-12,2020-04,credit_a_1_max_overdueamountmaxdateyear_994T,num,0.08025173057495394,1653.4211011263874,1715.6962416472095,775.9974778694411,720.1110212540407,62.275140520822106,0.08025173057495386,1653.4211011263874,775.9974778694411
2,2019-12,2020-04,credit_a_1_min_overdueamountmaxdateyear_994T,num,0.07998362555596897,1648.815529926564,1710.7104258484042,773.8445899595888,718.0283805183548,61.89489592184009,0.07998362555596897,1648.815529926564,773.8445899595888
2,2019-12,2020-04,credit_a_1_mean_overdueamountmaxdateyear_994T,num,0.08017772065704158,1651.3190424372915,1713.4578009940453,775.0127846930324,719.1736357975914,62.13875855675383,0.08017772065704154,1651.3190424372915,775.0127846930324
2,2019-12,2020-04,credit_a_1_std_overdueamountmaxdateyear_994T,num,0.0761329761778257,1.5651685146165575,1.7266528119172633,2.121082156614013,2.105668862263784,0.1614842973007058,0.0761329761778257,1.5651685146165575,2.121082156614013
2,2019-12,2020-04,credit_a_1_max_periodicityofpmts_1102L,num,0.06460788740770326,23.606792833084867,24.66017785514615,16.304279002561543,16.273262597223283,1.0533850220612813,0.06460788740770354,23.606792833084867,16.304279002561543
2,2019-12,2020-04,credit_a_1_min_periodicityofpmts_1102L,num,0.0716279530090727,23.10633385787643,24.064680878499423,13.379511494648149,12.747026211835932,0.9583470206229947,0.07162795300907188,23.10633385787643,13.379511494648149
2,2019-12,2020-04,credit_a_1_mean_periodicityofpmts_1102L,num,0.07232866466260854,23.26636393232076,24.25243962100548,13.63534013471497,13.021930001544028,0.9860756886847177,0.07231764510033842,23.26636393232076,13.63534013471497
2,2019-12,2020-04,credit_a_1_std_periodicityofpmts_1102L,num,0.0170718979441562,-0.13448670555185255,-0.0589247818387734,4.426654027525233,4.739026705472681,0.07556192371307915,0.01706976042022485,-0.13448670555185255,4.426654027525233
2,2019-12,2020-04,credit_a_1_max_periodicityofpmts_837L,num,0.051826278688365986,17.02317997349677,17.9035658529172,16.987248587038998,17.164848107678605,0.8803858794204302,0.051826278688365736,17.02317997349677,16.987248587038998
2,2019-12,2020-04,credit_a_1_min_periodicityofpmts_837L,num,0.05028548602359535,16.920417839986747,17.748202797235002,16.461707397236268,16.368541659790974,0.8277849572482552,0.05028548602359624,16.920417839986747,16.461707397236268
2,2019-12,2020-04,credit_a_1_mean_periodicityofpmts_837L,num,0.051235237083100835,16.968160568749607,17.818633098796155,16.599367514726573,16.569476757711403,0.8504725300465488,0.051235237083101466,16.968160568749607,16.599367514726573
2,2019-12,2020-04,credit_a_1_std_periodicityofpmts_837L,num,0.02342687848919804,-0.7082035797909104,-0.647417487606601,2.594715818086627,3.2114361259372917,0.060786092184309415,0.023426878489195693,-0.7082035797909104,2.594715818086627
2,2019-12,2020-04,credit_a_1_max_prolongationcount_1120L,num,0.036051973127065665,-0.8390722489095025,-0.7783810668545613,1.683435795345501,2.096623825646815,0.06069118205494117,0.03605197312706849,-0.8390722489095025,1.683435795345501
2,2019-12,2020-04,credit_a_1_min_prolongationcount_1120L,num,0.01927586452729335,-0.9170462702225167,-0.8908092823623143,1.3611315758651537,1.7299065657794757,0.026236987860202454,0.019275864527296613,-0.9170462702225167,1.3611315758651537
2,2019-12,2020-04,credit_a_1_mean_prolongationcount_1120L,num,0.024984745034286073,-0.8952442529912513,-0.860038079514483,1.409106774091588,1.7786566075203087,0.035206173476768354,0.024984745034289397,-0.8952442529912513,1.409106774091588
2,2019-12,2020-04,credit_a_1_max_residualamount_488A,num,0.012816965934154366,-0.5053723608925514,0.18882248319655712,54.16218219326344,317.7675102012782,0.6941948440891086,0.012816965934128313,-0.5053723608925514,54.16218219326344
2,2019-12,2020-04,credit_a_1_min_residualamount_488A,num,0.04696992114731766,-0.6059818618519132,-0.5830305374799095,0.48863876735109946,0.4930577347996858,0.022951324372003645,0.04696992114731767,-0.6059818618519132,0.48863876735109946
2,2019-12,2020-04,credit_a_1_mean_residualamount_488A,num,0.020017008325555932,-0.5808294866120728,-0.3096059807793712,13.549652446665627,107.25129074977642,0.2712235058327016,0.020017008325512127,-0.5808294866120728,13.549652446665627
2,2019-12,2020-04,credit_a_1_std_residualamount_488A,num,0.015675770941438558,-0.7789081588019712,-0.3543521453172564,27.083581092865554,184.38719996399428,0.4245560134847148,0.015675770941404522,-0.7789081588019712,27.083581092865554
2,2019-12,2020-04,credit_a_1_max_residualamount_856A,num,0.09940602820234375,28485.510561949774,36626.526953891516,81936.21305774403,101223.49465936799,8141.016391941743,0.09935797723778635,28485.510561949774,81936.21305774403
2,2019-12,2020-04,credit_a_1_min_residualamount_856A,num,0.05424806702495166,16698.554696204366,19885.841332588876,59770.86471975196,66760.21377266529,3187.2866363845096,0.05332508825710923,16698.554696204366,59770.86471975196
2,2019-12,2020-04,credit_a_1_mean_residualamount_856A,num,0.08394894758162383,22281.869327749668,27732.31163034038,65060.893964221694,75397.88679613009,5450.442302590713,0.08377447604067693,22281.869327749668,65060.893964221694
2,2019-12,2020-04,credit_a_1_std_residualamount_856A,num,0.0827275527042277,7941.072067284302,11174.499446877882,39085.25362951263,52577.26631620403,3233.4273795935806,0.08272755270422688,7941.072067284302,39085.25362951263
2,2019-12,2020-04,credit_a_1_max_totalamount_6A,num,0.019012511950213667,154738.7165061337,174944.1468896528,1062743.8623804338,1541457.1541580819,20205.430383519095,0.019012511950208838,154738.7165061337,1062743.8623804338
2,2019-12,2020-04,credit_a_1_min_totalamount_6A,num,0.0063625550841152475,21313.505589968616,21945.80285244501,116414.08843555275,173767.89775224793,632.2972624763934,0.005431449672231341,21313.505589968616,116414.08843555275
2,2019-12,2020-04,credit_a_1_mean_totalamount_6A,num,0.020809737924015435,61190.82180656069,67015.64421716305,279908.49437284697,512883.150091044,5824.822410602355,0.020809737924007077,61190.82180656069,279908.49437284697
2,2019-12,2020-04,credit_a_1_std_totalamount_6A,num,0.018993990017155085,53361.61061286746,60074.48479053819,353420.95955663023,531618.8301979478,6712.874177670732,0.01899399001715148,53361.61061286746,353420.95955663023
2,2019-12,2020-04,credit_a_1_max_totalamount_996A,num,0.022973834543683295,168687.7092803046,184882.9052303017,707068.001426816,792101.208549584,16195.195949997084,0.022904721918282626,168687.7092803046,707068.001426816
2,2019-12,2020-04,credit_a_1_min_totalamount_996A,num,0.013943667962538098,95194.36847674802,100260.37876574499,364844.67387952114,481318.9400967631,5066.010288996971,0.013885389185288935,95194.36847674802,364844.67387952114
2,2019-12,2020-04,credit_a_1_mean_totalamount_996A,num,0.022100437747582247,128024.02489462758,137709.09953676822,441040.4609450564,536552.7675068333,9685.074642140637,0.02195960574997489,128024.02489462758,441040.4609450564
2,2019-12,2020-04,credit_a_1_std_totalamount_996A,num,0.022854817188554116,45432.28027699485,51821.38754531935,288645.91344137595,296181.90272935235,6389.1072683245,0.022134757399301028,45432.28027699485,288645.91344137595
2,2019-12,2020-04,credit_a_1_max_totaldebtoverduevalue_178A,num,0.003915737810163842,1961.6651829521,1779.4647589155836,157548.27742628037,71943.40151214993,182.20042403651632,-0.0011564736029676436,1961.6651829521,157548.27742628037
2,2019-12,2020-04,credit_a_1_min_totaldebtoverduevalue_178A,num,0.009891814754673827,1004.557113014508,1247.9114072764796,26704.00896044292,41405.37056937193,243.35429426197163,0.009113024738062973,1004.557113014508,26704.00896044292
2,2019-12,2020-04,credit_a_1_mean_totaldebtoverduevalue_178A,num,0.004713348844078745,1482.9940846287514,1511.5076096070911,82108.25063250806,50755.50272696316,28.513524978339774,0.0003472674762729725,1482.9940846287514,82108.25063250806
2,2019-12,2020-04,credit_a_1_max_totaldebtoverduevalue_718A,num,0.003252530779997605,89.74808070891389,104.67686796149016,4617.918697887407,5327.42173432556,14.92878725257627,0.0032327956010585143,89.74808070891389,4617.918697887407
2,2019-12,2020-04,credit_a_1_min_totaldebtoverduevalue_718A,num,0.003024711142451315,86.80992710869677,100.59603404031954,4559.274370021981,5211.5617126184225,13.786106931622768,0.0030237502314554286,86.80992710869677,4559.274370021981
2,2019-12,2020-04,credit_a_1_mean_totaldebtoverduevalue_718A,num,0.0031548211198323753,88.27900390880532,102.63645094564173,4573.992001575768,5240.747269170791,14.357447036836405,0.0031389313824532654,88.27900390880532,4573.992001575768
2,2019-12,2020-04,credit_a_1_max_totaloutstanddebtvalue_39A,num,0.023215331170575153,180486.1823572719,206355.41794477953,1120857.6306896594,1258496.6831226007,25869.235587507632,0.02307985856472279,180486.1823572719,1120857.6306896594
2,2019-12,2020-04,credit_a_1_min_totaloutstanddebtvalue_39A,num,0.04779240579808777,151090.75338252916,173688.67251372908,475787.173487505,506073.4378823523,22597.919131199917,0.04749585611053337,151090.75338252916,475787.173487505
2,2019-12,2020-04,credit_a_1_mean_totaloutstanddebtvalue_39A,num,0.03892989360462553,165481.50869966298,189561.15141218892,620518.3907208558,672055.0997152177,24079.642712525936,0.03880568742620606,165481.50869966298,620518.3907208558
2,2019-12,2020-04,credit_a_1_max_totaloutstanddebtvalue_668A,num,0.009773366109008695,12.75399272875498,24.92792491706541,1245.6232635253423,3311.25553008963,12.173932188310431,0.009773366108991871,12.75399272875498,1245.6232635253423
2,2019-12,2020-04,credit_a_1_min_totaloutstanddebtvalue_668A,num,0.003496000025332056,11.727632956986701,15.828641750426174,1206.3117471236706,2109.757013725527,4.1010087934394726,0.0033996260114501223,11.727632956986701,1206.3117471236706
2,2019-12,2020-04,credit_a_1_mean_totaloutstanddebtvalue_668A,num,0.006598090125064859,12.24081284287084,20.2657813801081,1216.2562779735035,2462.8439431686265,8.024968537237259,0.0065980901250584,12.24081284287084,1216.2562779735035
2,2019-12,2020-04,credit_a_1_n_unique_classificationofcontr_13M,num,0.07438499390948015,1.9014169565457457,1.9667177850540887,0.8778763709762233,0.850213039543112,0.06530082850834296,0.07438499390948021,1.9014169565457457,0.8778763709762233
2,2019-12,2020-04,credit_a_1_n_unique_classificationofcontr_400M,num,0.0636338303024614,2.8343444591684612,2.961988182902511,2.0086784382676335,1.9990628983843626,0.12764372373404997,0.06354612132150686,2.8343444591684612,2.0086784382676335
2,2019-12,2020-04,credit_a_1_n_unique_contractst_545M,num,0.05370712006372784,1.7774211804980398,1.8187968297389279,0.7703941151897998,0.7253029611796069,0.0413756492408881,0.05370712006372803,1.7774211804980398,0.7703941151897998
2,2019-12,2020-04,credit_a_1_n_unique_contractst_964M,num,0.06258399704694724,1.9932844680028712,2.0593203557102924,1.0553025259678694,1.0192983985764053,0.06603588770742119,0.06257531473911375,1.9932844680028712,1.0553025259678694
2,2019-12,2020-04,credit_a_1_n_unique_description_351M,num,0.038648227130763255,0.9270850588040418,0.9443177997909212,0.5481620956605157,0.5121664275835738,0.017232740986879436,0.03143730864155173,0.9270850588040418,0.5481620956605157
2,2019-12,2020-04,credit_a_1_n_unique_financialinstitution_382M,num,0.07834804050973816,3.4261222461487493,3.6150140690696912,2.4109323180515783,2.4082327980146565,0.18889182292094198,0.07834804050973816,3.4261222461487493,2.4109323180515783
2,2019-12,2020-04,credit_a_1_n_unique_financialinstitution_591M,num,0.09727530591970897,2.357431257246977,2.4769299493881913,1.2284586618504034,1.2297164178517126,0.11949869214121422,0.0972753059197089,2.357431257246977,1.2284586618504034
2,2019-12,2020-04,credit_a_1_n_unique_purposeofcred_426M,num,0.07927515124279888,1.9972944619292143,2.071054558516738,0.9304314836513604,0.9011528005984402,0.07376009658752358,0.07927515124279913,1.9972944619292143,0.9304314836513604
2,2019-12,2020-04,credit_a_1_n_unique_purposeofcred_874M,num,0.08590751595271673,2.6224255977030535,2.7472587189087374,1.453110590165267,1.4189279976239175,0.1248331212056839,0.08590751595271647,2.6224255977030535,1.453110590165267
2,2019-12,2020-04,credit_a_1_n_unique_subjectrole_182M,num,0.050225465611996326,1.761788415879852,1.7995836844844182,0.7525120602473531,0.7019611080685914,0.03779526860456617,0.05022546561199663,1.761788415879852,0.7525120602473531
2,2019-12,2020-04,credit_a_1_n_unique_subjectrole_93M,num,0.06517148441187823,1.7440609298216554,1.7938731619255515,0.7643255720414007,0.7133687100685806,0.04981223210389607,0.06517148441187824,1.7440609298216554,0.7643255720414007
2,2019-12,2020-04,credit_a_1_max_dateofcredend_289D,num,0.04799135189781936,674.0985692396886,715.8195981450012,885.6820283210385,903.5838127092643,41.721028905312664,0.047106103060939375,674.0985692396886,885.6820283210385
2,2019-12,2020-04,credit_a_1_min_dateofcredend_289D,num,0.017181376333895385,292.63752691734305,287.74172780149485,464.2019068480248,459.82016023034123,4.895799115848206,-0.010546701863185242,292.63752691734305,464.2019068480248
2,2019-12,2020-04,credit_a_1_mean_dateofcredend_289D,num,0.03169714169078733,465.0623735991604,479.8187272966072,534.320847498356,533.6747896946051,14.756353697446798,0.027617027796191688,465.0623735991604,534.320847498356
2,2019-12,2020-04,credit_a_1_std_dateofcredend_289D,num,0.08952352967686583,-9377.346316229901,-10172.045761323076,8876.989635703954,8845.430016185263,794.6994450931743,-0.08952352967686594,-9377.346316229901,8876.989635703954
2,2019-12,2020-04,credit_a_1_max_dateofcredend_353D,num,0.030859383474692394,-171.60686875379602,-139.2202511708874,1137.16786971664,1151.6932182256592,32.38661758290863,0.02848006740726744,-171.60686875379602,1137.16786971664
2,2019-12,2020-04,credit_a_1_min_dateofcredend_353D,num,0.06717635362871575,-2021.1977838054222,-2140.1759808052757,1814.2277832066384,1812.4029665770722,118.97819699985348,-0.06558062780273385,-2021.1977838054222,1814.2277832066384
2,2019-12,2020-04,credit_a_1_mean_dateofcredend_353D,num,0.028484329415968027,-1050.2481572512045,-1079.143232458708,1046.4880994229025,1029.797452675248,28.895075207503623,-0.027611470425165978,-1050.2481572512045,1046.4880994229025
2,2019-12,2020-04,credit_a_1_std_dateofcredend_353D,num,0.09393288132648173,-11950.04404358008,-12690.803557799109,7886.062917721914,7599.396633505818,740.7595142190294,-0.09393274209800702,-11950.04404358008,7886.062917721914
2,2019-12,2020-04,credit_a_1_max_dateofcredstart_181D,num,0.03150798524436419,-722.7884952515046,-707.2192426189193,925.6015952811621,901.784575842314,15.56925263258529,0.016820684743802706,-722.7884952515046,925.6015952811621
2,2019-12,2020-04,credit_a_1_min_dateofcredstart_181D,num,0.07326808465006159,-2511.325392717133,-2650.5738154119636,1900.533167593193,1902.732168013603,139.24842269483042,-0.07326808343533019,-2511.325392717133,1900.533167593193
2,2019-12,2020-04,credit_a_1_mean_dateofcredstart_181D,num,0.035173551513494154,-1560.736936201772,-1603.5853499785424,1223.1137071986545,1202.5604855343838,42.84841377677026,-0.035032240685870214,-1560.736936201772,1223.1137071986545
2,2019-12,2020-04,credit_a_1_std_dateofcredstart_181D,num,0.09336903169990927,-11958.619156174456,-12694.94422412952,7886.180830509553,7596.491416322508,736.3250679550638,-0.09336903169990934,-11958.619156174456,7886.180830509553
2,2019-12,2020-04,credit_a_1_max_dateofcredstart_739D,num,0.02729047991103703,-385.1533632875048,-372.54872595478554,626.3685613728071,619.8846412143674,12.604637332719278,0.02012335565676188,-385.1533632875048,626.3685613728071
2,2019-12,2020-04,credit_a_1_min_dateofcredstart_739D,num,0.04386321126634385,-896.3928724255977,-936.77821527749,921.0516305311875,946.6126979417353,40.38534285189223,-0.04384699132295251,-896.3928724255977,921.0516305311875
2,2019-12,2020-04,credit_a_1_mean_dateofcredstart_739D,num,0.015366922784219158,-609.4538730993941,-616.7352678178233,661.4776536276142,660.4694219234837,7.281394718429283,-0.01100777128070364,-609.4538730993941,661.4776536276142
2,2019-12,2020-04,credit_a_1_std_dateofcredstart_739D,num,0.089997701768689,-9290.57757101269,-10082.008224936124,8793.898492625494,8766.69710454202,791.430653923433,-0.08999770176868901,-9290.57757101269,8793.898492625494
2,2019-12,2020-04,credit_a_1_max_dateofrealrepmt_138D,num,0.034066422083483074,-367.5270864391806,-351.7843126418996,691.9695017962305,660.1498295658166,15.742773797281018,0.022750675797727445,-367.5270864391806,691.9695017962305
2,2019-12,2020-04,credit_a_1_min_dateofrealrepmt_138D,num,0.06834921142732497,-2079.2086611727677,-2198.5240463657587,1773.48490824055,1777.7802942863907,119.31538519299102,-0.06727736144727736,-2079.2086611727677,1773.48490824055
2,2019-12,2020-04,credit_a_1_mean_dateofrealrepmt_138D,num,0.03140494933516117,-1138.8622001549795,-1170.1990060805265,1023.2459451904731,1004.0567527710697,31.33680592554697,-0.030624901151906102,-1138.8622001549795,1023.2459451904731
2,2019-12,2020-04,credit_a_1_std_dateofrealrepmt_138D,num,0.09402536091072485,-11976.279966873253,-12720.199118482155,7911.898921773193,7626.2255649963645,743.9191516089013,-0.09402536091072511,-11976.279966873253,7911.898921773193
2,2019-12,2020-04,credit_a_1_max_lastupdate_1112D,num,0.03493528696023142,3.650781983325051,3.4603694339674775,6.2242057540537505,6.885578634141363,0.19041254935757346,-0.030592264600758104,3.650781983325051,6.2242057540537505
2,2019-12,2020-04,credit_a_1_min_lastupdate_1112D,num,0.08923546950609994,0.11000565954392358,-0.9414947753323847,12.16079378199809,12.001889686793644,1.0515004348763082,-0.08646643087006944,0.11000565954392358,12.16079378199809
2,2019-12,2020-04,credit_a_1_mean_lastupdate_1112D,num,0.08248236375522908,1.9169666020046519,1.3423113239316948,7.079193650390827,7.292402593707177,0.574655278072957,-0.08117524487287214,1.9169666020046519,7.079193650390827
2,2019-12,2020-04,credit_a_1_std_lastupdate_1112D,num,0.09007588359239858,-9593.381799894709,-10410.529768563372,9071.772999378287,9042.530689848229,817.1479686686635,-0.09007588359239863,-9593.381799894709,9071.772999378287
2,2019-12,2020-04,credit_a_1_max_lastupdate_388D,num,0.028929343633121073,-337.36690409143614,-325.4858457329962,637.9382927411538,614.750087716469,11.88105835843993,0.01862414984902109,-337.36690409143614,637.9382927411538
2,2019-12,2020-04,credit_a_1_min_lastupdate_388D,num,0.06877310143114908,-2014.7952521947986,-2133.977144093984,1732.9744625895808,1749.8602670521725,119.1818918991853,-0.06877302261055365,-2014.7952521947986,1732.9744625895808
2,2019-12,2020-04,credit_a_1_mean_lastupdate_388D,num,0.033837061637815226,-1076.899269146551,-1109.8878712118496,977.5518250963885,964.8574698577278,32.988602065298664,-0.03374614134861435,-1076.899269146551,977.5518250963885
2,2019-12,2020-04,credit_a_1_std_lastupdate_388D,num,0.09433997308611591,-12004.989278568699,-12751.709164294958,7915.201385998213,7628.700426987753,746.7198857262592,-0.09433997308611597,-12004.989278568699,7915.201385998213
2,2019-12,2020-04,credit_a_1_max_numberofoverdueinstlmaxdat_148D,num,0.01836156643485992,-661.1979149411959,-677.9790875137583,1020.0861315133425,1026.2803567652265,16.781172572562355,-0.016450740828783495,-661.1979149411959,1020.0861315133425
2,2019-12,2020-04,credit_a_1_min_numberofoverdueinstlmaxdat_148D,num,0.05890284377309095,-1369.0833091767433,-1464.3608037099975,1617.5433629648699,1658.826059443968,95.27749453325418,-0.05890259062892488,-1369.0833091767433,1617.5433629648699
2,2019-12,2020-04,credit_a_1_mean_numberofoverdueinstlmaxdat_148D,num,0.04347090499111449,-996.8885275690318,-1048.9795609830705,1198.3016473699597,1211.0096333970446,52.09103341403875,-0.04347071835240191,-996.8885275690318,1198.3016473699597
2,2019-12,2020-04,credit_a_1_std_numberofoverdueinstlmaxdat_148D,num,0.06680836061945242,-6208.417016842859,-6760.628179905135,8265.59966360692,8439.950125540432,552.2111630622758,-0.06680836061945243,-6208.417016842859,8265.59966360692
2,2019-12,2020-04,credit_a_1_max_numberofoverdueinstlmaxdat_641D,num,0.014669556113842724,-171.26365882612777,-177.3697056778252,420.88395949636237,434.5452732077876,6.106046851697442,-0.014507672991396613,-171.26365882612777,420.88395949636237
2,2019-12,2020-04,credit_a_1_min_numberofoverdueinstlmaxdat_641D,num,0.028437176064500774,-217.7375455524267,-231.23503405589864,475.0911811858733,496.7540829547687,13.497488503471942,-0.02841031161593215,-217.7375455524267,475.0911811858733
2,2019-12,2020-04,credit_a_1_mean_numberofoverdueinstlmaxdat_641D,num,0.021847468360130372,-193.2489507790069,-202.68817534970475,432.9412324032867,448.1250809951666,9.43922457069786,-0.021802553936246895,-193.2489507790069,432.9412324032867
2,2019-12,2020-04,credit_a_1_std_numberofoverdueinstlmaxdat_641D,num,0.04179371245410257,-1480.7607101180092,-1686.231693915595,4916.31328571808,5228.2111626132655,205.47098379758586,-0.04179371245410261,-1480.7607101180092,4916.31328571808
2,2019-12,2020-04,credit_a_1_max_overdueamountmax2date_1002D,num,0.021994152966547973,-685.6857124123461,-707.4132760438973,1002.9327535199424,1011.6184077085445,21.72756363155122,-0.021664028376075155,-685.6857124123461,1002.9327535199424
2,2019-12,2020-04,credit_a_1_min_overdueamountmax2date_1002D,num,0.06341953066848495,-1343.3797553972724,-1441.605573285807,1548.827347679139,1589.8923153581763,98.2258178885345,-0.06341947540874862,-1343.3797553972724,1548.827347679139
2,2019-12,2020-04,credit_a_1_mean_overdueamountmax2date_1002D,num,0.04839517734395583,-999.7218627019771,-1056.276591050814,1168.6043329210086,1183.411508208868,56.554728348836875,-0.04839510410463254,-999.7218627019771,1168.6043329210086
2,2019-12,2020-04,credit_a_1_std_overdueamountmax2date_1002D,num,0.06727264379615236,-6162.261175674945,-6718.802943262223,8272.928432450137,8451.893049338883,556.5417675872786,-0.06727264379615229,-6162.261175674945,8272.928432450137
2,2019-12,2020-04,credit_a_1_max_overdueamountmax2date_1142D,num,0.012922623374733424,-185.4481323505052,-191.24481562841078,452.6593550859514,464.2354929815534,5.796683277905572,-0.01280584000479763,-185.4481323505052,452.6593550859514
2,2019-12,2020-04,credit_a_1_min_overdueamountmax2date_1142D,num,0.026752109018514388,-232.5788747170228,-246.1312222820906,507.0555356309991,526.9046691953167,13.552347565067777,-0.0267275408958956,-232.5788747170228,507.0555356309991
2,2019-12,2020-04,credit_a_1_mean_overdueamountmax2date_1142D,num,0.02014118388718826,-207.81087156342852,-217.15796051234094,464.85866999849225,478.14377044702945,9.347088948912415,-0.020107377902498263,-207.81087156342852,464.85866999849225
2,2019-12,2020-04,credit_a_1_std_overdueamountmax2date_1142D,num,0.04181545390427537,-1491.7851479091016,-1698.0507275384552,4932.759551087028,5244.071476048389,206.26557962935362,-0.04181545390427536,-1491.7851479091016,4932.759551087028
2,2019-12,2020-04,credit_a_1_max_refreshdate_3813885D,num,0.04770747358671971,13.111268704102478,13.12464597062765,3.443755909208452,3.2023363253867396,0.013377266525171905,0.003884499040539337,13.111268704102478,3.443755909208452
2,2019-12,2020-04,credit_a_1_min_refreshdate_3813885D,num,1.1148588840930251,-260.82336356358013,-352.6109061770354,82.33108595454883,87.7958965735919,91.78754261345529,-1.1148588840930258,-260.82336356358013,82.33108595454883
2,2019-12,2020-04,credit_a_1_mean_refreshdate_3813885D,num,0.6962968999472194,-47.157310396111995,-56.603998862500745,13.567040822822602,18.68441347562754,9.44668846638875,-0.6962968999472193,-47.157310396111995,13.567040822822602
2,2019-12,2020-04,credit_a_1_std_refreshdate_3813885D,num,0.058302173045337725,-17063.59872174838,-17304.924423309898,4139.223101921983,3795.9041057460718,241.32570156151633,-0.05830217304533804,-17063.59872174838,4139.223101921983
2,2019-12,2020-04,person_1_mean_contaddr_smempladdr_334L,num,0.007047562311931941,0.006011539948097841,0.005466443772076466,0.07734535033461223,0.07967686784714008,0.0005450961760213755,-0.00704756231193181,0.006011539948097841,0.07734535033461223
2,2019-12,2020-04,person_1_max_mainoccupationinc_384A,num,0.030981992621491383,58853.98554112197,59834.10103666778,33645.511271443145,34512.36578499931,980.1154955458114,0.029130646511461727,58853.98554112197,33645.511271443145
2,2019-12,2020-04,person_1_max_personindex_1023L,num,0.03640404343438425,0.5274901993263762,0.500739144250563,0.7348374672728354,0.7221417788347446,0.026751055075813213,-0.03640404343438425,0.5274901993263762,0.7348374672728354
2,2019-12,2020-04,person_1_mean_personindex_1023L,num,0.03640404343438425,0.2637450996631881,0.2503695721252815,0.3674187336364177,0.3610708894173723,0.013375527537906606,-0.03640404343438425,0.2637450996631881,0.3674187336364177
2,2019-12,2020-04,person_1_std_personindex_1023L,num,0.03655366622001493,-0.30217903540777474,-0.3346395999625384,0.8880248662168375,0.878581932984428,0.03246056455476365,-0.03655366622001488,-0.30217903540777474,0.8880248662168375
2,2019-12,2020-04,person_1_max_persontype_1072L,num,0.0363993460276095,2.4752118878029927,2.4067273639951554,1.8814767648817319,1.861958346136826,0.06848452380783732,-0.036399346027609435,2.4752118878029927,1.8814767648817319
2,2019-12,2020-04,person_1_mean_persontype_1072L,num,0.03497917484568482,1.6074048305374316,1.5787164623918073,0.8202158436796568,0.8097656103260896,0.028688368145624255,-0.03497660812905337,1.6074048305374316,0.8202158436796568
2,2019-12,2020-04,person_1_std_persontype_1072L,num,0.03767642076736436,0.3649685275290713,0.31019867092864667,1.5089924751165877,1.4993261556169502,0.054769856600424605,-0.036295645938322504,0.3649685275290713,1.5089924751165877
2,2019-12,2020-04,person_1_mean_persontype_792L,num,0.0370754782501161,1.819255625296255,1.7797565858650886,1.0653683052906493,1.0517913237334675,0.039499039431166505,-0.03707547825011609,1.819255625296255,1.0653683052906493
2,2019-12,2020-04,person_1_std_persontype_792L,num,0.03528124281198691,0.34439487459513324,0.2839362296892838,1.7136200453037482,1.6981770626413546,0.06045864490584946,-0.03528124281198686,0.34439487459513324,1.7136200453037482
2,2019-12,2020-04,person_1_max_safeguarantyflag_411L,num,0.0,1.0,1.0,0.0,0.0,0.0,0.0,1.0,1.0
2,2019-12,2020-04,person_1_n_unique_contaddr_district_15M,num,0.03504732576482347,1.5153118270664236,1.4977963830286953,0.4997654929583352,0.4999951440486634,0.01751544403772831,-0.03504732576482336,1.5153118270664236,0.4997654929583352
2,2019-12,2020-04,person_1_n_unique_contaddr_zipcode_807M,num,0.0367339956243311,1.5159468002871184,1.49758914632293,0.4997456348589779,0.49999418775076554,0.018357653964188314,-0.0367339956243312,1.5159468002871184,0.4997456348589779
2,2019-12,2020-04,person_1_n_unique_education_927M,num,0.026715204188388336,1.4874627298326983,1.4740838986290141,0.5007946452267577,0.5002585513867892,0.013378831203684216,-0.026715204188388113,1.4874627298326983,0.5007946452267577
2,2019-12,2020-04,person_1_n_unique_empladdr_district_926M,num,0.02814004316820779,1.4152655844514384,1.4013990780269223,0.49276777372474717,0.49018145434732546,0.013866506424516034,-0.02814004316820779,1.4152655844514384,0.49276777372474717
2,2019-12,2020-04,person_1_n_unique_empladdr_zipcode_114M,num,0.028134810785037642,1.4153138976312738,1.4014497358883315,0.4927760790314336,0.4901916415479975,0.01386416174294225,-0.028134810785037864,1.4153138976312738,0.4927760790314336
2,2019-12,2020-04,person_1_n_unique_language1_981M,num,0.040742077400382784,1.515284219535089,1.4949227007087496,0.4997663380352894,0.49997422036731765,0.02036151882633952,-0.04074207740038257,1.515284219535089,0.4997663380352894
2,2019-12,2020-04,person_1_n_unique_registaddr_district_1083M,num,0.03392107245719794,1.515991662525537,1.4990398032632872,0.4997442012966926,0.4999990780213767,0.016951859262249735,-0.033921072457198165,1.515991662525537,0.4997442012966926
2,2019-12,2020-04,person_1_n_unique_registaddr_zipcode_184M,num,0.03719249851329372,1.5160192700568715,1.497432567478574,0.4997433171007343,0.4999934082467968,0.01858670257829753,-0.03719249851329372,1.5160192700568715,0.4997433171007343
2,2019-12,2020-04,person_1_max_birth_259D,num,0.0129164481933713,-15953.579357848821,-16018.049188783429,4993.537371682537,4963.90699266244,64.46983093460767,-0.012910653537951799,-15953.579357848821,4993.537371682537
2,2019-12,2020-04,person_1_max_empl_employedfrom_271D,num,0.013862035601222155,-911.0163643641986,-889.4499062829564,1817.99406127167,1796.415823453852,21.566458081242217,0.011862776969775512,-911.0163643641986,1817.99406127167
2,2019-12,2020-04,deposit_1_max_amount_416A,num,0.002920438407102674,685.1801418152166,723.2745872559361,19422.54973417403,20496.99483923769,38.09444544071948,0.001961351416889009,685.1801418152166,19422.54973417403
2,2019-12,2020-04,deposit_1_min_amount_416A,num,0.0030814680783506194,373.4851103671072,413.1107418793068,14725.537986009129,16044.836189575975,39.62563151219956,0.0026909462696607924,373.4851103671072,14725.537986009129
2,2019-12,2020-04,deposit_1_mean_amount_416A,num,0.0036269978050329824,488.9369666664996,535.3421345924232,15486.016222833876,16907.23743284466,46.40516792592365,0.0029965852584798404,488.9369666664996,15486.016222833876
2,2019-12,2020-04,deposit_1_max_openingdate_313D,num,0.022682237244849558,-95.87127988515267,-104.54467332587281,382.38703471323606,409.2830268078709,8.673393440720133,-0.02268223724484953,-95.87127988515267,382.38703471323606
2,2019-12,2020-04,deposit_1_min_openingdate_313D,num,0.02234433323577195,-103.11830517365138,-112.25688601520658,408.9887465035149,437.5909877096959,9.138580841555196,-0.022344333235771948,-103.11830517365138,408.9887465035149
2,2019-12,2020-04,deposit_1_mean_openingdate_313D,num,0.02256715270643561,-99.4889036596371,-108.3865399004055,394.27376401946367,421.97457224892077,8.897636240768392,-0.022567152706435605,-99.4889036596371,394.27376401946367
2,2019-12,2020-04,debitcard_1_max_openingdate_857D,num,0.022577791443687757,-96.07894028490972,-104.72673307451771,383.0220866011994,409.89016273318555,8.64779278960799,-0.022577791443687757,-96.07894028490972,383.0220866011994
2,2019-12,2020-04,debitcard_1_min_openingdate_857D,num,0.022253670779999922,-103.2888230909392,-112.40228328797153,409.52615355588284,438.09718809187325,9.113460197032325,-0.022253670779999953,-103.2888230909392,409.52615355588284
2,2019-12,2020-04,debitcard_1_mean_openingdate_857D,num,0.022462027769845523,-99.68971414288536,-108.56027491280227,394.9136231513935,422.57343593519965,8.870560769916906,-0.022462027769845513,-99.68971414288536,394.9136231513935
2,2019-12,2020-04,credit_a_2_max_collater_valueofguarantee_1124L,num,0.014171006041008393,1260302.4278187747,2031575.091916513,54426105.09567252,222665532.4331982,771272.6640977382,0.014171006040979093,1260302.4278187747,54426105.09567252
2,2019-12,2020-04,credit_a_2_min_collater_valueofguarantee_1124L,num,0.0059625847318480005,76912.90467573714,76879.11713887943,1120278.5435367466,1451266.7332419732,33.78753685770789,-3.0159942857639508e-05,76912.90467573714,1120278.5435367466
2,2019-12,2020-04,credit_a_2_mean_collater_valueofguarantee_1124L,num,0.009842757926792728,467320.53919797874,614446.3675843201,14947622.35146488,42178792.037297465,147125.8283863414,0.009842757926776424,467320.53919797874,14947622.35146488
2,2019-12,2020-04,credit_a_2_std_collater_valueofguarantee_1124L,num,0.012573030974388784,569201.7188558523,836572.3485293812,21265407.698326737,77887703.13299479,267370.62967352895,0.012573030974363446,569201.7188558523,21265407.698326737
2,2019-12,2020-04,credit_a_2_max_collater_valueofguarantee_876L,num,0.00632689988263006,3420523.8706534645,3936459.841810901,92133967.18874691,231992536.88000077,515935.9711574367,0.00559984538710336,3420523.8706534645,92133967.18874691
2,2019-12,2020-04,credit_a_2_min_collater_valueofguarantee_876L,num,0.0025342767539752657,26078.192415230613,17391.680577728068,3986678.2914276845,702914.6042433267,8686.511837502545,-0.0021788845757082106,26078.192415230613,3986678.2914276845
2,2019-12,2020-04,credit_a_2_mean_collater_valueofguarantee_876L,num,0.003941917916635787,671412.4597425425,721598.2496952686,22161789.00022079,34177299.941191256,50185.7899527261,0.00226451889566434,671412.4597425425,22161789.00022079
2,2019-12,2020-04,credit_a_2_std_collater_valueofguarantee_876L,num,0.005236328555890061,1216648.1304457881,1367234.3503447075,34738292.29153317,73790430.2018604,150586.21989891934,0.004334876874060444,1216648.1304457881,34738292.29153317
2,2019-12,2020-04,credit_a_2_max_pmts_dpd_1073P,num,0.015383939640260925,20.507133095908564,23.12979004619076,170.86267762483737,182.02024528180237,2.6226569502821953,0.015349501639209673,20.507133095908564,170.86267762483737
2,2019-12,2020-04,credit_a_2_min_pmts_dpd_1073P,num,0.004064976106857357,3.573719010546077,3.8575132516360187,76.73102265163415,79.0829684742555,0.28379424108994167,0.0036985593477411793,3.573719010546077,76.73102265163415
2,2019-12,2020-04,credit_a_2_mean_pmts_dpd_1073P,num,0.009200814337605506,9.60595188522136,10.62651159634934,113.71056345113962,118.4720290439695,1.02055971112798,0.00897506511403846,9.60595188522136,113.71056345113962
2,2019-12,2020-04,credit_a_2_std_pmts_dpd_1073P,num,0.014396696767253043,5.282542922416778,6.047807913492397,53.157612754701965,57.10405112741865,0.7652649910756191,0.014396150455570052,5.282542922416778,53.157612754701965
2,2019-12,2020-04,credit_a_2_max_pmts_dpd_303P,num,0.0336681644573795,169.14733794379106,189.7912481636525,613.158173383474,701.9370312401231,20.643910219861453,0.033668164457379884,169.14733794379106,613.158173383474
2,2019-12,2020-04,credit_a_2_min_pmts_dpd_303P,num,0.004341187085806075,6.041204240516813,6.424342483985208,91.1394883764644,96.24055129776914,0.38313824346839453,0.004203866515969329,6.041204240516813,91.1394883764644
2,2019-12,2020-04,credit_a_2_mean_pmts_dpd_303P,num,0.02439125805526422,52.99721582273892,58.11195102313087,209.89041609815533,220.97616762936553,5.114735200391948,0.024368598125986088,52.99721582273892,209.89041609815533
2,2019-12,2020-04,credit_a_2_std_pmts_dpd_303P,num,0.03687547747987943,50.75701048523945,57.00744633472414,169.65367624697265,185.10414497564435,6.250435849484695,0.03684232483347811,50.75701048523945,169.65367624697265
2,2019-12,2020-04,credit_a_2_std_pmts_month_158T,num,0.04720896765611008,2.817352058800466,2.8863078030364506,1.6234727951888002,1.5474426735170093,0.06895574423598472,0.0424742221984481,2.817352058800466,1.6234727951888002
2,2019-12,2020-04,credit_a_2_std_pmts_month_706T,num,0.07967073307393482,2.6777316542525065,2.8136599804932647,1.717680791675,1.5925174514148375,0.13592832624075823,0.07913480019078949,2.6777316542525065,1.717680791675
2,2019-12,2020-04,credit_a_2_max_pmts_overdue_1140A,num,0.004291003980561871,4295.225731835186,4387.237495731014,173787.89904834173,105756.59604400476,92.01176389582815,0.0005294486232912781,4295.225731835186,173787.89904834173
2,2019-12,2020-04,credit_a_2_min_pmts_overdue_1140A,num,0.009094542534716778,219.61796869716943,294.3433497268877,8511.748586464064,33760.13116946649,74.72538102971828,0.008779086960880334,219.61796869716943,8511.748586464064
2,2019-12,2020-04,credit_a_2_mean_pmts_overdue_1140A,num,0.003488526270466161,1101.639811151697,1134.0497616968505,50775.249264212034,38907.27993354722,32.409950545153606,0.0006383021455297343,1101.639811151697,50775.249264212034
2,2019-12,2020-04,credit_a_2_std_pmts_overdue_1140A,num,0.003834999512381896,1197.4298333946547,1160.6916070030722,68610.70756697189,26942.570008096223,36.73822639158243,-0.0005354590805774992,1197.4298333946547,68610.70756697189
2,2019-12,2020-04,credit_a_2_max_pmts_overdue_1152A,num,0.0054418273078692585,17876.547597259523,21127.56766217905,614250.7654780095,681804.567770999,3251.0200649195285,0.0052926593626457874,17876.547597259523,614250.7654780095
2,2019-12,2020-04,credit_a_2_min_pmts_overdue_1152A,num,0.002745362034842417,167.5877521783147,157.7776551396276,5452.457171038222,4805.888943961953,9.810097038687104,-0.0017992066202363452,167.5877521783147,5452.457171038222
2,2019-12,2020-04,credit_a_2_mean_pmts_overdue_1152A,num,0.009054831827029626,3322.3759635634965,3765.3356919651133,49052.448949082514,72581.2436530836,442.95972840161676,0.009030328513494166,3322.3759635634965,49052.448949082514
2,2019-12,2020-04,credit_a_2_std_pmts_overdue_1152A,num,0.008964103912452908,4566.386968637696,5432.800192298304,96653.63455431191,138365.93108352626,866.4132236606083,0.008964103912447811,4566.386968637696,96653.63455431191
2,2019-12,2020-04,credit_a_2_max_pmts_year_1139T,num,0.04578038401560818,1710.5897796919,1743.9052974307253,727.724733096755,694.6099103107153,33.31551773882529,0.045780384015608015,1710.5897796919,727.724733096755
2,2019-12,2020-04,credit_a_2_min_pmts_year_1139T,num,0.04573720881926271,1708.6339068797968,1741.8799869210613,726.8935052998357,693.8038431829431,33.24608004126458,0.04573720881926291,1708.6339068797968,726.8935052998357
2,2019-12,2020-04,credit_a_2_mean_pmts_year_1139T,num,0.045742186657040794,1709.3573392478695,1742.6210939922933,727.2008002989469,694.098675390711,33.26375474442375,0.04574218665704062,1709.3573392478695,727.2008002989469
2,2019-12,2020-04,credit_a_2_std_pmts_year_1139T,num,0.0700506952437259,0.398455048885202,0.42934691860505264,0.6288887196522203,0.5989199126550278,0.03089186971985064,0.04912136082983656,0.398455048885202,0.6288887196522203
2,2019-12,2020-04,credit_a_2_max_pmts_year_507T,num,0.08013850484942849,1657.323304897576,1719.3834754056084,774.4113846974874,718.2849092834073,62.06017050803234,0.08013850484942864,1657.323304897576,774.4113846974874
2,2019-12,2020-04,credit_a_2_min_pmts_year_507T,num,0.07992757719278902,1650.9490364971564,1712.608631178532,771.4433096433025,715.4665765505669,61.659594681375665,0.07992757719278896,1650.9490364971564,771.4433096433025
2,2019-12,2020-04,credit_a_2_mean_pmts_year_507T,num,0.08009374190880386,1653.9994604841495,1715.9007774764075,772.8608442684579,716.8328470799672,61.90131699225799,0.0800937419088037,1653.9994604841495,772.8608442684579
2,2019-12,2020-04,credit_a_2_std_pmts_year_507T,num,0.07902113815000583,1.6792350581274638,1.821468033772329,1.800092658782223,1.7834667356340481,0.14223297564486526,0.07901425237803425,1.6792350581274638,1.800092658782223
2,2019-12,2020-04,credit_a_2_n_unique_collater_typofvalofguarant_298M,num,0.07559155251011677,2.03386408812324,2.1055295358358315,0.9480615932977473,0.9118823444114044,0.07166544771259131,0.07559155251011643,2.03386408812324,0.9480615932977473
2,2019-12,2020-04,credit_a_2_n_unique_collater_typofvalofguarant_407M,num,0.08750495014913895,2.2147451824857822,2.3063741405433285,1.0473127094525174,0.9920376918526862,0.09162895805754623,0.08748958857325932,2.2147451824857822,1.0473127094525174
2,2019-12,2020-04,credit_a_2_n_unique_collaterals_typeofguarante_359M,num,0.06503323230636675,2.2914078460604053,2.3755083055866413,1.2931920580241891,1.261026995752791,0.08410045952623602,0.06503323230636707,2.2914078460604053,1.2931920580241891
2,2019-12,2020-04,credit_a_2_n_unique_collaterals_typeofguarante_669M,num,0.05829038268475927,1.8560784882115842,1.9072776925804653,0.8784657758835304,0.8472793865765088,0.051199204368881146,0.05828252593834605,1.8560784882115842,0.8784657758835304
2,2019-12,2020-04,credit_a_2_n_unique_subjectroles_name_541M,num,0.07181860144866117,1.7659433493457015,1.8232547215429464,0.7980017856267126,0.7492958489485874,0.057311372197244914,0.07181860144866128,1.7659433493457015,0.7980017856267126
2,2019-12,2020-04,credit_a_2_n_unique_subjectroles_name_838M,num,0.05248301222288429,1.7719514383523824,1.812303412958281,0.7688578245953548,0.7213550986367357,0.040351974605898455,0.05248301222288458,1.7719514383523824,0.7688578245953548
2,2019-12,2020-04,day_of_week,num,0.027517802257011715,3.097589172326211,3.1424591168032125,2.024473825647672,2.0084273361174945,0.044869944477001766,0.022163756284992682,3.097589172326211,2.024473825647672
2,2019-12,2020-04,day_of_month,num,0.037147575474142505,16.423330434542542,16.115168345283983,8.856478744612287,8.781008963128654,0.30816208925855904,-0.034795102900915906,16.423330434542542,8.856478744612287
2,2019-12,2020-04,day_of_year,num,1.7781215208167225,278.91207346364087,193.7344607010127,54.50074276163177,148.17135981222154,85.17761276262817,-1.5628706774725418,278.91207346364087,54.50074276163177
2,2019-12,2020-04,month,num,1.834982796465562,9.652348710728287,6.846603390392507,1.7418439318136245,4.834901295054885,2.80574532033578,-1.6107903062327813,9.652348710728287,1.7418439318136245
2,2019-12,2020-04,isbidproduct_1095L,bin,0.010925634898328984,0.10224794323891558,0.09132230834058662,0.3029740935168007,0.28806690948446934,0.010925634898328956,,,
2,2019-12,2020-04,max_sex_738L_eq_F,bin,0.01704657838093887,0.6280678869195516,0.6110213085386128,0.48332040753516803,0.4875184807270121,0.017046578380938815,,,
2,2019-12,2020-04,actualdpdtolerance_344P__missing,bin,0.02342375468092528,0.29071765777704156,0.2672939030961164,0.4540934939345338,0.44254702853342076,0.02342375468092517,,,
2,2019-12,2020-04,amtinstpaidbefduel24m_4187115A__missing,bin,0.0241858144774153,0.31333167688145325,0.2891458624040379,0.4638479677050551,0.4533657824082702,0.024185814477415357,,,
2,2019-12,2020-04,annuitynextmonth_57A__missing,bin,1.154318711282798e-06,3.450941416818508e-06,4.605260128118336e-06,0.0018576677603440949,0.002145982040860893,1.1543187112998284e-06,,,
2,2019-12,2020-04,avgdbddpdlast24m_3658932P__missing,bin,0.025172568745009172,0.4217084920766385,0.3965359233316294,0.4938324005035374,0.489178070685064,0.025172568745009116,,,
2,2019-12,2020-04,avgdbddpdlast3m_4187120P__missing,bin,0.014447468199734803,0.5930339296560102,0.5785864614562753,0.4912684479312309,0.4937855486704541,0.014447468199734859,,,
2,2019-12,2020-04,avgdbdtollast24m_4525197P__missing,bin,0.1952900927254747,0.5919227265197946,0.3966326337943199,0.49147758071876185,0.48919851553709853,0.1952900927254747,,,
2,2019-12,2020-04,avgdpdtolclosure24_3658938P__missing,bin,0.022760583825113034,0.3238018331400806,0.30104124931496756,0.4679254278143089,0.45871060106111683,0.022760583825113034,,,
2,2019-12,2020-04,avginstallast24m_3658937A__missing,bin,0.02561718002543345,0.4294109933189774,0.4037938132935439,0.49499211320564157,0.49065707947547493,0.025617180025433506,,,
2,2019-12,2020-04,avglnamtstart24m_4525187A__missing,bin,0.06978323591346836,0.8680360002208602,0.7982527643073919,0.33845162511270493,0.40130448363181703,0.06978323591346836,,,
2,2019-12,2020-04,avgmaxdpdlast9m_3716943P__missing,bin,0.023185937897929165,0.5150046932803268,0.4918187553823978,0.4997748084683373,0.49993306275591226,0.023185937897929054,,,
2,2019-12,2020-04,avgoutstandbalancel6m_4187114A__missing,bin,0.026692899363461198,0.5175859974601071,0.490893098096646,0.4996906369878598,0.4999170574582575,0.026692899363461142,,,
2,2019-12,2020-04,avgpmtlast12m_4525200A__missing,bin,0.17721148042245977,0.6323677599249076,0.4551562795024477,0.4821605294219572,0.4979849804280621,0.17721148042245988,,,
2,2019-12,2020-04,cardtype_51L__missing,bin,0.027493093395191848,0.8641122798299377,0.8366191864347458,0.34266929783253885,0.3697127578594088,0.027493093395191903,,,
2,2019-12,2020-04,cntincpaycont9m_3716944L__missing,bin,0.02414040046788246,0.3152434984263707,0.2911030979584882,0.46461277977071774,0.4542709371261373,0.024140400467882517,,,
2,2019-12,2020-04,cntpmts24_3658933L__missing,bin,0.02411282898069922,0.31517447959803435,0.29106165061733513,0.46458532801643937,0.45425187523800875,0.02411282898069922,,,
2,2019-12,2020-04,credtype_322L__missing,bin,1.154318711282798e-06,3.450941416818508e-06,4.605260128118336e-06,0.0018576677603440949,0.002145982040860893,1.1543187112998284e-06,,,
2,2019-12,2020-04,datefirstoffer_1144D__missing,bin,0.010626308771236825,0.563870023742477,0.5532437149712401,0.49590384155311346,0.4971570243052605,0.010626308771236825,,,
2,2019-12,2020-04,datelastinstal40dpd_247D__missing,bin,0.0077861597173737584,0.9115868809011098,0.9038007211837361,0.2838947683034959,0.29486433757152564,0.007786159717373731,,,
2,2019-12,2020-04,datelastunpaid_3546854D__missing,bin,0.022246546837004832,0.5995665617580476,0.5773200149210428,0.48998622407133136,0.49398544036500674,0.022246546837004777,,,
2,2019-12,2020-04,daysoverduetolerancedd_3976961L__missing,bin,0.0241858144774153,0.31333167688145325,0.2891458624040379,0.4638479677050551,0.4533657824082702,0.024185814477415357,,,
2,2019-12,2020-04,disbursementtype_67L__missing,bin,0.0007313953301750775,0.0009662635967091823,0.0002348682665340352,0.03106975911349906,0.015323612610328238,0.0007313953301751471,,,
2,2019-12,2020-04,dtlastpmtallstes_4499206D__missing,bin,0.13068961599759688,0.5511360499144167,0.4204464339168198,0.49737823072501913,0.49363066165246366,0.13068961599759688,,,
2,2019-12,2020-04,eir_270L__missing,bin,0.02676267306884339,0.1353286676605378,0.1620913407293811,0.342074289255655,0.36853458181008303,0.026762673068843307,,,
2,2019-12,2020-04,equalitydataagreement_891L__missing,bin,0.0003247754910323114,0.9509379658770912,0.950613190386059,0.21599757158503258,0.21667430085291003,0.00032477549103226977,,,
2,2019-12,2020-04,firstclxcampaign_1125D__missing,bin,0.007351714460955672,0.5787125227762133,0.5713608083152577,0.49376546938623006,0.49488143533233603,0.007351714460955616,,,
2,2019-12,2020-04,firstdatedue_489D__missing,bin,0.023375025944446515,0.3334748219314229,0.31009979598697635,0.47145452067959714,0.46253422848024117,0.02337502594444657,,,
2,2019-12,2020-04,inittransactionamount_650A__missing,bin,0.028030958761660785,0.8638810667550108,0.83585010799335,0.34291481341177926,0.37041153459477355,0.02803095876166073,,,
2,2019-12,2020-04,lastactivateddate_801D__missing,bin,0.024118335344608388,0.31413919717298877,0.2900208618283804,0.4641721253721499,0.4537717064038963,0.024118335344608388,,,
2,2019-12,2020-04,lastapplicationdate_877D__missing,bin,0.023774977281867282,0.21523866710838715,0.19146368982651985,0.4109878140405042,0.3934531043269757,0.02377497728186731,,,
2,2019-12,2020-04,lastapprcredamount_781A__missing,bin,0.023934191592557053,0.3061261112031362,0.2821919196105792,0.46088275650406074,0.4500662619182598,0.023934191592556997,,,
2,2019-12,2020-04,lastdelinqdate_224D__missing,bin,0.025511596884888577,0.6591815747335873,0.6336699778486988,0.4739844156355094,0.481801138460598,0.025511596884888466,,,
2,2019-12,2020-04,lastrejectcredamount_222A__missing,bin,0.03280555169005872,0.5251539119871901,0.49234836029713136,0.4993668798706425,0.49994144898163567,0.03280555169005872,,,
2,2019-12,2020-04,maininc_215A__missing,bin,0.002827718351041897,0.33984525978686986,0.337017541435828,0.47365647803789696,0.47269093306343196,0.0028277183510418413,,,
2,2019-12,2020-04,maxannuity_159A__missing,bin,0.024196701908898555,0.21616697034951135,0.19197026844061288,0.4116294587118673,0.39384982477519515,0.02419670190889847,,,
2,2019-12,2020-04,maxannuity_4075009A__missing,bin,0.001757166819359987,0.9275474849538954,0.9293046517732554,0.25923569991341583,0.2563152667436021,0.001757166819360001,,,
2,2019-12,2020-04,maxdbddpdlast1m_3658939P__missing,bin,0.017686639023800577,0.6479901717188449,0.6303035326950442,0.47759701535355803,0.48272247655064865,0.017686639023800632,,,
2,2019-12,2020-04,maxdbddpdtollast12m_3658940P__missing,bin,0.0229486542441647,0.4820654574567942,0.4591168032126295,0.49967824865984106,0.4983257611447005,0.0229486542441647,,,
2,2019-12,2020-04,maxdbddpdtollast6m_4187119P__missing,bin,0.02047806306002603,0.5414389045331567,0.5209608414731306,0.4982798583036364,0.4995604499204658,0.020478063060026086,,,
2,2019-12,2020-04,maxdpdfrom6mto36m_3546853P__missing,bin,0.037665726258741206,0.22963599469935397,0.19197026844061288,0.4205987454068215,0.39384982477519515,0.037665726258741095,,,
2,2019-12,2020-04,maxdpdinstldate_3546855D__missing,bin,0.023128770300701984,0.5608435481199271,0.5377147778192252,0.4962842558979461,0.49857556652331686,0.02312877030070193,,,
2,2019-12,2020-04,maxdpdinstlnum_3546846P__missing,bin,0.021739100922441856,0.5622032190381536,0.5404641181157117,0.49611567153365693,0.49835996543173267,0.021739100922441912,,,
2,2019-12,2020-04,maxlnamtstart6m_4525199A__missing,bin,0.17363695753284436,0.6333340235216167,0.45969706598877236,0.48189421886087924,0.4983730264672102,0.17363695753284436,,,
2,2019-12,2020-04,maxoutstandbalancel12m_4187113A__missing,bin,0.025365550990184227,0.4658632875048313,0.440497736514647,0.498833323726495,0.4964468558064595,0.025365550990184282,,,
2,2019-12,2020-04,maxpmtlast3m_4525190A__missing,bin,0.1393236337503948,0.7042232621059025,0.5648996283555077,0.4563911252586139,0.49577014657935675,0.1393236337503948,,,
2,2019-12,2020-04,numincomingpmts_3546848L__missing,bin,0.02411282898069922,0.31517447959803435,0.29106165061733513,0.46458532801643937,0.45425187523800875,0.02411282898069922,,,
2,2019-12,2020-04,numinstlallpaidearly3d_817L__missing,bin,0.023903291122870707,0.3085590249019933,0.2846557337791225,0.4618986393718046,0.4512503152417645,0.023903291122870762,,,
2,2019-12,2020-04,numinstlswithdpd10_728L__missing,bin,0.02413248934881418,0.3163961128595881,0.292263623510774,0.46506947075348964,0.45480281208797135,0.024132489348814068,,,
2,2019-12,2020-04,numinstmatpaidtearly2d_4499204L__missing,bin,0.17933323869474183,0.46847910109877977,0.2891458624040379,0.49900544379040496,0.4533657824082702,0.17933323869474188,,,
2,2019-12,2020-04,numinstpaidearly3d_3546850L__missing,bin,0.024362266331307558,0.3090180001104301,0.2846557337791225,0.4620886015886784,0.4512503152417645,0.024362266331307614,,,
2,2019-12,2020-04,numinstpaidearly3dest_4493216L__missing,bin,0.16879406360777804,0.45793992601181605,0.2891458624040379,0.49822780951700046,0.4533657824082702,0.16879406360777816,,,
2,2019-12,2020-04,numinstpaidlastcontr_4325080L__missing,bin,0.0241858144774153,0.31333167688145325,0.2891458624040379,0.4638479677050551,0.4533657824082702,0.024185814477415357,,,
2,2019-12,2020-04,numinstregularpaid_973L__missing,bin,0.0241858144774153,0.31333167688145325,0.2891458624040379,0.4638479677050551,0.4533657824082702,0.024185814477415357,,,
2,2019-12,2020-04,pctinstlsallpaidearl3d_427L__missing,bin,0.023402490443434898,0.3177937441333996,0.29439125368996466,0.4656188143997996,0.4557686292855351,0.023402490443434953,,,
2,2019-12,2020-04,pctinstlsallpaidlat10d_839L__missing,bin,0.023569868468316435,0.3199367787532439,0.29636691028492745,0.4664517513679648,0.45665475446237636,0.023569868468316435,,,
2,2019-12,2020-04,pctinstlsallpaidlate4d_3546849L__missing,bin,0.023346482409438374,0.3186495776047706,0.2953030951953321,0.4659528133803592,0.456178887239851,0.023346482409438485,,,
2,2019-12,2020-04,pctinstlsallpaidlate6d_3546844L__missing,bin,0.023384298588418506,0.31885318314836286,0.29546888455994436,0.4660320061374749,0.4562532441713118,0.023384298588418506,,,
2,2019-12,2020-04,pmtnum_254L__missing,bin,0.0024179984765048124,0.02275895864391806,0.025176957120422946,0.1491341290428267,0.1566623054553307,0.0024179984765048852,,,
2,2019-12,2020-04,posfpd10lastmonth_333P__missing,bin,0.0013779795353148216,0.02232068908398211,0.02369866861929696,0.1477243240729106,0.15210865105236362,0.0013779795353148494,,,
2,2019-12,2020-04,posfpd30lastmonth_3976960P__missing,bin,0.006760836253174585,0.05519435702059522,0.048433520767420545,0.2283592344830361,0.21468049476720605,0.006760836253174675,,,
2,2019-12,2020-04,posfstqpd30lastmonth_3976962P__missing,bin,0.0042835437175517965,0.08408218762078296,0.08836573133833464,0.27751103283596923,0.28382605388402227,0.0042835437175516855,,,
2,2019-12,2020-04,price_1097A__missing,bin,0.01174102587845638,0.11498191706697587,0.12672294294543227,0.31900011883160634,0.3326623493524342,0.011741025878456393,,,
2,2019-12,2020-04,sumoutstandtotal_3546847A__missing,bin,0.02467638519738613,0.3079136988570482,0.2832373136596621,0.46163064555250144,0.4505706801496523,0.02467638519738613,,,
2,2019-12,2020-04,totinstallast1m_4525188A__missing,bin,0.12438270362252057,0.7402994036773232,0.6159167000548026,0.4384702915732409,0.4863777530360584,0.12438270362252057,,,
2,2019-12,2020-04,twobodfilling_608L__missing,bin,4.569215976912844e-06,4.1411297001822096e-05,3.684208102494669e-05,0.006435027747127649,0.006069655977566803,4.569215976875405e-06,,,
2,2019-12,2020-04,validfrom_1069D__missing,bin,0.01098438500543443,0.8977900171166694,0.9087744021221039,0.3029242517236279,0.28792965837113155,0.010984385005434527,,,
2,2019-12,2020-04,assignmentdate_238D__missing,bin,0.09052164430456629,0.9094783556954337,1.0,0.28692764979514246,0.0,0.09052164430456633,,,
2,2019-12,2020-04,assignmentdate_4527235D__missing,bin,0.054826421900515995,0.8866469272817624,0.8318205053812464,0.3170239007134501,0.3740256036804622,0.05482642190051601,,,
2,2019-12,2020-04,birthdate_574D__missing,bin,0.3113094252111976,0.6886905747888024,1.0,0.46302901311459027,0.0,0.31130942521119764,,,
2,2019-12,2020-04,contractssum_5085716L__missing,bin,0.0,1.0,1.0,0.0,0.0,0.0,,,
2,2019-12,2020-04,dateofbirth_337D__missing,bin,0.009664122359233529,0.05557396057644525,0.0459098382172117,0.22909713110882238,0.20928957205766643,0.00966412235923355,,,
2,2019-12,2020-04,description_5085714M__missing,bin,0.00048427410234874735,0.0004934846226050467,9.210520256236673e-06,0.02220903184590221,0.0030348699185555354,0.00048427410234881,,,
2,2019-12,2020-04,pmtaverage_3A__missing,bin,0.09508723979901718,0.9049127602009829,1.0,0.29333539954533516,0.0,0.09508723979901712,,,
2,2019-12,2020-04,pmtcount_693L__missing,bin,0.09957001269946442,0.9004299873005356,1.0,0.2994258259911676,0.0,0.09957001269946442,,,
2,2019-12,2020-04,pmtscount_423L__missing,bin,0.39087778145878194,0.6091222185412181,1.0,0.48794706825704215,0.0,0.39087778145878194,,,
2,2019-12,2020-04,requesttype_4525192L__missing,bin,0.28772734573774383,0.29772997073601676,0.010002624998273027,0.457260139594025,0.09951167012675927,0.2877273457377437,,,
2,2019-12,2020-04,responsedate_1012D__missing,bin,0.4889500855833471,0.5110499144166528,1.0,0.4998778844791843,0.0,0.4889500855833472,,,
2,2019-12,2020-04,responsedate_4527233D__missing,bin,0.2893356635144787,0.31500538346861023,0.025669719954131608,0.4645180210222249,0.15814798586010528,0.28933566351447865,,,
2,2019-12,2020-04,responsedate_4917613D__missing,bin,0.013714464661536406,1.0,0.9862855353384636,0.0,0.1163029583483751,0.013714464661536363,,,
2,2019-12,2020-04,applprev_1_max_actualdpd_943P__missing,bin,0.02376575474689402,0.21525247087405444,0.19148671612716045,0.4109973779194568,0.3934711599012012,0.02376575474689399,,,
2,2019-12,2020-04,applprev_1_std_actualdpd_943P__missing,bin,0.03404913207320104,0.3728535144387389,0.3388043823655379,0.4835636165070941,0.4733032567555862,0.03404913207320098,,,
2,2019-12,2020-04,applprev_1_max_annuity_853A__missing,bin,0.02395798712115549,0.21794075423775605,0.1939827671166006,0.4128469230599086,0.39541554493771136,0.02395798712115546,,,
2,2019-12,2020-04,applprev_1_std_annuity_853A__missing,bin,0.0342052940259453,0.3786234884876594,0.3444181944617142,0.48504406238309394,0.47517817898704795,0.03420529402594524,,,
2,2019-12,2020-04,applprev_1_max_byoccupationinc_3656910L__missing,bin,0.0028141848211539755,0.6463992877256916,0.6435851029045375,0.47808707214628826,0.47893978559302564,0.002814184821154031,,,
2,2019-12,2020-04,applprev_1_std_byoccupationinc_3656910L__missing,bin,0.0032662376454542785,0.7923775605985313,0.789111322953077,0.4056049334740052,0.4079395089229794,0.0032662376454543063,,,
2,2019-12,2020-04,applprev_1_max_childnum_21L__missing,bin,0.0007783284385795008,0.38099773618243055,0.3817760646210101,0.4856320224267481,0.48582208791233894,0.0007783284385795564,,,
2,2019-12,2020-04,applprev_1_std_childnum_21L__missing,bin,0.004048793977155241,0.6327128540665894,0.6286640600894342,0.48206565773294835,0.4831620428399798,0.004048793977155185,,,
2,2019-12,2020-04,applprev_1_max_credacc_actualbalance_314A__missing,bin,0.034729747487698054,0.8448594776655072,0.8101297301778091,0.36203859002083405,0.39219835601368763,0.03472974748769808,,,
2,2019-12,2020-04,applprev_1_max_credacc_credlmt_575A__missing,bin,0.023761956284553354,0.21697103969963005,0.1932090834150767,0.41218273572687586,0.39481556896984527,0.023761956284553354,,,
2,2019-12,2020-04,applprev_1_std_credacc_credlmt_575A__missing,bin,0.03405102200726884,0.3759731654795428,0.341922143472274,0.48437314574492585,0.47435365633206594,0.03405102200726878,,,
2,2019-12,2020-04,applprev_1_std_credamount_590A__missing,bin,0.03404959135006458,0.37629410303130695,0.3422445116812423,0.4844552105769646,0.4744609635210365,0.034049591350064634,,,
2,2019-12,2020-04,applprev_1_max_currdebt_94A__missing,bin,0.02288463887800829,0.29106275191872344,0.2681781130407151,0.45425238179257027,0.4430108494457405,0.022884638878008345,,,
2,2019-12,2020-04,applprev_1_std_currdebt_94A__missing,bin,0.030293466536222002,0.48140632764618185,0.4511128611099598,0.4996541557401468,0.4976043083124843,0.030293466536222058,,,
2,2019-12,2020-04,applprev_1_max_familystate_726L__missing,bin,0.020006627207330152,0.2550314725857214,0.2350248453783912,0.4358789058631764,0.42401434814550143,0.020006627207330208,,,
2,2019-12,2020-04,applprev_1_std_isbidproduct_390L__missing,bin,0.0339526258607008,0.37261885042239523,0.3386662245616944,0.48350185390780853,0.4732561810508368,0.03395262586070086,,,
2,2019-12,2020-04,applprev_1_max_isdebitcard_527L__missing,bin,0.04183562310116598,0.7853825023466402,0.7435468792454741,0.41055672854597075,0.4366748419703046,0.041835623101166064,,,
2,2019-12,2020-04,applprev_1_std_isdebitcard_527L__missing,bin,0.017313785259722762,0.9520250124233891,0.9347112271636664,0.21371333169373155,0.2470347120909515,0.017313785259722714,,,
2,2019-12,2020-04,applprev_1_max_mainoccupationinc_437A__missing,bin,0.023446176669903118,0.21601512892717134,0.19256895225726825,0.411524717364278,0.3943173225763816,0.02344617666990309,,,
2,2019-12,2020-04,applprev_1_std_mainoccupationinc_437A__missing,bin,0.03257813173759827,0.37506211694550273,0.34248398520790446,0.48413895255170364,0.4745405199601149,0.03257813173759827,,,
2,2019-12,2020-04,applprev_1_max_maxdpdtolerance_577P__missing,bin,0.02361242864880042,0.31204447573297994,0.2884320470841796,0.4633278762361593,0.4530331128063479,0.023612428648800365,,,
2,2019-12,2020-04,applprev_1_std_maxdpdtolerance_577P__missing,bin,0.031155818754448728,0.5197462867870355,0.4885904680325868,0.4996099320050835,0.4998698056297105,0.031155818754448672,,,
2,2019-12,2020-04,applprev_1_max_outstandingdebt_522A__missing,bin,0.023065615512495197,0.2921325437579372,0.2690669282454419,0.4547429170811284,0.44347482044644226,0.023065615512495252,,,
2,2019-12,2020-04,applprev_1_std_outstandingdebt_522A__missing,bin,0.030327050817175016,0.48250372701673017,0.45217667619955515,0.49969378666508846,0.497707674946527,0.030327050817175016,,,
2,2019-12,2020-04,applprev_1_max_pmtnum_8L__missing,bin,0.02452631565975083,0.22636105129479323,0.20183473563504234,0.41847547807668395,0.40136949949662964,0.024526315659750886,,,
2,2019-12,2020-04,applprev_1_std_pmtnum_8L__missing,bin,0.03354915654737034,0.393044972668544,0.3594958161211736,0.48842668040201026,0.47985265896162854,0.033549156547370396,,,
2,2019-12,2020-04,applprev_1_max_revolvingaccount_394A__missing,bin,0.03473435274782616,0.8448594776655072,0.810125124917681,0.36203859002083405,0.39220199756604096,0.034734352747826214,,,
2,2019-12,2020-04,applprev_1_max_approvaldate_319D__missing,bin,0.023407665163010738,0.30655747888023854,0.2831498137172278,0.46106397714723996,0.45052857479756714,0.023407665163010738,,,
2,2019-12,2020-04,applprev_1_std_approvaldate_319D__missing,bin,0.030933689711506618,0.510401137430291,0.4794674477187844,0.4998918046339189,0.49957823641229526,0.030933689711506618,,,
2,2019-12,2020-04,applprev_1_max_dateactivated_425D__missing,bin,0.023495050393503303,0.3146257799127602,0.2911307295192569,0.46436666388431413,0.45428364250635556,0.023495050393503303,,,
2,2019-12,2020-04,applprev_1_std_dateactivated_425D__missing,bin,0.03082017905085077,0.5244119595825741,0.4935917805317233,0.4994037006564317,0.4999589330367508,0.030820179050850827,,,
2,2019-12,2020-04,applprev_1_max_dtlastpmt_581D__missing,bin,0.03057888362584027,0.48020885097454585,0.4496299673487057,0.49960815687922094,0.49745638985815394,0.03057888362584016,,,
2,2019-12,2020-04,applprev_1_std_dtlastpmt_581D__missing,bin,0.03232643562017867,0.7171470377118878,0.6848206020917091,0.45038557260746254,0.46458728463277826,0.03232643562017867,,,
2,2019-12,2020-04,applprev_1_max_dtlastpmtallstes_3545839D__missing,bin,0.02925121247623541,0.37859243001490805,0.3493412175386727,0.48503628931278425,0.47676192304678694,0.029251212476235355,,,
2,2019-12,2020-04,applprev_1_std_dtlastpmtallstes_3545839D__missing,bin,0.03787025622038692,0.6136981668599194,0.5758279106395324,0.48690114690016284,0.49421668119160356,0.03787025622038698,,,
2,2019-12,2020-04,applprev_1_max_employedfrom_700D__missing,bin,0.020067447850679376,0.3637257743912539,0.34365832654057465,0.4810710295109618,0.4749287116398697,0.020067447850679265,,,
2,2019-12,2020-04,applprev_1_std_employedfrom_700D__missing,bin,0.01928609041610424,0.6410606813538733,0.6217745909377691,0.4796893621667891,0.48494427412017044,0.019286090416104185,,,
2,2019-12,2020-04,applprev_1_max_firstnonzeroinstldate_307D__missing,bin,0.023376762929258832,0.23624109657114462,0.21286433364188576,0.4247719869082797,0.4093325165499092,0.02337676292925886,,,
2,2019-12,2020-04,applprev_1_std_firstnonzeroinstldate_307D__missing,bin,0.032458150579664946,0.40444343216829554,0.37198528158863053,0.4907840078325954,0.48333449273774964,0.032458150579665,,,
2,2019-12,2020-04,tax_a_1_max_amount_4527230A__missing,bin,0.20789719333432255,0.525554221191541,0.3176570278572185,0.49934655478864964,0.4655652913503507,0.20789719333432255,,,
2,2019-12,2020-04,tax_a_1_std_amount_4527230A__missing,bin,0.20193507711687353,0.543447352437745,0.3415122753208715,0.4981087507423959,0.4742168714059346,0.20193507711687353,,,
2,2019-12,2020-04,tax_b_1_max_amount_4917619A__missing,bin,0.010550650953519109,1.0,0.9894493490464809,0.0,0.1021730625848913,0.010550650953519147,,,
2,2019-12,2020-04,tax_b_1_std_amount_4917619A__missing,bin,0.010057888119810447,1.0,0.9899421118801895,0.0,0.09978340045508484,0.010057888119810454,,,
2,2019-12,2020-04,tax_c_1_max_pmtamount_36A__missing,bin,0.32714924631439457,0.6728507536856054,1.0,0.46917226788283034,0.0,0.32714924631439457,,,
2,2019-12,2020-04,tax_c_1_std_pmtamount_36A__missing,bin,0.3148880514604384,0.6851119485395616,1.0,0.46447127630014595,0.0,0.3148880514604384,,,
2,2019-12,2020-04,credit_a_1_max_annualeffectiverate_199L__missing,bin,0.050099172201936465,0.7926743415603776,0.7425751693584413,0.40539083585127994,0.4372153785158107,0.05009917220193638,,,
2,2019-12,2020-04,credit_a_1_std_annualeffectiverate_199L__missing,bin,0.02774189120050291,0.9248281431174424,0.8970862519169396,0.2636684448609386,0.303846192239687,0.027741891200502855,,,
2,2019-12,2020-04,credit_a_1_max_annualeffectiverate_63L__missing,bin,0.02707342738504212,0.8317182927502623,0.8046448653652202,0.3741162576724665,0.3964738402550752,0.027073427385042148,,,
2,2019-12,2020-04,credit_a_1_std_contractsum_5085717L__missing,bin,0.0,1.0,1.0,0.0,0.0,0.0,,,
2,2019-12,2020-04,credit_a_1_max_credlmt_230A__missing,bin,0.02324333005593976,0.6038284744078185,0.5805851443518787,0.4891008565747405,0.49346330614320943,0.023243330055939815,,,
2,2019-12,2020-04,credit_a_1_std_credlmt_230A__missing,bin,0.016878701268523977,0.8275564574015791,0.8106777561330551,0.3777654923554128,0.3917643830724405,0.016878701268523977,,,
2,2019-12,2020-04,credit_a_1_max_credlmt_935A__missing,bin,0.021167638259076527,0.3669075423775606,0.34573990411848415,0.48196099191119096,0.47560889690861075,0.02116763825907647,,,
2,2019-12,2020-04,credit_a_1_std_credlmt_935A__missing,bin,0.025538175584556844,0.8072166086908509,0.781678433106294,0.394484417112378,0.4131068388719595,0.025538175584556844,,,
2,2019-12,2020-04,credit_a_1_max_dpdmax_139P__missing,bin,0.016363604458407788,0.15348061951300315,0.13711701505459536,0.360450161529868,0.343970840678557,0.016363604458407788,,,
2,2019-12,2020-04,credit_a_1_std_dpdmax_139P__missing,bin,0.04195770702529822,0.47316202860140244,0.4312043215761042,0.49927920374396545,0.4952445402325965,0.04195770702529822,,,
2,2019-12,2020-04,credit_a_1_max_dpdmax_757P__missing,bin,0.030682110117771666,0.1803945116227707,0.149712401504999,0.38451571073124274,0.3567892912358847,0.030682110117771694,,,
2,2019-12,2020-04,credit_a_1_std_dpdmax_757P__missing,bin,0.03996750685369621,0.3060087791949644,0.2660412723412682,0.4608333823092377,0.44188608685079395,0.03996750685369621,,,
2,2019-12,2020-04,credit_a_1_max_instlamount_768A__missing,bin,0.020939625628250802,0.3696130804483463,0.34867345482009554,0.4826999598195867,0.476550392638506,0.020939625628250746,,,
2,2019-12,2020-04,credit_a_1_std_instlamount_768A__missing,bin,0.024319191901861603,0.8122101209209872,0.7878909290191256,0.39054428736636576,0.40880167928777483,0.024319191901861603,,,
2,2019-12,2020-04,credit_a_1_max_instlamount_852A__missing,bin,0.02535555369666903,0.6863439346253658,0.6609883809286967,0.46397838099240934,0.4733737859302698,0.025355553696669086,,,
2,2019-12,2020-04,credit_a_1_std_instlamount_852A__missing,bin,0.015166737533663627,0.9015826017337529,0.8864158642000893,0.2978781864869429,0.3173054993133559,0.015166737533663599,,,
2,2019-12,2020-04,credit_a_1_max_monthlyinstlamount_332A__missing,bin,0.01635666653142287,0.15351512892717134,0.13715846239574842,0.3604833340359097,0.34401456159439303,0.016356666531422925,,,
2,2019-12,2020-04,credit_a_1_std_monthlyinstlamount_332A__missing,bin,0.041917341914553985,0.4732414002539893,0.4313240583394353,0.4992834639156726,0.4952611584174906,0.041917341914553985,,,
2,2019-12,2020-04,credit_a_1_max_monthlyinstlamount_674A__missing,bin,0.031289369486421026,0.1837695323284192,0.15248016284199814,0.38729612871317637,0.3594856920402756,0.031289369486421054,,,
2,2019-12,2020-04,credit_a_1_std_monthlyinstlamount_674A__missing,bin,0.04081163255540121,0.31237921705041133,0.27156758449501023,0.46346352802068824,0.44476806489063003,0.0408116325554011,,,
2,2019-12,2020-04,credit_a_1_max_nominalrate_281L__missing,bin,0.032663620120792936,0.5453626249240793,0.5126990048032863,0.497937980334898,0.499838709262304,0.032663620120792936,,,
2,2019-12,2020-04,credit_a_1_std_nominalrate_281L__missing,bin,0.02241160063393799,0.8596709182264922,0.8372593175925542,0.3473281309973495,0.36912891067620895,0.02241160063393799,,,
2,2019-12,2020-04,credit_a_1_max_nominalrate_498L__missing,bin,0.04500327589271025,0.3867918668212688,0.3417885909285586,0.48701531657863356,0.4743091291970133,0.04500327589271019,,,
2,2019-12,2020-04,credit_a_1_std_nominalrate_498L__missing,bin,0.05011383978761991,0.614447021147369,0.5643331813597491,0.4867256715548232,0.49584396918399,0.05011383978761996,,,
2,2019-12,2020-04,credit_a_1_max_numberofcontrsvalue_258L__missing,bin,0.016307523430237336,0.1530975650157363,0.13679004158549896,0.36008151938413707,0.34362556090683416,0.016307523430237336,,,
2,2019-12,2020-04,credit_a_1_max_numberofcontrsvalue_358L__missing,bin,0.026394849609349014,0.17483159405885926,0.14843674444951024,0.379822995325056,0.35553238579170393,0.026394849609349014,,,
2,2019-12,2020-04,credit_a_1_max_numberofinstls_229L__missing,bin,0.032891380442560014,0.209613632598973,0.17672225215641305,0.4070328704510679,0.3814334774887729,0.03289138044255996,,,
2,2019-12,2020-04,credit_a_1_std_numberofinstls_229L__missing,bin,0.040991548700395786,0.34509069074043397,0.30409914204003813,0.4753978396088103,0.46002484047119774,0.04099154870039584,,,
2,2019-12,2020-04,credit_a_1_max_numberofinstls_320L__missing,bin,0.02863482144582996,0.42010035337640106,0.3914655319305711,0.49357476279630025,0.48807813845826586,0.02863482144582996,,,
2,2019-12,2020-04,credit_a_1_std_numberofinstls_320L__missing,bin,0.02960412452757341,0.7681036386726299,0.7384995141450564,0.42204317187995827,0.43945191062569294,0.02960412452757344,,,
2,2019-12,2020-04,credit_a_1_max_numberofoutstandinstls_520L__missing,bin,0.03292130862603415,0.20962053448180665,0.17669922585577247,0.40703779432058684,0.3814139607273745,0.03292130862603418,,,
2,2019-12,2020-04,credit_a_1_std_numberofoutstandinstls_520L__missing,bin,0.04095476669295639,0.3450216719120976,0.3040669052191413,0.4753753441472102,0.460011111137106,0.04095476669295628,,,
2,2019-12,2020-04,credit_a_1_max_numberofoutstandinstls_59L__missing,bin,0.028637118068535528,0.4201072552592347,0.39147013719069923,0.4935758800202731,0.4880791625121834,0.028637118068535472,,,
2,2019-12,2020-04,credit_a_1_std_numberofoutstandinstls_59L__missing,bin,0.02960526683156764,0.7681139914968803,0.7385087246653127,0.42203659505262187,0.4394469117635553,0.02960526683156761,,,
2,2019-12,2020-04,credit_a_1_std_numberofoverdueinstlmax_1039L__missing,bin,0.04205647291048109,0.47212329523494007,0.430066822324459,0.49922228449002726,0.4950851953555077,0.04205647291048109,,,
2,2019-12,2020-04,credit_a_1_max_numberofoverdueinstlmax_1151L__missing,bin,0.030580841547949822,0.1790175859974601,0.14843674444951024,0.3833670433163263,0.35553238579170393,0.03058084154794985,,,
2,2019-12,2020-04,credit_a_1_std_numberofoverdueinstlmax_1151L__missing,bin,0.03948493793530139,0.30223344928496493,0.2627485113496636,0.4592258610077153,0.4401269488831595,0.039484937935301334,,,
2,2019-12,2020-04,credit_a_1_max_numberofoverdueinstls_725L__missing,bin,0.016367055399824526,0.15348407045441997,0.13711701505459536,0.3604534790665261,0.343970840678557,0.01636705539982461,,,
2,2019-12,2020-04,credit_a_1_std_numberofoverdueinstls_725L__missing,bin,0.04194387923019682,0.4731758323670697,0.43123195313687296,0.499279945552393,0.4952483778172633,0.04194387923019677,,,
2,2019-12,2020-04,credit_a_1_max_numberofoverdueinstls_834L__missing,bin,0.03055662488444677,0.17906244823587875,0.148505823351432,0.38340460073876526,0.35560068023296204,0.030556624884446743,,,
2,2019-12,2020-04,credit_a_1_std_numberofoverdueinstls_834L__missing,bin,0.03943533827486667,0.3023404284688863,0.2629050901940196,0.45927191704058784,0.44021131714676986,0.03943533827486673,,,
2,2019-12,2020-04,credit_a_1_max_outstandingamount_354A__missing,bin,0.03289368907998247,0.20960673071613936,0.1767130416361568,0.4070279464049504,0.38142567107085845,0.03289368907998255,,,
2,2019-12,2020-04,credit_a_1_std_outstandingamount_354A__missing,bin,0.04095825367852435,0.34498371155651264,0.30402545787798824,0.47536296691812824,0.45999345521438445,0.0409582536785244,,,
2,2019-12,2020-04,credit_a_1_max_outstandingamount_362A__missing,bin,0.028647518951654294,0.4200623930208161,0.3914148740691618,0.4935686162940687,0.48806687085540235,0.028647518951654294,,,
2,2019-12,2020-04,credit_a_1_std_outstandingamount_362A__missing,bin,0.029617976352109,0.7680622273756281,0.7384442510235191,0.4220694756250647,0.4394818985508198,0.029617976352109054,,,
2,2019-12,2020-04,credit_a_1_max_overdueamount_31A__missing,bin,0.030562384463286185,0.17905899729446192,0.14849661283117577,0.38340171202325607,0.35559157584065976,0.030562384463286157,,,
2,2019-12,2020-04,credit_a_1_std_overdueamount_31A__missing,bin,0.03942268882791067,0.30232317376180223,0.2629004849338915,0.45926449064606917,0.44020883675298494,0.039422688827910723,,,
2,2019-12,2020-04,credit_a_1_std_overdueamountmax_155A__missing,bin,0.04205647291048109,0.47212329523494007,0.430066822324459,0.49922228449002726,0.4950851953555077,0.04205647291048109,,,
2,2019-12,2020-04,credit_a_1_max_overdueamountmax_35A__missing,bin,0.03069943691315835,0.18032894373585115,0.14962950682269288,0.3844612019267528,0.3567078882092329,0.030699436913158268,,,
2,2019-12,2020-04,credit_a_1_std_overdueamountmax_35A__missing,bin,0.0400125012540028,0.305901800011043,0.2658892987570403,0.46078833401144925,0.4418055902357163,0.040012501254002686,,,
2,2019-12,2020-04,credit_a_1_max_periodicityofpmts_1102L__missing,bin,0.03121808030565343,0.22202321793385235,0.19080513762819892,0.4156066753941153,0.39293579257034217,0.03121808030565343,,,
2,2019-12,2020-04,credit_a_1_std_periodicityofpmts_1102L__missing,bin,0.0374500193204661,0.3623833581801115,0.3249333388596455,0.48068873493583836,0.46834993771449174,0.037450019320466044,,,
2,2019-12,2020-04,credit_a_1_max_periodicityofpmts_837L__missing,bin,0.026539025022384588,0.4284999447849373,0.40196091976255277,0.49486133623899436,0.49029413492942725,0.026539025022384533,,,
2,2019-12,2020-04,credit_a_1_std_periodicityofpmts_837L__missing,bin,0.02677577845524151,0.7755404174258738,0.7487646389706323,0.41722593203775726,0.4337235921618871,0.026775778455241483,,,
2,2019-12,2020-04,credit_a_1_max_prolongationcount_1120L__missing,bin,0.0205386967124212,0.9387078294958865,0.9181691327834652,0.2398654629975066,0.27410687037563397,0.020538696712421256,,,
2,2019-12,2020-04,credit_a_1_max_residualamount_488A__missing,bin,0.022951324372003645,0.6059818618519132,0.5830305374799095,0.48863876735109946,0.4930577347996858,0.022951324372003645,,,
2,2019-12,2020-04,credit_a_1_std_residualamount_488A__missing,bin,0.016665417536580823,0.829212909281652,0.8125474917450712,0.3763228140337903,0.3902743463307122,0.016665417536580795,,,
2,2019-12,2020-04,credit_a_1_max_residualamount_856A__missing,bin,0.020940779946962085,0.3696096295069295,0.3486688495599674,0.4826990276380094,0.47654893023329326,0.020940779946962085,,,
2,2019-12,2020-04,credit_a_1_std_residualamount_856A__missing,bin,0.024323809176706818,0.8121963171553199,0.7878725079786132,0.3905553220155307,0.4088146513398257,0.024323809176706734,,,
2,2019-12,2020-04,credit_a_1_max_totalamount_6A__missing,bin,0.03289716405083354,0.20958257412622164,0.1766854100753881,0.4070107108527348,0.3814022495238853,0.03289716405083354,,,
2,2019-12,2020-04,credit_a_1_std_totalamount_6A__missing,bin,0.04098129199388201,0.34496990779084535,0.3039886157969633,0.47535846527607034,0.45997775735660257,0.04098129199388206,,,
2,2019-12,2020-04,credit_a_1_max_totalamount_996A__missing,bin,0.02864637664766001,0.4200520401965656,0.39140566354890555,0.4935669394552966,0.4880648216074854,0.028646376647660066,,,
2,2019-12,2020-04,credit_a_1_std_totalamount_996A__missing,bin,0.02961569174412057,0.7680415217271271,0.7384258299830065,0.4220826253593081,0.43949189252694343,0.029615691744120598,,,
2,2019-12,2020-04,credit_a_1_last_classificationofcontr_13M__missing,bin,0.009545660061784589,0.05543247197835569,0.04588681191657111,0.22882244869925786,0.20923960525843174,0.009545660061784582,,,
2,2019-12,2020-04,credit_a_1_max_dateofrealrepmt_138D__missing,bin,0.03058977572971333,0.1793350726078074,0.14874529687809415,0.3836326424335653,0.3558372289892414,0.030589775729713248,,,
2,2019-12,2020-04,credit_a_1_std_dateofrealrepmt_138D__missing,bin,0.03946467773720397,0.30302371486941637,0.2635590371322124,0.4595653850064809,0.4405629025214828,0.03946467773720397,,,
2,2019-12,2020-04,credit_a_1_max_numberofoverdueinstlmaxdat_148D__missing,bin,0.02973504880424993,0.4245624206283474,0.3948273718240975,0.49427641216079243,0.4888135823425667,0.02973504880424993,,,
2,2019-12,2020-04,credit_a_1_std_numberofoverdueinstlmaxdat_148D__missing,bin,0.030225457516249887,0.6389072939097786,0.6086818363935287,0.4803173572739823,0.48804534465368105,0.030225457516249943,,,
2,2019-12,2020-04,credit_a_1_max_numberofoverdueinstlmaxdat_641D__missing,bin,0.014296792157274196,0.6616489978466126,0.6473522056893384,0.47314860402962816,0.47779423131562276,0.014296792157274196,,,
2,2019-12,2020-04,credit_a_1_std_numberofoverdueinstlmaxdat_641D__missing,bin,0.01105933695852361,0.9168909778587598,0.9058316409002363,0.27604693908820466,0.2920628001718495,0.011059336958523569,,,
2,2019-12,2020-04,credit_a_1_max_overdueamountmax2date_1002D__missing,bin,0.030226876301769345,0.42828253547567774,0.39805565917390845,0.49482987509062404,0.4894970391877092,0.03022687630176929,,,
2,2019-12,2020-04,credit_a_1_std_overdueamountmax2date_1002D__missing,bin,0.030433887302492357,0.6428275633592844,0.6123936760567921,0.4791662416582053,0.48720392196947765,0.030433887302492302,,,
2,2019-12,2020-04,credit_a_1_max_overdueamountmax2date_1142D__missing,bin,0.01393240919783545,0.65833264314505,0.6444002339472145,0.47426867292148045,0.47869465469753236,0.01393240919783556,,,
2,2019-12,2020-04,credit_a_1_std_overdueamountmax2date_1142D__missing,bin,0.011112844119624155,0.9162629065208989,0.9051500624012747,0.2769931274504358,0.2930075544013212,0.01111284411962421,,,
2,2019-12,2020-04,person_1_max_contaddr_smempladdr_334L__missing,bin,0.0004524698112668979,3.450941416818508e-06,0.00045592075268371533,0.0018576677603440945,0.02134743284217069,0.0004524698112668968,,,
2,2019-12,2020-04,person_1_max_empl_employedtotal_800L__missing,bin,0.014053303617299229,0.5824153829164596,0.5964686865337588,0.4931609318049568,0.4906055365754155,0.014053303617299284,,,
2,2019-12,2020-04,person_1_max_empl_industry_691L__missing,bin,0.014021652799924844,0.5870568991220805,0.6010785519220053,0.4923627690181782,0.4896765527788221,0.014021652799924844,,,
2,2019-12,2020-04,person_1_max_familystate_447L__missing,bin,0.01135980763045008,0.5063635359726133,0.5177233436030634,0.49995950376998066,0.49968578436005934,0.01135980763045008,,,
2,2019-12,2020-04,person_1_max_housetype_905L__missing,bin,0.0,1.0,1.0,0.0,0.0,0.0,,,
2,2019-12,2020-04,person_1_std_personindex_1023L__missing,bin,0.01741312460925898,0.6158101430070123,0.6332232676162713,0.48640313606790747,0.4819248499150499,0.017413124609259034,,,
2,2019-12,2020-04,person_1_std_persontype_1072L__missing,bin,0.01676078030082795,0.48802178234222293,0.5047825626430509,0.49985650170998375,0.4999771265713715,0.01676078030082795,,,
2,2019-12,2020-04,person_1_max_empl_employedfrom_271D__missing,bin,0.01386876700307027,0.5846861023687262,0.5985548693717965,0.4927760790314336,0.49019071566392214,0.01386876700307027,,,
2,2019-12,2020-04,deposit_1_max_amount_416A__missing,bin,0.001773222867705461,0.9376035282425046,0.935830305374799,0.2418742484633524,0.24505498345658955,0.0017732228677055373,,,
2,2019-12,2020-04,debitcard_1_max_openingdate_857D__missing,bin,0.0017593830578869415,0.937631135773839,0.9358717527159521,0.24182429365409008,0.24498125476110177,0.0017593830578869207,,,
2,2019-12,2020-04,credit_a_2_max_collater_valueofguarantee_1124L__missing,bin,0.016302918170109315,0.1530975650157363,0.1367946468456271,0.36008151938413707,0.3436304285711718,0.016302918170109204,,,
2,2019-12,2020-04,credit_a_2_std_collater_valueofguarantee_1124L__missing,bin,0.04169350859352938,0.46849980674728064,0.4268062981537512,0.49900675128202554,0.4946136694532839,0.04169350859352944,,,
2,2019-12,2020-04,credit_a_2_max_collater_valueofguarantee_876L__missing,bin,0.03061630103063906,0.17928330848655513,0.14866700745591616,0.3835893687065243,0.3557599307820075,0.030616301030638976,,,
2,2019-12,2020-04,credit_a_2_std_collater_valueofguarantee_876L__missing,bin,0.039434376191628595,0.30212301915962675,0.26268864296799804,0.4591782883080368,0.4400946714328972,0.039434376191628706,,,
2,2019-12,2020-04,credit_a_2_max_pmts_dpd_1073P__missing,bin,0.016363604458407788,0.15348061951300315,0.13711701505459536,0.360450161529868,0.343970840678557,0.016363604458407788,,,
2,2019-12,2020-04,credit_a_2_std_pmts_dpd_1073P__missing,bin,0.01724618493084107,0.16196648445695985,0.14472029952611873,0.36842006238750535,0.35181861012628257,0.017246184930841124,,,
2,2019-12,2020-04,credit_a_2_max_pmts_dpd_303P__missing,bin,0.030682110117771666,0.1803945116227707,0.149712401504999,0.38451571073124274,0.3567892912358847,0.030682110117771694,,,
2,2019-12,2020-04,credit_a_2_std_pmts_dpd_303P__missing,bin,0.03046976534550383,0.18361769090607918,0.1531479255605753,0.387172099320701,0.3601300299295628,0.030469765345503885,,,
2,2019-12,2020-04,credit_a_2_std_pmts_month_158T__missing,bin,0.016307523430237336,0.1530975650157363,0.13679004158549896,0.36008151938413707,0.34362556090683416,0.016307523430237336,,,
2,2019-12,2020-04,credit_a_2_std_pmts_month_706T__missing,bin,0.030590040053488976,0.17903138976312738,0.14844134970963835,0.3833786003973234,0.3555369395801499,0.03059004005348903,,,
2,2019-12,2020-04,credit_a_2_std_pmts_overdue_1140A__missing,bin,0.017182071730559967,0.16155237148694163,0.14437029975638174,0.3680396755159515,0.35146481517306144,0.017182071730559884,,,
2,2019-12,2020-04,credit_a_2_max_pmts_overdue_1152A__missing,bin,0.03069943691315835,0.18032894373585115,0.14962950682269288,0.3844612019267528,0.3567078882092329,0.030699436913158268,,,
2,2019-12,2020-04,credit_a_2_std_pmts_overdue_1152A__missing,bin,0.03048941279303008,0.18353141737065873,0.15304200457762857,0.38710158383630494,0.3600279842074636,0.030489412793030163,,,
2,2019-12,2020-04,credit_a_2_last_collater_typofvalofguarant_298M__missing,bin,0.009658074427184138,0.05590870189387665,0.04625062746669246,0.22974533498292907,0.21002739565501852,0.009658074427184193,,,
3,2020-03,2020-07,actualdpdtolerance_344P,num,0.008199919349923777,-0.09613505696791345,-0.14199127344382279,19.564242124818453,11.978521807104146,0.04585621647590933,-0.002343879010663944,-0.09613505696791345,19.564242124818453
3,2020-03,2020-07,amtinstpaidbefduel24m_4187115A,num,0.17527783421113785,39112.40744628059,50529.86743067913,65155.05822878089,75836.6744247196,11417.459984398542,0.17523520498298192,39112.40744628059,65155.05822878089
3,2020-03,2020-07,annuity_780A,num,0.15996517234148755,4012.6137802193634,4495.16903244905,3019.8780788035615,3241.036577145745,482.55525222968663,0.15979295840342966,4012.6137802193634,3019.8780788035615
3,2020-03,2020-07,annuitynextmonth_57A,num,0.08900710602706632,1441.925327559532,1695.4808002502662,2849.5860277703946,3088.920123360286,253.55547269073418,0.0889797571365564,1441.925327559532,2849.5860277703946
3,2020-03,2020-07,applicationcnt_361L,num,0.0,0.0,0.0,0.0,0.0,0.0,0.0,0.0,1.0
3,2020-03,2020-07,applications30d_658L,num,0.04199415341673702,0.14977481422660266,0.17213835814068054,0.5325394631045236,0.6096015347548542,0.022363543914077882,0.04199415341673656,0.14977481422660266,0.5325394631045236
3,2020-03,2020-07,applicationscnt_1086L,num,0.033838434135576294,0.4155835561835585,0.5226696928111475,3.1646303785374665,4.335316161660672,0.10708613662758898,0.03383843413557789,0.4155835561835585,3.1646303785374665
3,2020-03,2020-07,applicationscnt_464L,num,0.08324977910611514,1.4200288829462162,0.45295400964143706,11.616545817762326,5.2103585229433405,0.9670748733047791,-0.08324977910611513,1.4200288829462162,11.616545817762326
3,2020-03,2020-07,applicationscnt_629L,num,0.08467153433988746,0.34769306225403757,0.10276575530454977,2.892675901753514,1.1982321656210517,0.24492730694948778,-0.08467153433988753,0.34769306225403757,2.892675901753514
3,2020-03,2020-07,applicationscnt_867L,num,0.17207736950453323,2.995858294504844,3.7442819944403394,4.349344147289381,5.544446867831174,0.7484236999354952,0.17207736950453353,2.995858294504844,4.349344147289381
3,2020-03,2020-07,avgdbddpdlast24m_3658932P,num,0.011989284476888865,18.172530838967845,19.880669622435693,248.95327992310797,255.28328589342007,1.7081387834678488,0.00686128250246563,18.172530838967845,248.95327992310797
3,2020-03,2020-07,avgdbddpdlast3m_4187120P,num,0.008417256414217448,11.31847924670785,12.017620254055386,234.25854835590542,245.79850246038683,0.699141007347535,0.0029844845033588307,11.31847924670785,234.25854835590542
3,2020-03,2020-07,avgdbdtollast24m_4525197P,num,0.012137829499830551,17.587141250063254,19.251178788838452,248.27232561219816,254.51068827375903,1.6640375387751973,0.00670246889044906,17.587141250063254,248.27232561219816
3,2020-03,2020-07,avgdpdtolclosure24_3658938P,num,0.013340327236935793,32.25877484925982,35.72879059783947,269.6121809750955,277.261762348516,3.470015748579648,0.012870396790047773,32.25877484925982,269.6121809750955
3,2020-03,2020-07,avginstallast24m_3658937A,num,0.11757435674172702,3257.199922546174,3942.375234797049,5827.591417369884,6630.023015919341,685.1753122508749,0.11757435674172728,3257.199922546174,5827.591417369884
3,2020-03,2020-07,avglnamtstart24m_4525187A,num,0.009436805394247554,8899.249552262978,9027.852049892106,26640.702979203037,27368.341747632152,128.60249762912827,0.004827293699025934,8899.249552262978,26640.702979203037
3,2020-03,2020-07,avgmaxdpdlast9m_3716943P,num,0.0225384801331472,-0.0837177256431516,0.0031580984552588057,3.887634275384833,3.957347041540276,0.0868758240984104,0.022346707005974898,-0.0837177256431516,3.887634275384833
3,2020-03,2020-07,avgoutstandbalancel6m_4187114A,num,0.08300119854195438,23298.315323373434,27468.00379285915,50965.16414154975,57158.29376026425,4169.688469485714,0.08181448131717765,23298.315323373434,50965.16414154975
3,2020-03,2020-07,avgpmtlast12m_4525200A,num,0.10385702844777907,3376.597793948363,4139.442625625195,7353.272680074565,8398.921888195544,762.8448316768327,0.10374221994295703,3376.597793948363,7353.272680074565
3,2020-03,2020-07,clientscnt12m_3712952L,num,0.03611366908030412,0.03471792416474957,0.049078081565150075,0.4002116557760547,1.2543712701419414,0.014360157400400503,0.03588140723326653,0.03471792416474957,0.4002116557760547
3,2020-03,2020-07,clientscnt3m_3712950L,num,0.027236241002626164,0.017676207381110864,0.02695379851507794,0.3530264908894217,1.0442521180369964,0.009277591133967075,0.026280155663652705,0.017676207381110864,0.3530264908894217
3,2020-03,2020-07,clientscnt6m_3712949L,num,0.033988581483465584,0.02439480106968108,0.03667440796650128,0.37406303189290774,1.2380826551757675,0.0122796068968202,0.03282764093174486,0.02439480106968108,0.37406303189290774
3,2020-03,2020-07,clientscnt_100L,num,0.05341495557596019,0.06769586491189145,0.034123297793729544,0.6287831290368628,0.3779552463803886,0.0335725671181619,-0.05339291970124359,0.06769586491189145,0.6287831290368628
3,2020-03,2020-07,clientscnt_1022L,num,0.0592671778977923,0.10303270935270281,0.13939617861289982,0.6138095630992836,2.191637594428448,0.03636346926019701,0.05924226575517728,0.10303270935270281,0.6138095630992836
3,2020-03,2020-07,clientscnt_1071L,num,0.04824151165088328,0.03545751443174166,0.026206059326506916,0.19177373984849705,0.1647359620758261,0.009251455105234743,-0.04824151165088335,0.03545751443174166,0.19177373984849705
3,2020-03,2020-07,clientscnt_1130L,num,0.026422344107272382,0.03107057637437281,0.02287202223864316,0.3102886747081915,0.212652098687037,0.00819855413572965,-0.026422344107273378,0.03107057637437281,0.3102886747081915
3,2020-03,2020-07,clientscnt_157L,num,0.04013312883726968,0.09749356751096734,0.05507758893697878,1.0570331900000667,0.4956810476931043,0.04241597857398856,-0.04012738575785485,0.09749356751096734,1.0570331900000667
3,2020-03,2020-07,clientscnt_257L,num,0.02133106559329291,0.003962646798936547,0.002331186882015553,0.0767674045775835,0.06095627652109136,0.0016314599169209945,-0.021251987427452896,0.003962646798936547,0.0767674045775835
3,2020-03,2020-07,clientscnt_304L,num,0.013656967694108608,0.07378386058334209,0.09043245715894296,1.2190551335034292,2.1933452815000294,0.016648596575600874,0.013656967694114584,0.07378386058334209,1.2190551335034292
3,2020-03,2020-07,clientscnt_360L,num,0.03040396625305398,0.003947076477526188,0.0016978078046377422,0.07397944906818624,0.04345638904881187,0.0022492686728884455,-0.03040396625305108,0.003947076477526188,0.07397944906818624
3,2020-03,2020-07,clientscnt_493L,num,0.006546208657934666,0.01945511660224446,0.029320173123614485,1.506987790468311,2.169899379139442,0.009865056521370024,0.006546208657937674,0.01945511660224446,1.506987790468311
3,2020-03,2020-07,clientscnt_533L,num,0.028254634269240995,0.0780345583283703,0.06991801259720609,0.287407465178373,0.27255064884656444,0.008116545731164201,-0.028240552924144992,0.0780345583283703,0.287407465178373
3,2020-03,2020-07,clientscnt_887L,num,0.04442323228780067,3.1476027543898577,0.9550476793694359,49.35604552176026,23.26147887301985,2.192555075020422,-0.04442323228780071,3.1476027543898577,49.35604552176026
3,2020-03,2020-07,clientscnt_946L,num,0.028547952581414338,0.037804740384353386,0.044776381997959115,0.24420811242852364,0.5750149983099109,0.006971641613605729,0.028547952581412434,0.037804740384353386,0.24420811242852364
3,2020-03,2020-07,cntincpaycont9m_3716944L,num,0.14026801414082085,3.9885168879598596,4.837898940849431,6.055422243568966,6.717641750242707,0.8493820528895717,0.14026801414082066,3.9885168879598596,6.055422243568966
3,2020-03,2020-07,cntpmts24_3658933L,num,0.17177760232381908,7.098412216474179,8.54875259509483,8.44312855110532,8.849015038297598,1.450340378620652,0.17177760232381903,7.098412216474179,8.44312855110532
3,2020-03,2020-07,credamount_770A,num,0.07521734746824786,51358.48753370731,54775.03044004443,45422.28279523512,49494.31439221209,3416.5429063371193,0.07521733158456582,51358.48753370731,45422.28279523512
3,2020-03,2020-07,currdebt_22A,num,0.07199846162843394,20297.92508502208,24076.290309609147,52515.985959592945,58156.961422214474,3778.3652245870653,0.07194695397120088,20297.92508502208,52515.985959592945
3,2020-03,2020-07,currdebtcredtyperange_828A,num,0.061035206512476126,11043.355504884164,13359.307159050957,37957.425289454986,43281.79916705651,2315.9516541667927,0.06101445597286576,11043.355504884164,37957.425289454986
3,2020-03,2020-07,datefirstoffer_1144D,num,0.10784731025574724,-1102.96820540368,-1280.398439424329,1645.1985088908916,1739.4286672290489,177.43023402064887,-0.10784731025574733,-1102.96820540368,1645.1985088908916
3,2020-03,2020-07,datelastinstal40dpd_247D,num,0.05488799348336895,-194.61684163815352,-236.5465093775291,763.9132910201988,835.4257640029219,41.92966773937559,-0.05488799348336893,-194.61684163815352,763.9132910201988
3,2020-03,2020-07,datelastunpaid_3546854D,num,0.052203183120907715,-406.0386299674191,-455.42447834195434,946.2935214236957,985.5091096231091,49.385848374535215,-0.05218872078954356,-406.0386299674191,946.2935214236957
3,2020-03,2020-07,daysoverduetolerancedd_3976961L,num,0.041190183216006274,69.82291094943928,86.742029979943,410.75610034987767,457.5825188044666,16.919119030503722,0.04119018321600628,69.82291094943928,410.75610034987767
3,2020-03,2020-07,disbursedcredamount_1113A,num,0.0806655994205144,47194.65302809575,50670.00556344609,43560.1597724531,47944.10191846066,3475.3525353503355,0.07978282342178425,47194.65302809575,43560.1597724531
3,2020-03,2020-07,downpmt_116A,num,0.01632904592729335,596.6130867109888,524.9963621437363,4385.848682533952,3869.4542636133365,71.6167245672525,-0.016329045927292566,596.6130867109888,4385.848682533952
3,2020-03,2020-07,dtlastpmtallstes_4499206D,num,0.017331356364231897,-238.7687690493151,-230.9560241387804,673.257752878332,653.3927845281125,7.81274491053469,0.01160438907258536,-238.7687690493151,673.257752878332
3,2020-03,2020-07,eir_270L,num,0.1905834727804536,0.05879862701565465,0.15296805133132912,0.4941111783819513,0.4577301008053346,0.09416942431567447,0.19058347278045362,0.05879862701565465,0.4941111783819513
3,2020-03,2020-07,firstclxcampaign_1125D,num,0.15381130842000615,-438.11062324104023,-529.4751310742813,594.0038399761594,657.4451168552641,91.36450783324108,-0.15381130842000623,-438.11062324104023,594.0038399761594
3,2020-03,2020-07,firstdatedue_489D,num,0.13564726776611957,-1259.9120899653171,-1461.1281009183997,1483.3768071172312,1538.6659024537983,201.21601095308256,-0.13564726776611957,-1259.9120899653171,1483.3768071172312
3,2020-03,2020-07,homephncnt_628L,num,0.08711562186931537,0.6220148774421076,0.6955821809352898,0.844478888109671,0.884973838787455,0.07356730349318219,0.08711562186931562,0.6220148774421076,0.844478888109671
3,2020-03,2020-07,inittransactionamount_650A,num,0.09117864777392432,6296.662779583064,4451.068292356384,20381.85585690987,18038.190106756363,1845.59448722668,-0.0905508556327556,6296.662779583064,20381.85585690987
3,2020-03,2020-07,lastactivateddate_801D,num,0.03520628656636887,-441.38007543820726,-458.1628312044759,822.2815689399021,810.0865332486447,16.78275576626862,-0.020409986554733566,-441.38007543820726,822.2815689399021
3,2020-03,2020-07,lastapplicationdate_877D,num,0.038148585373034775,-372.0644260974157,-365.0439758612196,698.4820926523486,658.2049230618486,7.020450236196098,0.010051009625081892,-372.0644260974157,698.4820926523486
3,2020-03,2020-07,lastapprcredamount_781A,num,0.0560920896415365,26585.082689680723,28621.334785565858,36301.94754551047,37991.102225044015,2036.2520958851346,0.05609208964153665,26585.082689680723,36301.94754551047
3,2020-03,2020-07,lastapprdate_640D,num,0.03742087928758468,-429.8674809944764,-449.12335937225095,807.4309039492765,795.627910262597,19.255878377774536,-0.023848329663369198,-429.8674809944764,807.4309039492765
3,2020-03,2020-07,lastdelinqdate_224D,num,0.08597680815379888,-199.3090241690314,-240.52880995108907,479.8125422655364,530.017310258359,41.21978578205767,-0.0859081040012621,-199.3090241690314,479.8125422655364
3,2020-03,2020-07,lastrejectcredamount_222A,num,0.1179674813069923,26318.790919289815,31868.559474549224,47044.90164384356,53451.77130002683,5549.7685552594085,0.11796748130699235,26318.790919289815,47044.90164384356
3,2020-03,2020-07,lastrejectdate_50D,num,0.03436362848434436,-418.18168618795715,-446.22980224497695,827.4091471264483,836.993282301177,28.048116057019797,-0.03389872610718596,-418.18168618795715,827.4091471264483
3,2020-03,2020-07,maininc_215A,num,0.05110840016461227,33736.082182096514,35569.09520146429,35865.2005044949,36226.772699343106,1833.013019367776,0.05110840016461218,33736.082182096514,35865.2005044949
3,2020-03,2020-07,maxannuity_159A,num,0.1043050119174081,30423.142278589505,39477.71479355501,88082.56281604458,94929.09635575181,9054.572514965505,0.10279642446230208,30423.142278589505,88082.56281604458
3,2020-03,2020-07,maxannuity_4075009A,num,0.023357469082496262,1452.4021814020296,1560.386801083782,8296.264470737344,9036.205786668545,107.98461968175252,0.013016053196307423,1452.4021814020296,8296.264470737344
3,2020-03,2020-07,maxdbddpdlast1m_3658939P,num,0.012956419921941633,15.456307731832354,18.148474612055317,280.0562410000881,306.5294267065476,2.6921668802229632,0.00961295085090468,15.456307731832354,280.0562410000881
3,2020-03,2020-07,maxdbddpdtollast12m_3658940P,num,0.014319157888955877,28.384388417237904,32.78976213096872,313.69362905636626,340.8240233449341,4.405373713730814,0.014043554939202259,28.384388417237904,313.69362905636626
3,2020-03,2020-07,maxdbddpdtollast6m_4187119P,num,0.008967403985438794,21.823074437814082,24.25047503430803,295.496449639973,316.94552801077884,2.42740059649395,0.008214652323070028,21.823074437814082,295.496449639973
3,2020-03,2020-07,maxdebt4_972A,num,0.19234092851054732,38976.47055374816,49025.82467074138,52247.6115448415,58785.72124407773,10049.354116993221,0.19234092851054763,38976.47055374816,52247.6115448415
3,2020-03,2020-07,maxdpdfrom6mto36m_3546853P,num,0.03140077948874681,26.48347405011308,33.59389844822126,226.4410156014237,255.21036465164065,7.110424398108179,0.031400779488746804,26.48347405011308,226.4410156014237
3,2020-03,2020-07,maxdpdinstldate_3546855D,num,0.04962308549943163,-450.13826834670436,-497.5311851226292,955.2107215059533,982.9469261348149,47.392916775924846,-0.04961514324421187,-450.13826834670436,955.2107215059533
3,2020-03,2020-07,maxdpdinstlnum_3546846P,num,0.13869209877034522,3.165652649484817,4.002990956754284,6.039728649942037,6.535589677406723,0.8373383072694671,0.13863839847796855,3.165652649484817,6.039728649942037
3,2020-03,2020-07,maxdpdlast12m_727P,num,0.007349639587968365,14.294722828815994,15.625127555508639,181.01632206163953,188.38764337571854,1.3304047266926453,0.0073496395879683,14.294722828815994,181.01632206163953
3,2020-03,2020-07,maxdpdlast24m_143P,num,0.02266397413313457,22.371297669512142,27.260178049896197,215.71152312764718,236.28086280019073,4.888880380384055,0.02266397413313457,22.371297669512142,215.71152312764718
3,2020-03,2020-07,maxdpdlast3m_392P,num,0.005731860744426655,5.347023538433392,4.9595253175692315,125.59487997806542,120.71795634069765,0.38749822086416064,-0.0030853026885477772,5.347023538433392,125.59487997806542
3,2020-03,2020-07,maxdpdlast6m_474P,num,0.00707133880160837,8.303710796850124,7.701819205461135,146.42556414447102,139.37098627473438,0.6018915913889895,-0.004110563581610191,8.303710796850124,146.42556414447102
3,2020-03,2020-07,maxdpdlast9m_1059P,num,0.004557028792960883,11.391714253461478,11.928005911538056,165.3913953798485,166.96510853542551,0.5362916580765784,0.0032425608166911984,11.391714253461478,165.3913953798485
3,2020-03,2020-07,maxdpdtolerance_374P,num,0.04460772658316741,45.397771108490105,57.26786656814103,266.09953855236546,298.63996386160824,11.870095459650926,0.04460772658316738,45.397771108490105,266.09953855236546
3,2020-03,2020-07,maxinstallast24m_3658928A,num,0.12697882949930928,9813.785314831011,12626.785280092432,22184.279530688378,25707.434363999953,2812.9999652614206,0.1268015019992012,9813.785314831011,22184.279530688378
3,2020-03,2020-07,maxlnamtstart6m_4525199A,num,0.12109585130540519,23667.815094723108,27919.070241048976,35115.231551580575,38404.777766863175,4251.255146325868,0.12106584403640404,23667.815094723108,35115.231551580575
3,2020-03,2020-07,maxoutstandbalancel12m_4187113A,num,0.11951405810920912,39967.69723507976,48417.68970282404,71044.72489468321,79249.68067126922,8449.992467744283,0.11893905536646897,39967.69723507976,71044.72489468321
3,2020-03,2020-07,maxpmtlast3m_4525190A,num,0.034128439691593127,4401.852450865434,4495.529408461509,13755.547924816046,13432.944506390442,93.67695759607523,0.0068101218583285165,4401.852450865434,13755.547924816046
3,2020-03,2020-07,mindbddpdlast24m_3658935P,num,0.016158264029035196,-0.7670212807367877,-2.7856275731025018,235.80410805120164,239.75501825680954,2.018606292365714,-0.008560522159891299,-0.7670212807367877,235.80410805120164
3,2020-03,2020-07,mindbdtollast24m_4525191P,num,0.016438817604696943,-1.1809232422080274,-3.232608466167001,235.50122882175506,239.32948099426463,2.0516852239589736,-0.008711993709008806,-1.1809232422080274,235.50122882175506
3,2020-03,2020-07,mobilephncnt_593L,num,0.11335738810332847,1.771517211044029,1.9006210633730956,1.1389099068812778,1.2403833824989021,0.12910385232906663,0.1133573881033284,1.771517211044029,1.1389099068812778
3,2020-03,2020-07,monthsannuity_845L,num,0.19361134611258635,17.50908333625277,21.823427988317675,22.283532131201053,25.04657048188898,4.314344652064907,0.1936113461125864,17.50908333625277,22.283532131201053
3,2020-03,2020-07,numactivecreds_622L,num,0.1368672604475556,0.4796826768496569,0.5774833737992189,0.7146229258219517,0.7980727253711403,0.097800696949562,0.13685636636562237,0.4796826768496569,0.7146229258219517
3,2020-03,2020-07,numactivecredschannel_414L,num,0.008871301011831713,0.10782447576674102,0.11078855695133537,0.3341202356498931,0.33859714294401505,0.002964081184594347,0.008871301011831713,0.10782447576674102,0.3341202356498931
3,2020-03,2020-07,numactiverelcontr_750L,num,0.027729310026307852,0.29130125068606727,0.3052447306379535,0.503787618550128,0.5408089682652995,0.013943479951886217,0.027677297810563023,0.29130125068606727,0.503787618550128
3,2020-03,2020-07,numcontrs3months_479L,num,0.029374892924251838,0.30935893094173195,0.3340458847953834,0.9021336720206472,1.0366123755188985,0.02468695385365144,0.027365073069888057,0.30935893094173195,0.9021336720206472
3,2020-03,2020-07,numincomingpmts_3546848L,num,0.19871923137858066,21.966235758021636,28.073718287061475,30.73422983105466,35.611252472445734,6.107482529039839,0.19871923137858105,21.966235758021636,30.73422983105466
3,2020-03,2020-07,numinstlallpaidearly3d_817L,num,0.18024753838415025,13.669823549332618,17.775722228086842,22.780086697877856,26.932606500709014,4.105898678754224,0.18024069588535505,13.669823549332618,22.780086697877856
3,2020-03,2020-07,numinstls_657L,num,0.08188180866057625,7.696845842140297,8.997818360955698,16.16091565297666,17.222719850755734,1.300972518815401,0.08050116384190005,7.696845842140297,16.16091565297666
3,2020-03,2020-07,numinstlsallpaid_934L,num,0.19067767354510207,18.547133309199335,23.766274323515958,27.373018435275572,31.98737406930406,5.219141014316623,0.190667354667424,18.547133309199335,27.373018435275572
3,2020-03,2020-07,numinstlswithdpd10_728L,num,0.07865180256372425,1.8117625993094562,2.396539287096661,7.437461732646383,8.37836920940229,0.5847766877872047,0.07862584155833102,1.8117625993094562,7.437461732646383
3,2020-03,2020-07,numinstlswithdpd5_4187116L,num,0.09770099031782822,1.2688683101140916,1.6851930046799677,4.261531370913053,4.7411184324866,0.41632469456587606,0.09769368293461056,1.2688683101140916,4.261531370913053
3,2020-03,2020-07,numinstlswithoutdpd_562L,num,0.19743552827613955,21.53424497565191,27.564886167704703,30.54628268020304,35.71871298980816,6.030641192052794,0.1974263531569174,21.53424497565191,30.54628268020304
3,2020-03,2020-07,numinstmatpaidtearly2d_4499204L,num,0.18417538364992705,14.6178692793666,18.997704000844504,23.78181978024588,28.07068091065704,4.379834721477904,0.18416734976336704,14.6178692793666,23.78181978024588
3,2020-03,2020-07,numinstpaid_4499208L,num,0.19347827581413884,21.971451815694106,27.920889193849185,30.750007338311626,35.572473024593094,5.9494373781550784,0.19347759214166552,21.971451815694106,30.750007338311626
3,2020-03,2020-07,numinstpaidearly3d_3546850L,num,0.18009100548082013,13.17593684677636,17.13300960624934,21.974011053716882,25.968735667968936,3.9570727594729824,0.18007967456645324,13.17593684677636,21.974011053716882
3,2020-03,2020-07,numinstpaidearly3dest_4493216L,num,0.18025161313227167,13.141810594825204,17.09710053133467,21.94454104132968,25.936865283223298,3.955289936509468,0.1802402670012645,13.141810594825204,21.94454104132968
3,2020-03,2020-07,numinstpaidearly5d_1087L,num,0.0902669671497952,1.8849080767149735,2.2496393258031597,4.041148031842593,4.312882013001276,0.3647312490881862,0.09025436490181829,1.8849080767149735,4.041148031842593
3,2020-03,2020-07,numinstpaidearly5dest_4493211L,num,0.0902669671497952,1.8849080767149735,2.2496393258031597,4.041148031842593,4.312882013001276,0.3647312490881862,0.09025436490181829,1.8849080767149735,4.041148031842593
3,2020-03,2020-07,numinstpaidearly5dobd_4499205L,num,0.16879911070229117,10.521321608881312,13.749102712973714,19.123255501412864,22.658790458115334,3.2277811040924025,0.16878826431273314,10.521321608881312,19.123255501412864
3,2020-03,2020-07,numinstpaidearly_338L,num,0.16879911070229117,10.521321608881312,13.749102712973714,19.123255501412864,22.658790458115334,3.2277811040924025,0.16878826431273314,10.521321608881312,19.123255501412864
3,2020-03,2020-07,numinstpaidearlyest_4493214L,num,0.16879911070229117,10.521321608881312,13.749102712973714,19.123255501412864,22.658790458115334,3.2277811040924025,0.16878826431273314,10.521321608881312,19.123255501412864
3,2020-03,2020-07,numinstpaidlastcontr_4325080L,num,0.10347156416514441,4.975161444770124,5.635006509729406,6.380937338189272,6.580844537266255,0.6598450649592822,0.103408798737166,4.975161444770124,6.380937338189272
3,2020-03,2020-07,numinstpaidlate1d_3546852L,num,0.12013953265102326,3.5234664206555886,4.45304197895774,7.7374660762361,8.624764213808707,0.929575558302151,0.12013953265102317,3.5234664206555886,7.7374660762361
3,2020-03,2020-07,numinstregularpaid_973L,num,0.1935825299805005,21.944974484135788,27.892026461170342,30.721124476300485,35.54145812353309,5.947051977034555,0.19358184566526368,21.944974484135788,30.721124476300485
3,2020-03,2020-07,numinstregularpaidest_4493210L,num,0.19341446679832136,21.97297770719232,27.920889193849185,30.752262785970967,35.572473024593094,5.947911486656864,0.19341378317599028,21.97297770719232,30.752262785970967
3,2020-03,2020-07,numinsttopaygr_769L,num,0.06485604682173032,3.946360242741311,4.543307294415708,9.20823028624265,9.791872375259556,0.5969470516743973,0.064827554602566,3.946360242741311,9.20823028624265
3,2020-03,2020-07,numinsttopaygrest_4493213L,num,0.06502078576952766,3.9449666989750836,4.543307294415708,9.206332271619424,9.791872375259556,0.5983405954406247,0.06499228767629246,3.9449666989750836,9.206332271619424
3,2020-03,2020-07,numinstunpaidmax_3546851L,num,0.06484166620521836,3.535630734257432,4.057848622400507,8.056059302878584,8.490145132516131,0.522217888143075,0.06482299453238591,3.535630734257432,8.056059302878584
3,2020-03,2020-07,numinstunpaidmaxest_4493212L,num,0.0649803170080401,3.5345719524015276,4.057848622400507,8.055163689611383,8.490145132516131,0.5232766699989795,0.06496164325919795,3.5345719524015276,8.055163689611383
3,2020-03,2020-07,numnotactivated_1143L,num,0.0039880627670301275,0.02668363831700396,0.027384848164960063,0.17582718450501472,0.182394640012114,0.0007012098479561024,0.003988062767029653,0.02668363831700396,0.17582718450501472
3,2020-03,2020-07,numpmtchanneldd_318L,num,0.03783647717713584,0.02775409791396619,0.034281642563074,0.1725198838821119,0.19325250992427206,0.006527544649107809,0.03783647717713675,0.02775409791396619,0.1725198838821119
3,2020-03,2020-07,numrejects9m_859L,num,0.08403676775443353,0.40227482395805353,0.5216404518104085,1.420397655002095,1.8276002004743075,0.119365627852355,0.0840367677544349,0.40227482395805353,1.420397655002095
3,2020-03,2020-07,pctinstlsallpaidearl3d_427L,num,0.13001385123032214,0.114841004896633,0.21281843101277406,0.7832005458624206,0.7355757759762414,0.09797742611614106,0.12509877148802712,0.114841004896633,0.7832005458624206
3,2020-03,2020-07,pctinstlsallpaidlat10d_839L,num,0.13027651077416522,-0.24346342038350288,-0.1766082299467137,0.5133073477708274,0.4824074516253305,0.06685519043678917,0.13024397707752572,-0.24346342038350288,0.5133073477708274
3,2020-03,2020-07,pctinstlsallpaidlate1d_3546856L,num,0.12330269781213686,-0.17116159302655531,-0.10060806627672401,0.5731677038941216,0.5393813700038824,0.0705535267498313,0.12309403734803644,-0.17116159302655531,0.5731677038941216
3,2020-03,2020-07,pctinstlsallpaidlate4d_3546849L,num,0.12823960954012267,-0.2181396390566244,-0.14958291521317435,0.5348449606843086,0.503493796945433,0.06855672384345005,0.12818055489526345,-0.2181396390566244,0.5348449606843086
3,2020-03,2020-07,pctinstlsallpaidlate6d_3546844L,num,0.12916391654120524,-0.23009316869369323,-0.1623887115376679,0.5243519475448097,0.49336220754962623,0.06770445715602533,0.1291202549605091,-0.23009316869369323,0.5243519475448097
3,2020-03,2020-07,pmtnum_254L,num,0.10859751008992227,17.015068178544876,16.796043140152715,9.983940072043959,10.912387232761768,0.2190250383921608,-0.02193773568467754,17.015068178544876,9.983940072043959
3,2020-03,2020-07,posfpd10lastmonth_333P,num,0.7174221114188157,-0.011198953674401223,-0.14676800731904713,0.19500195761153913,0.39561224478496987,0.13556905364464591,-0.6952189368001693,-0.011198953674401223,0.19500195761153913
3,2020-03,2020-07,posfpd30lastmonth_3976960P,num,0.5402519818435277,-0.044908699527830005,-0.17167212076427743,0.23753424498406892,0.39660602415253,0.12676342123644743,-0.5336637723329084,-0.044908699527830005,0.23753424498406892
3,2020-03,2020-07,posfstqpd30lastmonth_3976962P,num,0.3649299547271074,-0.06137820699963799,-0.18318730426827123,0.33378760962421233,0.44577639497844135,0.12180909726863325,-0.36492995472710754,-0.06137820699963799,0.33378760962421233
3,2020-03,2020-07,price_1097A,num,0.12330639582317474,32562.531964283742,27977.27432164747,37185.886522964174,35717.65514483318,4585.257642636272,-0.12330639582317454,32562.531964283742,37185.886522964174
3,2020-03,2020-07,sellerplacecnt_915L,num,0.009206492454230886,0.18571500862206547,0.181436714873852,0.4845200909778164,0.4795958798741375,0.00427829374821348,-0.008829961497735623,0.18571500862206547,0.4845200909778164
3,2020-03,2020-07,sellerplacescnt_216L,num,0.16312395346250386,1.6883016282663614,2.026883423062036,2.0756105256699833,2.444755102672674,0.3385817947956744,0.16312395346250427,1.6883016282663614,2.0756105256699833
3,2020-03,2020-07,sumoutstandtotal_3546847A,num,0.07318628177139726,20124.50007715794,23949.713972909794,52303.7757692446,57978.97817786995,3825.2138957518546,0.0731345651340364,20124.50007715794,52303.7757692446
3,2020-03,2020-07,sumoutstandtotalest_4493215A,num,0.07335203611880327,20112.573525344287,23946.163751227115,52299.77795126919,57977.50894954647,3833.5902258828282,0.07330031552819999,20112.573525344287,52299.77795126919
3,2020-03,2020-07,totaldebt_9A,num,0.07198635514975449,20299.917468847852,24077.89081787073,52519.37421420949,58160.599230718,3777.973349022879,0.07193485081550574,20299.917468847852,52519.37421420949
3,2020-03,2020-07,totalsettled_863A,num,0.21465808577739187,92186.2251608968,123155.57087419214,144272.90544932775,178157.90881641337,30969.345713295334,0.21465808577739182,92186.2251608968,144272.90544932775
3,2020-03,2020-07,totinstallast1m_4525188A,num,0.04447681864124789,3858.5918652368773,4354.016446813369,11235.630626766497,11755.190420559687,495.4245815764916,0.044094060941826274,3858.5918652368773,11235.630626766497
3,2020-03,2020-07,validfrom_1069D,num,0.026122190672601544,-2.2596818204819793,-2.4551708364122593,9.413412889563771,10.224579159500964,0.19548901593028,-0.02076707122312779,-2.2596818204819793,9.413412889563771
3,2020-03,2020-07,assignmentdate_238D,num,0.08737920180724673,-0.8866636304539917,-1.0,1.297063456771118,0.0,0.11333636954600834,-0.08737920180724656,-0.8866636304539917,1.297063456771118
3,2020-03,2020-07,assignmentdate_4527235D,num,0.14265547637166467,1.5552298763327221,0.7521992329075619,5.629160995775579,4.8070869829397065,0.8030306434251603,-0.1426554763716648,1.5552298763327221,5.629160995775579
3,2020-03,2020-07,birthdate_574D,num,0.0,-1.0,-1.0,0.0,0.0,0.0,0.0,-1.0,1.0
3,2020-03,2020-07,contractssum_5085716L,num,154415.14951125087,-1.0,154414.1495112508,0.0,569686.4107745509,154415.1495112508,154415.1495112508,-1.0,1.0
3,2020-03,2020-07,dateofbirth_337D,num,0.17539022157665746,-15260.787274376311,-16296.927354938598,5907.64264125632,6016.650058334189,1036.140080562287,-0.1753897694024941,-15260.787274376311,5907.64264125632
3,2020-03,2020-07,days120_123L,num,0.063566658110046,1.4662727375349847,1.3667088919384918,2.0679059690435704,2.034938355768928,0.0995638455964929,-0.04814718226406701,1.4662727375349847,2.0679059690435704
3,2020-03,2020-07,days180_256L,num,0.034809465416074,2.2138972903748164,2.149583025440726,2.866667651507819,2.853771203750311,0.0643142649340902,-0.022435200990342213,2.2138972903748164,2.866667651507819
3,2020-03,2020-07,days30_165L,num,0.030831485672152534,0.415408390067692,0.4434269326858792,0.9090164540532089,0.9301456875518376,0.028018542618187203,0.030822921293949593,0.415408390067692,0.9090164540532089
3,2020-03,2020-07,days360_512L,num,0.023189046609632193,4.541979532812506,4.583025440726274,5.294534757858044,5.260716841117464,0.04104590791376861,0.007752505138029188,4.541979532812506,5.294534757858044
3,2020-03,2020-07,days90_310L,num,0.06967186223417227,1.0854616016411118,0.9993050424012104,1.650392942267999,1.6114346962593633,0.0861565592399014,-0.05220366437189409,1.0854616016411118,1.650392942267999
3,2020-03,2020-07,firstquarter_103L,num,0.21422780852912526,2.5907847052732786,3.36380590450051,3.60844369223354,4.201666691002319,0.7730211992272316,0.21422565104479988,2.5907847052732786,3.60844369223354
3,2020-03,2020-07,fourthquarter_440L,num,0.1177105687690529,2.7989910431726086,3.2184542031739327,3.563772454908416,3.9574029041320826,0.4194631600013241,0.11770200407256465,2.7989910431726086,3.563772454908416
3,2020-03,2020-07,pmtaverage_3A,num,0.07679083294998956,75.68370498430274,-1.0,998.6049380952009,0.0,76.68370498430274,-0.07679083294998906,75.68370498430274,998.6049380952009
3,2020-03,2020-07,pmtaverage_4527227A,num,0.14088918691636845,1716.0447317000949,1094.710791297229,4410.089617251385,3417.201066702284,621.3339404028659,-0.1408891869163684,1716.0447317000949,4410.089617251385
3,2020-03,2020-07,pmtcount_4527229L,num,0.182024237057816,0.30661855437350866,0.12939406734930856,3.026049363554492,3.307253632040358,0.1772244870242001,-0.05856629080763795,0.30661855437350866,3.026049363554492
3,2020-03,2020-07,pmtcount_693L,num,0.09228807689669057,-0.9375746888855153,-1.0,0.6764179427464412,0.0,0.06242531111448468,-0.0922880768966904,-0.9375746888855153,0.6764179427464412
3,2020-03,2020-07,pmtscount_423L,num,0.15770727887809613,-0.7674883903790984,-1.0,1.4743238947178081,0.0,0.23251160962090156,-0.15770727887809569,-0.7674883903790984,1.4743238947178081
3,2020-03,2020-07,pmtssum_45A,num,0.1062721129157914,444.6391750783525,-1.0,4193.378327120241,0.0,445.6391750783525,-0.10627211291579088,444.6391750783525,4193.378327120241
3,2020-03,2020-07,responsedate_1012D,num,0.20837240660868192,-0.3772221768087848,-1.0,2.9887730017956557,0.0,0.6227778231912152,-0.20837240660868192,-0.3772221768087848,2.9887730017956557
3,2020-03,2020-07,responsedate_4527233D,num,3.379033520467119,13.727554408541879,7.444403392096836,1.8594521120869072,7.402758553950215,6.283151016445043,-3.3790335204671194,13.727554408541879,1.8594521120869072
3,2020-03,2020-07,responsedate_4917613D,num,7.68833292725988,-0.9554027069003772,5.319179070340265,0.8161676792095904,7.3308795140184655,6.274581777240643,7.6878586803598985,-0.9554027069003772,0.8161676792095904
3,2020-03,2020-07,secondquarter_766L,num,0.1123737283038086,2.4254551399577267,2.7968876455892184,3.3064406940228053,3.612913678018047,0.37143250563149177,0.11233605559686773,2.4254551399577267,3.3064406940228053
3,2020-03,2020-07,thirdquarter_1082L,num,0.06602670776011876,2.835441165594261,3.071088004504029,3.5726388975367005,3.771603777529956,0.23564683890976834,0.06595876204344205,2.835441165594261,3.5726388975367005
3,2020-03,2020-07,applprev_1_max_actualdpd_943P,num,0.007856415367866744,-0.020381550726160866,-0.07303212639431367,19.563903338846995,11.975669297321856,0.0526505756681528,-0.002691210171929616,-0.020381550726160866,19.563903338846995
3,2020-03,2020-07,applprev_1_min_actualdpd_943P,num,0.005614734510463917,-0.1184200794864908,-0.10931946936908406,16.376725362494817,11.810222469904884,0.009100610117406746,0.0005557038978163804,-0.1184200794864908,16.376725362494817
3,2020-03,2020-07,applprev_1_mean_actualdpd_943P,num,0.006513633136620305,-0.09505426530148828,-0.10265377916040032,16.680566245999696,11.81721711750951,0.007599513858912041,-0.00045559088023972466,-0.09505426530148828,16.680566245999696
3,2020-03,2020-07,applprev_1_std_actualdpd_943P,num,0.018916903519840614,-0.2979144369389093,-0.25464583668379226,5.550587671207692,0.9406099779613166,0.04326860025511703,0.007795318769499353,-0.2979144369389093,5.550587671207692
3,2020-03,2020-07,applprev_1_max_annuity_853A,num,0.14042883400043,4625.258915190083,5252.925403683563,4472.416703721954,4538.841199068545,627.6664884934798,0.14034168327185045,4625.258915190083,4472.416703721954
3,2020-03,2020-07,applprev_1_min_annuity_853A,num,0.014514744073918107,1317.2560910603106,1307.7007153019047,1889.5626533098928,1837.5433136115387,9.555375758405944,-0.005056924543712835,1317.2560910603106,1889.5626533098928
3,2020-03,2020-07,applprev_1_mean_annuity_853A,num,0.10649613385804499,2705.619521375561,2951.4750446328103,2360.8493285897466,2272.3988250012026,245.8555232572494,0.10413859126033731,2705.619521375561,2360.8493285897466
3,2020-03,2020-07,applprev_1_std_annuity_853A,num,0.11312876921891205,1348.7609333763535,1542.94782184228,1724.9151303181584,1726.1019649464613,194.1868884659266,0.11257764805513014,1348.7609333763535,1724.9151303181584
3,2020-03,2020-07,applprev_1_max_byoccupationinc_3656910L,num,0.06649284856591847,9378.761120482448,11082.411567916986,25621.55907256108,27407.5567438544,1703.6504474345384,0.06649284856591847,9378.761120482448,25621.55907256108
3,2020-03,2020-07,applprev_1_min_byoccupationinc_3656910L,num,0.03805217786881414,3594.9342615556116,4123.323822097727,14284.743953339022,14812.170804865174,528.3895605421158,0.03698978170474004,3594.9342615556116,14284.743953339022
3,2020-03,2020-07,applprev_1_mean_byoccupationinc_3656910L,num,0.06207618991281969,6114.696553739864,7166.783790547721,17182.715215072207,18081.465942768937,1052.0872368078572,0.061229393820424555,6114.696553739864,17182.715215072207
3,2020-03,2020-07,applprev_1_std_byoccupationinc_3656910L,num,0.05354202616945648,2959.3996812223654,3534.682926917456,10744.803963831771,11568.69691496036,575.2832456950905,0.053540599496422564,2959.3996812223654,10744.803963831771
3,2020-03,2020-07,applprev_1_max_childnum_21L,num,0.06004716053439184,0.44684097641485565,0.5441078151940603,1.6199315758761275,1.6755135988187841,0.09726683877920461,0.06004379458224869,0.44684097641485565,1.6199315758761275
3,2020-03,2020-07,applprev_1_min_childnum_21L,num,0.03820262335744897,0.07272118614708505,0.10991766071994089,1.2292923685459167,1.2308763715098152,0.03719647457285584,0.03025844422743317,0.07272118614708505,1.2292923685459167
3,2020-03,2020-07,applprev_1_mean_childnum_21L,num,0.04323303058539336,0.22925005591456415,0.2864923258368577,1.325079362310908,1.3328284780736357,0.05724226992229353,0.04319912569045248,0.22925005591456415,1.325079362310908
3,2020-03,2020-07,applprev_1_std_childnum_21L,num,0.07923935131614393,-0.43864208888955875,-0.3712231739228165,0.85083601560011,0.8957351343486836,0.06741891496674224,0.07923843576272505,-0.43864208888955875,0.85083601560011
3,2020-03,2020-07,applprev_1_max_credacc_actualbalance_314A,num,0.01609610674024537,3737.8382120653664,3972.703972411206,14591.717907300399,16117.440196933403,234.8657603458396,0.016095826539268117,3737.8382120653664,14591.717907300399
3,2020-03,2020-07,applprev_1_min_credacc_actualbalance_314A,num,0.014429095990045581,3078.8305214722277,3047.93116617769,12543.947194300074,13150.149913709598,30.8993552945376,-0.00246328805565908,3078.8305214722277,12543.947194300074
3,2020-03,2020-07,applprev_1_mean_credacc_actualbalance_314A,num,0.00841366488918739,3399.182828236176,3492.04728567357,13147.690038313463,14001.59485576943,92.86445743739387,0.007063176661967168,3399.182828236176,13147.690038313463
3,2020-03,2020-07,applprev_1_max_credacc_credlmt_575A,num,0.037573829346081784,9551.53954414018,10513.266525710105,25595.660551703044,28215.642581199507,961.7269815699256,0.0375738293460817,9551.53954414018,25595.660551703044
3,2020-03,2020-07,applprev_1_min_credacc_credlmt_575A,num,0.029719646379891197,1200.142197136025,959.0940738340757,8568.917600047731,7945.970960620569,241.04812330194932,-0.02813052179432868,1200.142197136025,8568.917600047731
3,2020-03,2020-07,applprev_1_mean_credacc_credlmt_575A,num,0.013243051411833484,3640.462316343651,3529.546890460692,11618.957471474254,11481.94664629578,110.91542588295897,-0.009546073832808826,3640.462316343651,11618.957471474254
3,2020-03,2020-07,applprev_1_std_credacc_credlmt_575A,num,0.034145924827264036,3764.9435103949536,4146.360733651721,11183.343126436506,12048.330014333455,381.4172232567671,0.03410583212412825,3764.9435103949536,11183.343126436506
3,2020-03,2020-07,applprev_1_max_credacc_maxhisbal_375A,num,0.02346866880302457,-347.0330297515747,-301.0568010807696,11674.430856414887,14875.566747694325,45.976228670805085,0.00393819872131428,-347.0330297515747,11674.430856414887
3,2020-03,2020-07,applprev_1_min_credacc_maxhisbal_375A,num,0.02789461641583662,-684.4956799173156,-851.208936258413,9930.706854307396,11867.62396743561,166.71325634109746,-0.016787652559574488,-684.4956799173156,9930.706854307396
3,2020-03,2020-07,applprev_1_mean_credacc_maxhisbal_375A,num,0.02528966970835287,-513.3311816792715,-570.971525099666,10140.323741819977,12322.543129290254,57.640343420394515,-0.005684270530996802,-513.3311816792715,10140.323741819977
3,2020-03,2020-07,applprev_1_max_credacc_minhisbal_90A,num,0.01146888065337879,-1126.9310160898292,-1182.1626887214136,8088.5714028623925,8606.166807299187,55.23167263158439,-0.006828359407452216,-1126.9310160898292,8088.5714028623925
3,2020-03,2020-07,applprev_1_min_credacc_minhisbal_90A,num,0.020801246481871812,-1438.2085214737428,-1616.2007671610172,9140.293183305814,10197.870017978958,177.99224568727436,-0.019473362847087478,-1438.2085214737428,9140.293183305814
3,2020-03,2020-07,applprev_1_mean_credacc_minhisbal_90A,num,0.014920150113433972,-1272.5715587322704,-1381.6177501906839,8324.040823221834,8958.01109999931,109.04619145841343,-0.013100150969250884,-1272.5715587322704,8324.040823221834
3,2020-03,2020-07,applprev_1_max_credacc_transactions_402L,num,0.029021774055527375,-0.6688114784409437,-0.6176413666912981,1.8687169911780588,1.8572602740120894,0.051170111749645586,0.02738248327125629,-0.6688114784409437,1.8687169911780588
3,2020-03,2020-07,applprev_1_min_credacc_transactions_402L,num,0.031851982639115595,-0.7177762466961725,-0.6785953059572821,1.4319152907031083,1.3958788494074057,0.039180940738890335,0.02736261075866538,-0.7177762466961725,1.4319152907031083
3,2020-03,2020-07,applprev_1_mean_credacc_transactions_402L,num,0.03223770025512745,-0.6958082779432289,-0.6514749756671658,1.5369710009181545,1.5119344807553252,0.044333302276063025,0.028844592545714417,-0.6958082779432289,1.5369710009181545
3,2020-03,2020-07,applprev_1_max_credamount_590A,num,0.18316835869534087,59308.71728699725,70677.30380985531,62066.32304746004,69098.24643409147,11368.586522858059,0.1831683586953408,59308.71728699725,62066.32304746004
3,2020-03,2020-07,applprev_1_min_credamount_590A,num,0.015061221309794946,14069.358176083331,13829.04562289048,21015.61492713102,21061.79972730944,240.31255319285083,-0.011434952249843944,14069.358176083331,21015.61492713102
3,2020-03,2020-07,applprev_1_mean_credamount_590A,num,0.12756533229602723,31102.93447033106,34797.716814295556,28963.84368278373,29984.881175966908,3694.7823439644962,0.12756533229602726,31102.93447033106,28963.84368278373
3,2020-03,2020-07,applprev_1_std_credamount_590A,num,0.1620983581196605,18400.46173419782,22246.795175510062,23737.845827209454,25895.572805885997,3846.333441312243,0.1620338032907515,18400.46173419782,23737.845827209454
3,2020-03,2020-07,applprev_1_max_currdebt_94A,num,0.07278098960114432,13992.564075185895,16294.914511892284,31642.19599605095,34519.03934679479,2302.350436706389,0.07276203070715224,13992.564075185895,31642.19599605095
3,2020-03,2020-07,applprev_1_min_currdebt_94A,num,0.025273967366008433,1498.9619920347063,1267.5240196980901,9180.528680675947,8610.015313546659,231.4379723366162,-0.025209656261274905,1498.9619920347063,9180.528680675947
3,2020-03,2020-07,applprev_1_mean_currdebt_94A,num,0.02059228883725058,4705.086348085707,4850.454275684648,12255.291509150768,12010.617537640877,145.3679275989407,0.011861645844196977,4705.086348085707,12255.291509150768
3,2020-03,2020-07,applprev_1_std_currdebt_94A,num,0.06436538291038969,5872.058800913304,6805.35764228492,14544.858572215971,15420.599178916547,933.2988413716157,0.06416692446597118,5872.058800913304,14544.858572215971
3,2020-03,2020-07,applprev_1_max_downpmt_134A,num,0.008599527494163081,1430.0935958817506,1473.6769988870394,5075.046117574707,5209.17998120342,43.5834030052888,0.008587784622165502,1430.0935958817506,5075.046117574707
3,2020-03,2020-07,applprev_1_min_downpmt_134A,num,0.018227874545488607,139.97294977435445,108.88556609155472,1715.7228735767214,1516.1398922994488,31.087383682799725,-0.018119117114754488,139.97294977435445,1715.7228735767214
3,2020-03,2020-07,applprev_1_mean_downpmt_134A,num,0.019862809653817894,456.94948434197283,415.10519622593375,2195.610274028251,2005.4029229491202,41.84428811603908,-0.019058158276545153,456.94948434197283,2195.610274028251
3,2020-03,2020-07,applprev_1_std_downpmt_134A,num,0.006810867793373313,564.5384361751813,570.1771180236998,2180.7233595922194,2188.2871903101254,5.638681848518445,0.0025856933313966246,564.5384361751813,2180.7233595922194
3,2020-03,2020-07,applprev_1_mean_isbidproduct_390L,num,0.1335464291976577,-0.16462095334519317,-0.1086052141904649,0.4194652489467974,0.37706142052853536,0.05601573915472827,0.1335408339436314,-0.16462095334519317,0.4194652489467974
3,2020-03,2020-07,applprev_1_std_isbidproduct_390L,num,0.16287656903213887,-0.280416282030543,-0.19241246496213474,0.540451005224308,0.5146580694018792,0.08800381706840824,0.16283403346041195,-0.280416282030543,0.540451005224308
3,2020-03,2020-07,applprev_1_mean_isdebitcard_527L,num,0.146384005652902,-0.6945991059439636,-0.6119421096456042,0.5646586587769105,0.6499445552857278,0.08265699629835932,0.146384005652902,-0.6945991059439636,0.5646586587769105
3,2020-03,2020-07,applprev_1_std_isdebitcard_527L,num,0.09047581651151765,-0.925269354360332,-0.8982103246574272,0.29907472235367966,0.35165871514324476,0.027059029702904747,0.09047581651151812,-0.925269354360332,0.29907472235367966
3,2020-03,2020-07,applprev_1_max_mainoccupationinc_437A,num,0.13039319753715023,53599.752797843554,59487.0467788699,45150.315294239335,45550.75340973441,5887.293981026349,0.13039319753714987,53599.752797843554,45150.315294239335
3,2020-03,2020-07,applprev_1_min_mainoccupationinc_437A,num,0.04100072811262133,20368.60950976907,20350.77052371035,22728.308551933416,21719.812958074985,17.838986058719456,-0.0007848796146865913,20368.60950976907,22728.308551933416
3,2020-03,2020-07,applprev_1_mean_mainoccupationinc_437A,num,0.08650451384470413,34300.300366151925,36610.261019400816,27453.394475215864,26374.337549757784,2309.9606532488906,0.08414116714544195,34300.300366151925,27453.394475215864
3,2020-03,2020-07,applprev_1_std_mainoccupationinc_437A,num,0.1157819030656288,13840.178901617077,15757.841260678797,16570.868831455035,16818.185480230288,1917.66235906172,0.11572491331423666,13840.178901617077,16570.868831455035
3,2020-03,2020-07,applprev_1_max_maxdpdtolerance_577P,num,0.043448487205814755,31.588270098365506,41.24995601534185,222.37105451356933,254.92139775005177,9.661685916976346,0.04344848720581473,31.588270098365506,222.37105451356933
3,2020-03,2020-07,applprev_1_min_maxdpdtolerance_577P,num,0.011562539522530682,10.838601940840563,12.560989126992505,148.9627069205439,160.8313055365322,1.7223871861519413,0.011562539522530666,10.838601940840563,148.9627069205439
3,2020-03,2020-07,applprev_1_mean_maxdpdtolerance_577P,num,0.027028611270841166,18.684320327681373,23.127207780038578,164.37720043538644,179.7177624076147,4.442887452357205,0.027028611270841173,18.684320327681373,164.37720043538644
3,2020-03,2020-07,applprev_1_std_maxdpdtolerance_577P,num,0.04301652296390523,11.478548903014364,15.910513876397097,103.02936332398508,121.0710955911123,4.431964973382733,0.04301652296390517,11.478548903014364,103.02936332398508
3,2020-03,2020-07,applprev_1_max_outstandingdebt_522A,num,0.07013701983867607,18639.82985761789,22027.51320186229,48312.178333286945,53201.40903583687,3387.6833442444004,0.07012069132702088,18639.82985761789,48312.178333286945
3,2020-03,2020-07,applprev_1_min_outstandingdebt_522A,num,0.02249798307118885,1769.6451179817216,1505.1147242057023,11871.008223583283,11188.882378158327,264.5303937760193,-0.02228373435463516,1769.6451179817216,11871.008223583283
3,2020-03,2020-07,applprev_1_mean_outstandingdebt_522A,num,0.019674140931043343,5972.70037632524,6258.235242546283,16879.0295832954,16756.28937250722,285.53486622104356,0.01691654516108128,5972.70037632524,16879.0295832954
3,2020-03,2020-07,applprev_1_std_outstandingdebt_522A,num,0.06220688671512828,7829.130687431097,9180.824033889903,21865.786472377647,23381.255502352615,1351.6933464588064,0.06181773283875966,7829.130687431097,21865.786472377647
3,2020-03,2020-07,applprev_1_max_pmtnum_8L,num,0.19189641940559726,18.280187933779423,21.17710862451177,15.096313338551818,15.562223858739637,2.8969206907323475,0.19189590370613277,18.280187933779423,15.096313338551818
3,2020-03,2020-07,applprev_1_min_pmtnum_8L,num,0.061935750628571304,6.876718087653124,7.270567226151519,7.042808030747145,6.900982129081802,0.3938491384983944,0.05592217433429212,6.876718087653124,7.042808030747145
3,2020-03,2020-07,applprev_1_mean_pmtnum_8L,num,0.15565536406470037,11.763675553451979,13.194621981956248,9.193042829603193,9.155878059705703,1.430946428504269,0.15565536406470046,11.763675553451979,9.193042829603193
3,2020-03,2020-07,applprev_1_std_pmtnum_8L,num,0.16547862224146412,4.439258243916386,5.378913830103877,5.678410742484661,5.8274638152162925,0.9396555861874907,0.16547862224146406,4.439258243916386,5.678410742484661
3,2020-03,2020-07,applprev_1_max_revolvingaccount_394A,num,0.10916313754491092,139174818.83773,171253171.75811076,293857007.4278359,319733251.15571415,32078352.92038077,0.10916313754491097,139174818.83773,293857007.4278359
3,2020-03,2020-07,applprev_1_min_revolvingaccount_394A,num,0.10833676125936323,137993577.8488589,169578161.73298675,291540780.03599226,316823862.5009797,31584583.884127855,0.10833676125936334,137993577.8488589,291540780.03599226
3,2020-03,2020-07,applprev_1_mean_revolvingaccount_394A,num,0.10879792289987454,138602532.89027205,170445325.54480278,292678314.12402326,318260309.59379977,31842792.654530734,0.1087979228998745,138602532.89027205,292678314.12402326
3,2020-03,2020-07,applprev_1_n_unique_cancelreason_3545846M,num,0.1845132139169604,1.251398409491668,1.5094303107076252,1.3984889260711302,1.4049863030384382,0.2580319012159573,0.1845076470793829,1.251398409491668,1.3984889260711302
3,2020-03,2020-07,applprev_1_n_unique_district_544M,num,0.18147585852665934,0.9431644342718345,1.1436099088637883,1.1045296945792251,1.077540909089838,0.20044547459195383,0.18147585852665946,0.9431644342718345,1.1045296945792251
3,2020-03,2020-07,applprev_1_n_unique_education_1138M,num,0.1617699903337949,1.2792420367537436,1.4818255392519089,1.2522934697600958,1.1665527467369756,0.20258350249816526,0.16176999033379497,1.2792420367537436,1.2522934697600958
3,2020-03,2020-07,applprev_1_n_unique_postype_4733339M,num,0.47395536801554067,1.1275365026722564,1.7739100601710123,1.3637857087791483,1.5222127624224906,0.6463735574987559,0.47395536801554045,1.1275365026722564,1.3637857087791483
3,2020-03,2020-07,applprev_1_n_unique_profession_152M,num,0.12345130371384283,0.6535408857177334,0.7576181427917942,0.8432802124779205,0.7588728970632941,0.10407725707406079,0.12341954137431611,0.6535408857177334,0.8432802124779205
3,2020-03,2020-07,applprev_1_n_unique_rejectreason_755M,num,0.17610584399478546,1.2479106574957473,1.4972465603997325,1.4158298058034242,1.408398431226035,0.24933590290398522,0.17610584399478546,1.2479106574957473,1.4158298058034242
3,2020-03,2020-07,applprev_1_n_unique_rejectreasonclient_4145042M,num,0.17954775120326702,1.0294045519834643,1.2379306098033007,1.1613960989339416,1.1363455812823942,0.20852605781983646,0.17954775120326721,1.0294045519834643,1.1613960989339416
3,2020-03,2020-07,applprev_1_max_approvaldate_319D,num,0.03719809997945925,-428.8702058007232,-447.56682149266334,806.3295589275101,794.2916185841113,18.69661569194011,-0.02318731278660833,-428.8702058007232,806.3295589275101
3,2020-03,2020-07,applprev_1_min_approvaldate_319D,num,0.12705592855296832,-1281.7743743650228,-1467.8576744431543,1464.5778610838704,1511.3865911425587,186.08330007813151,-0.1270559285529684,-1281.7743743650228,1464.5778610838704
3,2020-03,2020-07,applprev_1_mean_approvaldate_319D,num,0.09087955590727545,-814.9229740381312,-901.7562348510652,972.6467433810147,969.0929867081195,86.83326081293399,-0.0892752290632189,-814.9229740381312,972.6467433810147
3,2020-03,2020-07,applprev_1_std_approvaldate_319D,num,0.15531507317081697,-9024.46810162688,-10382.099940471233,8741.146697019012,8650.32186604289,1357.6318388443524,-0.15531507317081691,-9024.46810162688,8741.146697019012
3,2020-03,2020-07,applprev_1_min_creationdate_885D,num,0.13406139523345842,-1545.9025103250694,-1747.6183715120167,1504.652855773083,1530.000968628665,201.71586118694722,-0.13406139523345845,-1545.9025103250694,1504.652855773083
3,2020-03,2020-07,applprev_1_mean_creationdate_885D,num,0.0879749753437309,-892.0459772014306,-966.1775297518413,909.4478223093336,883.9279011987347,74.13155255041079,-0.08151270554716461,-892.0459772014306,909.4478223093336
3,2020-03,2020-07,applprev_1_std_creationdate_885D,num,0.16388901882344248,-11490.744004833246,-12854.471419576665,8321.042035235807,7817.55637253317,1363.7274147434182,-0.1638890188234426,-11490.744004833246,8321.042035235807
3,2020-03,2020-07,applprev_1_max_dateactivated_425D,num,0.03499900323819727,-440.2227100922931,-456.38169886343644,821.0739811608357,808.5379992353621,16.158988771143356,-0.019680307916100023,-440.2227100922931,821.0739811608357
3,2020-03,2020-07,applprev_1_min_dateactivated_425D,num,0.1270676987729889,-1265.8833938629577,-1451.6534448784264,1461.977236362929,1510.2290170585022,185.77005101546865,-0.12706767683854148,-1265.8833938629577,1461.977236362929
3,2020-03,2020-07,applprev_1_mean_dateactivated_425D,num,0.08914203598626262,-815.6775634968046,-901.6298151259529,983.919056307443,979.8775286400327,85.95225162914824,-0.08735703519323944,-815.6775634968046,983.919056307443
3,2020-03,2020-07,applprev_1_std_dateactivated_425D,num,0.15776401998372352,-8771.893191210207,-10151.496214613311,8744.725340704663,8687.67986698797,1379.603023403104,-0.15776401998372355,-8771.893191210207,8744.725340704663
3,2020-03,2020-07,applprev_1_max_dtlastpmt_581D,num,0.09473292338216498,-175.01491247533076,-202.4999120306837,291.73257355263195,309.83522984944153,27.484999555352942,-0.09421299521218644,-175.01491247533076,291.73257355263195
3,2020-03,2020-07,applprev_1_min_dtlastpmt_581D,num,0.21451455877157322,-371.7089478744565,-472.81105070551394,471.37810462998635,526.7846248024287,101.10210283105744,-0.2144819664681258,-371.7089478744565,471.37810462998635
3,2020-03,2020-07,applprev_1_mean_dtlastpmt_581D,num,0.18153442441622317,-269.6146420565573,-332.19161158619124,344.81134202868765,372.23268781428976,62.57696952963397,-0.18148176089992912,-269.6146420565573,344.81134202868765
3,2020-03,2020-07,applprev_1_std_dtlastpmt_581D,num,0.16812583427256658,-5576.2579491812685,-6970.947132545637,8295.507881931399,8770.573004519876,1394.6891833643685,-0.16812583427256664,-5576.2579491812685,8295.507881931399
3,2020-03,2020-07,applprev_1_max_dtlastpmtallstes_3545839D,num,0.0451739721866177,-102.60427638877536,-113.17798831767479,247.90869662215283,262.88668873435256,10.573711928899428,-0.042651637772172346,-102.60427638877536,247.90869662215283
3,2020-03,2020-07,applprev_1_min_dtlastpmtallstes_3545839D,num,0.21608189404569014,-377.1576884300834,-479.2709454942116,472.56739170629686,527.1731354940003,102.11325706412822,-0.2160818940456902,-377.1576884300834,472.56739170629686
3,2020-03,2020-07,applprev_1_mean_dtlastpmtallstes_3545839D,num,0.16928566644643417,-227.39988529280353,-278.60825191360755,302.64357164417,325.84906980981594,51.208366620804014,-0.16920354971560975,-227.39988529280353,302.64357164417
3,2020-03,2020-07,applprev_1_std_dtlastpmtallstes_3545839D,num,0.17013750827390814,-7512.882395800034,-9017.443460342127,8843.206179556044,9003.730686103936,1504.561064542093,-0.17013750827390825,-7512.882395800034,8843.206179556044
3,2020-03,2020-07,applprev_1_max_employedfrom_700D,num,0.058150450963410656,-2160.040031296346,-2311.528897920405,2605.1198919161434,2781.1387622511006,151.48886662405903,-0.0581504394842398,-2160.040031296346,2605.1198919161434
3,2020-03,2020-07,applprev_1_min_employedfrom_700D,num,0.06163071144897696,-2570.0046360632,-2748.9127784228863,2902.9056805193827,3088.264503122308,178.90814235968628,-0.061630711448977,-2570.0046360632,2902.9056805193827
3,2020-03,2020-07,applprev_1_mean_employedfrom_700D,num,0.06122288491231038,-2368.7967441233895,-2534.361932132291,2704.3077463351933,2883.6059840913517,165.56518800890126,-0.06122276143803191,-2368.7967441233895,2704.3077463351933
3,2020-03,2020-07,applprev_1_std_employedfrom_700D,num,0.04654607392016358,-6629.404694705075,-7028.599942404152,8576.346275386873,8715.172871710236,399.1952476990773,-0.04654607392016361,-6629.404694705075,8576.346275386873
3,2020-03,2020-07,applprev_1_max_firstnonzeroinstldate_307D,num,0.03858614281251414,-388.51355980365827,-377.457651571132,744.9169110826838,703.1134437548657,11.055908232526292,0.014841800565995092,-388.51355980365827,744.9169110826838
3,2020-03,2020-07,applprev_1_min_firstnonzeroinstldate_307D,num,0.13313241154514982,-1505.9645658410504,-1706.636422815722,1507.3103134364596,1534.2806728197083,200.67185697467153,-0.13313241154514982,-1505.9645658410504,1507.3103134364596
3,2020-03,2020-07,applprev_1_mean_firstnonzeroinstldate_307D,num,0.08739902347378237,-896.813366433647,-973.2691726289933,944.5804327012125,919.6382708656432,76.45580619534621,-0.08094155198272092,-896.813366433647,944.5804327012125
3,2020-03,2020-07,applprev_1_std_firstnonzeroinstldate_307D,num,0.16789406201884988,-10897.676782114519,-12321.839701658937,8482.509163334946,8058.134663294227,1424.1629195444184,-0.1678940620188497,-10897.676782114519,8482.509163334946
3,2020-03,2020-07,tax_a_1_max_amount_4527230A,num,0.2620332143435204,2877.6622348149745,1643.523073632846,4709.857734158068,3804.26607457277,1234.1391611821284,-0.26203321434352045,2877.6622348149745,4709.857734158068
3,2020-03,2020-07,tax_a_1_min_amount_4527230A,num,0.22075035387510944,973.6074654209011,569.8699058546609,1828.932785288565,1456.0621950918348,403.7375595662402,-0.2207503538751094,973.6074654209011,1828.932785288565
3,2020-03,2020-07,tax_a_1_mean_amount_4527230A,num,0.26901671378148967,1731.2421611434534,1000.925813538768,2714.7619838888118,2201.373795491144,730.3163476046853,-0.2690167137814896,1731.2421611434534,2714.7619838888118
3,2020-03,2020-07,tax_a_1_std_amount_4527230A,num,0.21865130952713602,691.4131065003404,393.2829232676862,1363.7455457755393,1069.4557419196146,298.1301832326542,-0.21861129750793248,691.4131065003404,1363.7455457755393
3,2020-03,2020-07,tax_a_1_n_unique_name_4527232M,num,0.5615053690914028,0.6328712840454809,-0.06444632112319224,1.2418716606344016,1.2290178053740386,0.6973176051686731,-0.5615053690914029,0.6328712840454809,1.2418716606344016
3,2020-03,2020-07,tax_a_1_max_recorddate_4527225D,num,0.6259707442612095,9.254084289934955,4.906347865864387,6.94559045119897,7.29900150370026,4.347736424070568,-0.6259707442612094,9.254084289934955,6.94559045119897
3,2020-03,2020-07,tax_a_1_std_recorddate_4527225D,num,0.5864098039699074,-12073.358623427885,-7035.393477954889,8637.522497310725,8910.561074683015,5037.965145472996,0.5832650678526806,-12073.358623427885,8637.522497310725
3,2020-03,2020-07,tax_b_1_max_amount_4917619A,num,3.4039457845195544,91.8716389671276,10431.248542305133,3037.4681495690584,27615.998531772282,10339.376903338005,3.4039457845195535,91.8716389671276,3037.4681495690584
3,2020-03,2020-07,tax_b_1_min_amount_4917619A,num,2.9964640557089837,31.472048238150954,3346.908876629812,1106.4497243258968,10135.315686818987,3315.436828391661,2.9964640557089814,31.472048238150954,1106.4497243258968
3,2020-03,2020-07,tax_b_1_mean_amount_4917619A,num,3.4736775156055844,55.533467943770205,6219.113563888375,1774.3673867981602,15832.431952295792,6163.580095944605,3.473677515605584,55.533467943770205,1774.3673867981602
3,2020-03,2020-07,tax_b_1_std_amount_4917619A,num,3.0636331133601797,21.150247091814048,2554.8998889024715,827.0408198557604,7689.538354260592,2533.7496418106575,3.063633113360178,21.150247091814048,827.0408198557604
3,2020-03,2020-07,tax_b_1_n_unique_name_4917606M,num,5.589472532726272,-0.9940638149623003,-0.30981033815405185,0.12241825553340778,1.1409632811047856,0.6842534768082484,5.589472532726269,-0.9940638149623003,0.12241825553340778
3,2020-03,2020-07,tax_b_1_max_deductiondate_4917603D,num,1.5126380770550454,-1.027613965021273,-1.390399028818748,1.6110709600479305,6.974180818197105,0.362785063797475,-0.22518254800315057,-1.027613965021273,1.6110709600479305
3,2020-03,2020-07,tax_b_1_min_deductiondate_4917603D,num,5.623162203726808,-1.3611613902739987,-42.49279531299483,7.317587411397653,66.85773460106016,41.13163392272083,-5.6209282664195355,-1.3611613902739987,7.317587411397653
3,2020-03,2020-07,tax_b_1_mean_deductiondate_4917603D,num,5.227666490638708,-1.1956536253668757,-22.19733885258322,4.020988954731178,34.56958095140986,21.001685227216342,-5.223014900974879,-1.1956536253668757,4.020988954731178
3,2020-03,2020-07,tax_b_1_std_deductiondate_4917603D,num,5.717090768874685,-46.42314544091258,-5250.975363814976,910.349761579611,8299.140702580293,5204.552218374063,-5.717090768874684,-46.42314544091258,910.349761579611
3,2020-03,2020-07,tax_c_1_max_pmtamount_36A,num,0.10602804262792084,112.05374733524748,-1.0,1066.2627030848953,0.0,113.05374733524748,-0.10602804262792093,112.05374733524748,1066.2627030848953
3,2020-03,2020-07,tax_c_1_min_pmtamount_36A,num,0.09257672434669695,35.67002330164364,-1.0,396.1041348181172,0.0,36.67002330164364,-0.09257672434669674,35.67002330164364,396.1041348181172
3,2020-03,2020-07,tax_c_1_mean_pmtamount_36A,num,0.10752687557822262,65.50988659382737,-1.0,618.5419806552787,0.0,66.50988659382737,-0.10752687557822235,65.50988659382737,618.5419806552787
3,2020-03,2020-07,tax_c_1_std_pmtamount_36A,num,0.09204329413215256,26.545105261966672,-1.0,299.2624886112658,0.0,27.545105261966672,-0.0920432941321525,26.545105261966672,299.2624886112658
3,2020-03,2020-07,tax_c_1_n_unique_employername_160M,num,0.16337749582027833,-0.9329113776231126,-1.0,0.4106356388929346,0.0,0.0670886223768874,-0.1633774958202775,-0.9329113776231126,0.4106356388929346
3,2020-03,2020-07,tax_c_1_max_processingdate_168D,num,0.1701921061388667,-0.5787877726265964,-1.0,2.474922233054214,0.0,0.4212122273734036,-0.17019210613886662,-0.5787877726265964,2.474922233054214
3,2020-03,2020-07,tax_c_1_min_processingdate_168D,num,0.1701921061388667,-0.5787877726265964,-1.0,2.474922233054214,0.0,0.4212122273734036,-0.17019210613886662,-0.5787877726265964,2.474922233054214
3,2020-03,2020-07,tax_c_1_mean_processingdate_168D,num,0.1701921061388667,-0.5787877726265964,-1.0,2.474922233054214,0.0,0.4212122273734036,-0.17019210613886662,-0.5787877726265964,2.474922233054214
3,2020-03,2020-07,tax_c_1_std_processingdate_168D,num,0.1665776284220734,-491.6409950992413,-1.0,2945.4195004869325,0.0,490.6409950992413,0.1665776284220734,-491.6409950992413,2945.4195004869325
3,2020-03,2020-07,credit_a_1_max_annualeffectiverate_199L,num,0.06448143019944405,289.28476295043777,563.2426037760208,4248.631582429502,5800.199007969967,273.95784082558305,0.06448143019944443,289.28476295043777,4248.631582429502
3,2020-03,2020-07,credit_a_1_min_annualeffectiverate_199L,num,0.025763922744152262,46.26470157406161,86.69449085279965,1569.2404328418713,2192.4559534192667,40.429789278738035,0.025763922744152266,46.26470157406161,1569.2404328418713
3,2020-03,2020-07,credit_a_1_mean_annualeffectiverate_199L,num,0.04954888107303501,122.80956539506982,229.1286718159557,2145.7418233960243,2920.8295373416895,106.31910642088587,0.04954888107303453,122.80956539506982,2145.7418233960243
3,2020-03,2020-07,credit_a_1_std_annualeffectiverate_199L,num,0.05375335422275403,108.63485878480283,206.0959262498902,1819.1778959862838,2400.6664136201075,97.46106746508737,0.05357423684628048,108.63485878480283,1819.1778959862838
3,2020-03,2020-07,credit_a_1_max_annualeffectiverate_63L,num,0.02053393811260547,43.09639252835756,72.43623748413457,1435.7657053883815,1772.970683461651,29.339844955777004,0.020434981031839338,43.09639252835756,1435.7657053883815
3,2020-03,2020-07,credit_a_1_min_annualeffectiverate_63L,num,0.016720014070053763,22.293844206696562,38.591786614564995,974.7565007769526,1238.0947331011496,16.297942407868433,0.016720014070055213,22.293844206696562,974.7565007769526
3,2020-03,2020-07,credit_a_1_mean_annualeffectiverate_63L,num,0.02095886094578421,31.754931444969383,54.701974919878396,1094.8611918494546,1389.2903664543628,22.947043474909012,0.020958860945784873,31.754931444969383,1094.8611918494546
3,2020-03,2020-07,credit_a_1_max_contractsum_5085717L,num,123705.0546955631,-1.0,123704.05469556297,0.0,451191.9590072127,123705.05469556297,123705.05469556297,-1.0,1.0
3,2020-03,2020-07,credit_a_1_min_contractsum_5085717L,num,33381.645003000536,-1.0,33380.64500300052,0.0,177545.47697901234,33381.64500300052,33381.64500300052,-1.0,1.0
3,2020-03,2020-07,credit_a_1_mean_contractsum_5085717L,num,72110.29097626147,-1.0,72109.2909762614,0.0,257614.60735320864,72110.2909762614,72110.2909762614,-1.0,1.0
3,2020-03,2020-07,credit_a_1_std_contractsum_5085717L,num,53105.36107132753,-1.0,53104.361071327454,0.0,237600.09510581402,53105.361071327454,53105.361071327454,-1.0,1.0
3,2020-03,2020-07,credit_a_1_max_credlmt_230A,num,0.004438324071254286,23932.358362408457,23861.004410554913,775026.2787706524,491279.6401063707,71.35395185354355,-9.206649349584026e-05,23932.358362408457,775026.2787706524
3,2020-03,2020-07,credit_a_1_min_credlmt_230A,num,0.0026467897266574166,9963.37078023435,10220.170726213466,308798.9603385837,279287.7773099138,256.79994597911536,0.0008316088425218342,9963.37078023435,308798.9603385837
3,2020-03,2020-07,credit_a_1_mean_credlmt_230A,num,0.0041916896128831775,15792.008874638073,15744.745594876971,435319.93276670296,311512.6905474387,47.26327976110224,-0.00010857136603122563,15792.008874638073,435319.93276670296
3,2020-03,2020-07,credit_a_1_std_credlmt_230A,num,0.004303378109572958,8059.212049260092,7617.403515683219,371550.253029624,211419.15020106194,441.80853357687283,-0.0011890949608413994,8059.212049260092,371550.253029624
3,2020-03,2020-07,credit_a_1_max_credlmt_935A,num,0.0027637252007616914,110363.42022962566,113082.64718930837,7210918.215366775,5325647.649152462,2719.22695968271,0.0003770985717031045,110363.42022962566,7210918.215366775
3,2020-03,2020-07,credit_a_1_min_credlmt_935A,num,0.020014072525787383,35043.61191097309,42813.00815487749,442378.2414792589,1857146.444550715,7769.396243904397,0.01756279019945575,35043.61191097309,442378.2414792589
3,2020-03,2020-07,credit_a_1_mean_credlmt_935A,num,0.003946725286076905,64998.009761676054,70645.49485080299,2516756.979803626,2479142.1089442926,5647.485089126938,0.002243953283708621,64998.009761676054,2516756.979803626
3,2020-03,2020-07,credit_a_1_std_credlmt_935A,num,0.0026281131567016977,41853.59453366062,37978.0982076523,3830088.8955748645,1998379.0421226053,3875.496326008317,-0.0010118554507927778,41853.59453366062,3830088.8955748645
3,2020-03,2020-07,credit_a_1_max_debtoutstand_525A,num,0.013698056784508472,205937.8759575469,209871.0465684281,1213318.2470363001,836094.9525608813,3933.170610881207,0.0032416644359289305,205937.8759575469,1213318.2470363001
3,2020-03,2020-07,credit_a_1_max_debtoverdue_47A,num,0.006304180244312802,1768.4017215733693,1319.389383824874,72233.48845944322,55915.48422304479,449.0123377484954,-0.0062161242288692915,1768.4017215733693,72233.48845944322
3,2020-03,2020-07,credit_a_1_max_dpdmax_139P,num,0.022213049469552028,22.738449740948777,19.12013089834266,180.2526943983643,159.3673568991566,3.6183188426061186,-0.02007359088130753,22.738449740948777,180.2526943983643
3,2020-03,2020-07,credit_a_1_min_dpdmax_139P,num,0.021539903700557993,10.168786176668652,7.500809317709983,124.14577407567226,104.79186579143116,2.667976858958669,-0.021490678026079412,10.168786176668652,124.14577407567226
3,2020-03,2020-07,credit_a_1_mean_dpdmax_139P,num,0.02376000339192318,15.49008391897846,12.399060893174825,136.91586643371966,117.38594770019823,3.0910230258036346,-0.022576076143081523,15.49008391897846,136.91586643371966
3,2020-03,2020-07,credit_a_1_std_dpdmax_139P,num,0.011413530737927748,7.267771547198861,6.676310763942653,81.2792665644369,74.52011179387988,0.591460783256208,-0.00727689616622349,7.267771547198861,81.2792665644369
3,2020-03,2020-07,credit_a_1_max_dpdmax_757P,num,0.055818294971604336,186.2984908465973,223.3038020338506,669.6979004335362,682.7319472880108,37.005311187253284,0.05525672271526832,186.2984908465973,669.6979004335362
3,2020-03,2020-07,credit_a_1_min_dpdmax_757P,num,0.005818811584667513,19.96720501052943,20.67030859636159,236.2062028091423,304.59400017456215,0.7031035858321601,0.0029766516605843627,19.96720501052943,236.2062028091423
3,2020-03,2020-07,credit_a_1_mean_dpdmax_757P,num,0.027641635277996797,61.80400491493997,69.65469616025666,284.027768920346,346.8135645077804,7.850691245316689,0.027640576395607193,61.80400491493997,284.027768920346
3,2020-03,2020-07,credit_a_1_std_dpdmax_757P,num,0.050156133698541175,71.65534816649874,85.04953244306411,271.5084114619025,276.29860145347845,13.394184276565369,0.0493324836768264,71.65534816649874,271.5084114619025
3,2020-03,2020-07,credit_a_1_max_dpdmaxdatemonth_442T,num,0.17161037633302043,8.178720041728461,8.969984869277596,4.6108215858325305,4.084776678105316,0.791264827549135,0.1716103763330205,8.178720041728461,4.6108215858325305
3,2020-03,2020-07,credit_a_1_min_dpdmaxdatemonth_442T,num,0.06700379068792431,2.522637301040487,2.5644991027129738,2.927765150437695,2.744488144999044,0.04186180167248699,0.014298210246210741,2.522637301040487,2.927765150437695
3,2020-03,2020-07,credit_a_1_mean_dpdmaxdatemonth_442T,num,0.1319970060559508,5.3909647119498665,5.806789792288935,3.2841708878676203,2.888939900062072,0.4158250803390686,0.12661493403866683,5.3909647119498665,3.2841708878676203
3,2020-03,2020-07,credit_a_1_std_dpdmaxdatemonth_442T,num,0.15362126937241163,2.0791574588684325,2.401981520488758,2.1287481428628756,1.9735842745023218,0.3228240616203255,0.15164972084775197,2.0791574588684325,2.1287481428628756
3,2020-03,2020-07,credit_a_1_max_dpdmaxdatemonth_89T,num,0.07813503062547612,6.953795071214757,6.854270030613322,4.608240956739976,4.35584222166065,0.09952504060143497,-0.021597186765130078,6.953795071214757,4.608240956739976
3,2020-03,2020-07,credit_a_1_min_dpdmaxdatemonth_89T,num,0.10510449853205399,3.8567958614085693,3.8326295788029134,3.8005628986415396,3.4611769726216237,0.024166282605655898,-0.006358606146024793,3.8567958614085693,3.8005628986415396
3,2020-03,2020-07,credit_a_1_mean_dpdmaxdatemonth_89T,num,0.08832093083283282,5.417900589561235,5.327205957358071,3.833231772384871,3.5434426705010993,0.09069463220316365,-0.023660096124773947,5.417900589561235,3.833231772384871
3,2020-03,2020-07,credit_a_1_std_dpdmaxdatemonth_89T,num,0.06371240661762659,1.348204484558711,1.30694374386678,2.522466062842062,2.357180300571834,0.041260740691930975,-0.01635730260150359,1.348204484558711,2.522466062842062
3,2020-03,2020-07,credit_a_1_max_dpdmaxdateyear_596T,num,0.0016517935705697307,1733.6137703922552,1734.7757134311553,703.4432507804999,702.7262625724122,1.1619430389000627,0.0016517935705699614,1733.6137703922552,703.4432507804999
3,2020-03,2020-07,credit_a_1_min_dpdmaxdateyear_596T,num,0.00148971656300417,1733.1466841054266,1734.194333016644,703.2538519303661,702.4908723758601,1.0476489112172658,0.0014897165630043368,1733.1466841054266,703.2538519303661
3,2020-03,2020-07,credit_a_1_mean_dpdmaxdateyear_596T,num,0.0015616465312520951,1733.3901972181538,1734.4885852467003,703.3525234842344,702.6099272831447,1.0983880285464238,0.001561646531251898,1733.3901972181538,703.3525234842344
3,2020-03,2020-07,credit_a_1_std_dpdmaxdateyear_596T,num,0.10885881397000043,-0.16093653731539373,-0.07364384079198456,0.8019745244167336,0.8399098389737397,0.08729269652340917,0.1088472187902678,-0.16093653731539373,0.8019745244167336
3,2020-03,2020-07,credit_a_1_max_dpdmaxdateyear_896T,num,0.1517500260909661,1706.3948283177435,1817.0464741898027,729.1705228816849,604.8740528777826,110.65164587205913,0.1517500260909662,1706.3948283177435,729.1705228816849
3,2020-03,2020-07,credit_a_1_min_dpdmaxdateyear_896T,num,0.15118328501414674,1701.4606129257022,1811.3817868327528,727.0722679214485,603.0020310115223,109.92117390705062,0.15118328501414702,1701.4606129257022,727.0722679214485
3,2020-03,2020-07,credit_a_1_mean_dpdmaxdateyear_896T,num,0.1515691392695739,1704.1774771235257,1814.553944560895,728.2252044795131,604.0471664135072,110.37646743736923,0.15156913926957388,1704.1774771235257,728.2252044795131
3,2020-03,2020-07,credit_a_1_std_dpdmaxdateyear_896T,num,0.14359802761775642,1.7081422150838976,2.015042776947461,2.137219897480081,2.077859555353835,0.3069005618635632,0.14359802761775642,1.7081422150838976,2.137219897480081
3,2020-03,2020-07,credit_a_1_max_instlamount_768A,num,0.022665302467730297,3065.7293537066744,2936.919545412571,5683.380428104853,5563.159347465695,128.80980829410328,-0.022664294590790827,3065.7293537066744,5683.380428104853
3,2020-03,2020-07,credit_a_1_min_instlamount_768A,num,0.030580999483660595,1919.0299582585365,1785.8767788230793,4354.11470140471,4195.653267393801,133.1531794354571,-0.030580999483660748,1919.0299582585365,4354.11470140471
3,2020-03,2020-07,credit_a_1_mean_instlamount_768A,num,0.028421981445416845,2469.4365976950485,2336.3172737532827,4683.674999838262,4534.253836810082,133.11932394176574,-0.028421981445416827,2469.4365976950485,4683.674999838262
3,2020-03,2020-07,credit_a_1_std_instlamount_768A,num,0.0089808950375114,765.1860566500835,764.5864834158857,2476.281012778442,2474.4647976214032,0.5995732341978055,-0.00024212649174459852,765.1860566500835,2476.281012778442
3,2020-03,2020-07,credit_a_1_max_instlamount_852A,num,0.017499890916588948,318.31183805843375,366.7941668564881,3488.0326117635586,1511.0220756921021,48.48232879805437,0.013899620271480654,318.31183805843375,3488.0326117635586
3,2020-03,2020-07,credit_a_1_min_instlamount_852A,num,0.028880149981662433,168.07511392631446,194.76741721883812,959.9739784232569,985.2396592898951,26.69230329252366,0.0278052362798056,168.07511392631446,959.9739784232569
3,2020-03,2020-07,credit_a_1_mean_instlamount_852A,num,0.030104760378518763,229.2477023688108,265.2238171810236,1323.691689191891,1085.2799005039335,35.97611481221281,0.027178621053499323,229.2477023688108,1323.691689191891
3,2020-03,2020-07,credit_a_1_std_instlamount_852A,num,0.011220738005017565,90.6280627247931,103.67362820813797,1721.6351440265908,686.5816944831234,13.045565483344873,0.007577427498856508,90.6280627247931,1721.6351440265908
3,2020-03,2020-07,credit_a_1_max_monthlyinstlamount_332A,num,0.005350970759597439,7694.008395503875,7702.1368031835,77112.9122426659,37456.981430083826,8.128407679624615,0.00010540916486262905,7694.008395503875,77112.9122426659
3,2020-03,2020-07,credit_a_1_min_monthlyinstlamount_332A,num,0.008724234554642251,2511.9724947004497,2448.0491892722016,10007.049129483748,7052.542908618264,63.92330542824811,-0.006387827680380924,2511.9724947004497,10007.049129483748
3,2020-03,2020-07,credit_a_1_mean_monthlyinstlamount_332A,num,0.006128865177517861,4807.3188274141785,4749.766278759279,41925.33619633281,15646.999482432755,57.55254865489951,-0.0013727391090052512,4807.3188274141785,41925.33619633281
3,2020-03,2020-07,credit_a_1_std_monthlyinstlamount_332A,num,0.005579383174763106,2909.938086769361,2943.207133334658,44277.74800056076,20717.230556962466,33.26904656529723,0.0007513716949849367,2909.938086769361,44277.74800056076
3,2020-03,2020-07,credit_a_1_max_monthlyinstlamount_674A,num,0.0319145456395046,23040.837053931165,26413.960676043454,156146.03909752672,114043.32540567266,3373.123622112289,0.021602364309769532,23040.837053931165,156146.03909752672
3,2020-03,2020-07,credit_a_1_min_monthlyinstlamount_674A,num,0.005259409417226595,1175.715593870475,1267.1774394562026,32603.22112728536,22412.443581385287,91.46184558572759,0.00280530090044336,1175.715593870475,32603.22112728536
3,2020-03,2020-07,credit_a_1_mean_monthlyinstlamount_674A,num,0.021359172265334514,5794.436477686735,6533.105057985192,45893.216541271184,34423.88717662962,738.6685802984566,0.016095376091893262,5794.436477686735,45893.216541271184
3,2020-03,2020-07,credit_a_1_std_monthlyinstlamount_674A,num,0.029937231703356562,8150.735683919661,9203.70114689384,53507.49102672314,42190.694687100426,1052.965462974179,0.019678842023228085,8150.735683919661,53507.49102672314
3,2020-03,2020-07,credit_a_1_max_nominalrate_281L,num,0.04331261887538283,23.676644223620702,42.97203041729085,445.4910992379706,796.4517189507002,19.29538619367015,0.04331261887538413,23.676644223620702,445.4910992379706
3,2020-03,2020-07,credit_a_1_min_nominalrate_281L,num,0.02859975497225691,15.383770016849036,23.10760278235863,270.0663964779265,466.3584246678635,7.723832765509593,0.028599754972258792,15.383770016849036,270.0663964779265
3,2020-03,2020-07,credit_a_1_mean_nominalrate_281L,num,0.040798581448511846,19.45219087831555,32.865081137621644,328.75874069868735,576.4421568170185,13.412890259306092,0.0407985814485134,19.45219087831555,328.75874069868735
3,2020-03,2020-07,credit_a_1_std_nominalrate_281L,num,0.03216870730906001,4.412903783298416,11.58553496941856,222.96920784565066,404.1324931654974,7.172631186120144,0.03216870730906199,4.412903783298416,222.96920784565066
3,2020-03,2020-07,credit_a_1_max_nominalrate_498L,num,0.12059901469828596,68.18839558449227,168.5496591928645,832.1897476480825,1896.8415050043131,100.36126360837224,0.12059901469828387,68.18839558449227,832.1897476480825
3,2020-03,2020-07,credit_a_1_min_nominalrate_498L,num,0.03701201079966272,17.130460290508626,23.541093822036224,173.20414084570479,373.2422605612255,6.410633531527598,0.03701201079966312,17.130460290508626,173.20414084570479
3,2020-03,2020-07,credit_a_1_mean_nominalrate_498L,num,0.092357910036343,34.59673738852104,61.41253407463251,290.3465082260937,582.7936817735555,26.81579668611147,0.09235791003634157,34.59673738852104,290.3465082260937
3,2020-03,2020-07,credit_a_1_std_nominalrate_498L,num,0.09901923303606296,22.420097931059875,58.311636457762866,362.470374958688,757.7036233378724,35.89153852670299,0.0990192330360617,22.420097931059875,362.470374958688
3,2020-03,2020-07,credit_a_1_max_numberofcontrsvalue_258L,num,0.043830275491687914,1.6943312352325233,1.75320208311341,1.537358091945993,1.5475817793645896,0.05887084788088681,0.03829351677355007,1.6943312352325233,1.537358091945993
3,2020-03,2020-07,credit_a_1_min_numberofcontrsvalue_258L,num,0.04323714909073574,1.6572816554365724,1.7155424188043211,1.5231878769782907,1.5365509910231259,0.05826076336774877,0.03824922995272705,1.6572816554365724,1.5231878769782907
3,2020-03,2020-07,credit_a_1_mean_numberofcontrsvalue_258L,num,0.04352476812636369,1.6757341082168702,1.7343209355266278,1.5221029245208868,1.5343696766873713,0.058586827309757616,0.03849071331900832,1.6757341082168702,1.5221029245208868
3,2020-03,2020-07,credit_a_1_max_numberofcontrsvalue_358L,num,0.1756026274928896,5.43761945355957,6.565704282346317,6.424077161558555,7.120391428182204,1.128084828786747,0.1756026274928897,5.43761945355957,6.424077161558555
3,2020-03,2020-07,credit_a_1_min_numberofcontrsvalue_358L,num,0.1673565899702617,5.1846328712840455,6.234165523065554,6.271235880033188,6.947278593920762,1.049532651781509,0.1673565899702619,5.1846328712840455,6.271235880033188
3,2020-03,2020-07,credit_a_1_mean_numberofcontrsvalue_358L,num,0.1735635441405447,5.309882482990803,6.398242226413639,6.270670196395191,6.933327429977649,1.0883597434228358,0.17356354414054487,5.309882482990803,6.270670196395191
3,2020-03,2020-07,credit_a_1_max_numberofinstls_229L,num,0.06206775572603247,22.38599216034317,24.080676659981,33.678184342814646,32.63932465396695,1.6946844996378267,0.050319948438651306,22.38599216034317,33.678184342814646
3,2020-03,2020-07,credit_a_1_min_numberofinstls_229L,num,0.0265775475535424,3.2643373465836767,3.204308737112495,8.788446230134113,8.059940918444935,0.06002860947118149,-0.00683040072150108,3.2643373465836767,8.788446230134113
3,2020-03,2020-07,credit_a_1_mean_numberofinstls_229L,num,0.0693436573646637,9.782964505041623,10.2227632030049,13.088777044080008,11.968442425203468,0.439798697963278,0.033601206322190116,9.782964505041623,13.088777044080008
3,2020-03,2020-07,credit_a_1_std_numberofinstls_229L,num,0.0636328948493146,7.396951208238152,7.923034002633397,13.344970391017625,12.585940243123826,0.5260827943952453,0.03942180304493944,7.396951208238152,13.344970391017625
3,2020-03,2020-07,credit_a_1_max_numberofinstls_320L,num,0.05453631848070904,22.79101514603015,24.173053239030228,36.98473009742285,35.83490521193374,1.3820380930000766,0.037367802586624234,22.79101514603015,36.98473009742285
3,2020-03,2020-07,credit_a_1_min_numberofinstls_320L,num,0.04861542674682858,15.091716978267725,15.928199444033922,26.999785904676955,25.929870673495824,0.8364824657661973,0.03098107772852007,15.091716978267725,26.999785904676955
3,2020-03,2020-07,credit_a_1_mean_numberofinstls_320L,num,0.055593482364942264,18.713132694196602,19.818743786487598,29.550483969136128,28.420607675359975,1.1056110922909959,0.037414314210411796,18.713132694196602,29.550483969136128
3,2020-03,2020-07,credit_a_1_std_numberofinstls_320L,num,0.03002505920070334,4.069156478022062,4.461328931464409,15.695607477910832,15.645292210396944,0.3921724534423463,0.02498612774269929,4.069156478022062,15.695607477910832
3,2020-03,2020-07,credit_a_1_max_numberofoutstandinstls_520L,num,0.011356201961790525,0.19314205193480707,0.24760723459657272,8.658524207213361,7.959308348537483,0.05446518266176564,0.006290354032433269,0.19314205193480707,8.658524207213361
3,2020-03,2020-07,credit_a_1_min_numberofoutstandinstls_520L,num,0.15085406211762442,-0.1811529044488301,-0.12095780991590134,0.4043442067738431,0.3260782392866013,0.06019509453292875,0.14887092117186418,-0.1811529044488301,0.4043442067738431
3,2020-03,2020-07,credit_a_1_mean_numberofoutstandinstls_520L,num,0.05207500807075405,-0.13661108342369813,-0.08254026671429919,1.3181136342902364,1.01460014218002,0.054070816709398936,0.04102136212141862,-0.13661108342369813,1.3181136342902364
3,2020-03,2020-07,credit_a_1_std_numberofoutstandinstls_520L,num,0.031618065703210865,-0.1898849418273702,-0.12242197415598856,2.964635863021201,2.5098308849758006,0.06746296767138164,0.022755903520181895,-0.1898849418273702,2.964635863021201
3,2020-03,2020-07,credit_a_1_max_numberofoutstandinstls_59L,num,0.034925533532200126,16.193457350943365,16.659461979661494,30.63432632675671,29.417468848576544,0.4660046287181281,0.0152118451617821,16.193457350943365,30.63432632675671
3,2020-03,2020-07,credit_a_1_min_numberofoutstandinstls_59L,num,0.022992301857324607,9.882183270468161,9.952540553854815,22.21113926780834,21.13223947101721,0.07035728338665415,0.0031676575675983584,9.882183270468161,22.21113926780834
3,2020-03,2020-07,credit_a_1_mean_numberofoutstandinstls_59L,num,0.03219500874994837,12.836932824264712,13.108074627910272,24.277810560665166,23.158720922362292,0.27114180364555907,0.011168297197477197,12.836932824264712,24.277810560665166
3,2020-03,2020-07,credit_a_1_std_numberofoutstandinstls_59L,num,0.028671895322771635,3.1970551392367894,3.4933270118353805,13.35790303046593,13.193583630721625,0.2962718725985911,0.022179519638888784,3.1970551392367894,13.35790303046593
3,2020-03,2020-07,credit_a_1_max_numberofoverdueinstlmax_1039L,num,0.020750848839093103,28.9630282718111,25.120764277420037,205.19487652521644,183.27416957546453,3.8422639943910646,-0.01872495093179818,28.9630282718111,205.19487652521644
3,2020-03,2020-07,credit_a_1_min_numberofoverdueinstlmax_1039L,num,0.022320657660842493,12.371332702735316,9.264699672754144,139.48198786738934,117.62018937292676,3.1066330299811717,-0.022272646651227558,12.371332702735316,139.48198786738934
3,2020-03,2020-07,credit_a_1_mean_numberofoverdueinstlmax_1039L,num,0.0236350356914093,19.317258456668704,15.833879566230884,154.38926639343308,132.4691375970737,3.4833788904378196,-0.022562312599899655,19.317258456668704,154.38926639343308
3,2020-03,2020-07,credit_a_1_std_numberofoverdueinstlmax_1039L,num,0.009958652523059086,9.675678458616805,9.194229079808341,93.07176246468782,86.78576175167602,0.4814493788084633,-0.00517288344024998,9.675678458616805,93.07176246468782
3,2020-03,2020-07,credit_a_1_max_numberofoverdueinstlmax_1151L,num,0.0550751575473204,218.14877442107598,261.50378268060103,793.5044408038771,865.9583832020384,43.35500825952505,0.054637385791569494,218.14877442107598,793.5044408038771
3,2020-03,2020-07,credit_a_1_min_numberofoverdueinstlmax_1151L,num,0.005284063581847866,21.068528877107347,21.900251592244626,255.7389150178416,332.9137174976158,0.8317227151372784,0.0032522336895002986,21.068528877107347,255.7389150178416
3,2020-03,2020-07,credit_a_1_mean_numberofoverdueinstlmax_1151L,num,0.027246728340941544,68.96806831227586,77.7921921002169,323.8645958928621,404.89013890102524,8.824123787941033,0.027246336585861793,68.96806831227586,323.8645958928621
3,2020-03,2020-07,credit_a_1_std_numberofoverdueinstlmax_1151L,num,0.04576844689553496,83.28693116770327,98.55790918256501,334.7229152110022,370.80139540994344,15.27097801486174,0.04562274442798528,83.28693116770327,334.7229152110022
3,2020-03,2020-07,credit_a_1_max_numberofoverdueinstls_725L,num,0.029211027700182437,15.797823269066832,10.693849185404131,174.93686838847754,141.55638550076785,5.103974083662701,-0.029176091527650105,15.797823269066832,174.93686838847754
3,2020-03,2020-07,credit_a_1_min_numberofoverdueinstls_725L,num,0.026288143704048268,7.318062740610123,4.219685773602167,118.16518816333007,88.59490288673045,3.0983769670079555,-0.026220725538263625,7.318062740610123,118.16518816333007
3,2020-03,2020-07,credit_a_1_mean_numberofoverdueinstls_725L,num,0.03043790338010306,10.904985319172585,6.926781873225761,130.9607260530998,100.60720258793972,3.978203445946824,-0.030377072316579917,10.904985319172585,130.9607260530998
3,2020-03,2020-07,credit_a_1_std_numberofoverdueinstls_725L,num,0.01618563579856527,4.7949206310008625,3.553881815041478,79.8233433987481,68.15443768394549,1.2410388159593846,-0.015547316901522423,4.7949206310008625,79.8233433987481
3,2020-03,2020-07,credit_a_1_max_numberofoverdueinstls_834L,num,0.008491015555538276,0.11608063869458425,0.20620007741299834,10.921860303471208,11.69882590040804,0.09011943871841409,0.00825129018449102,0.11608063869458425,10.921860303471208
3,2020-03,2020-07,credit_a_1_min_numberofoverdueinstls_834L,num,0.03380447553116979,-0.14691376766744907,-0.09353777402442028,1.6808656941770617,1.7725152100002524,0.05337599364302879,0.03175506158995127,-0.14691376766744907,1.6808656941770617
3,2020-03,2020-07,credit_a_1_mean_numberofoverdueinstls_834L,num,0.020387948491070368,-0.09565350394691574,-0.04312445651900742,2.9797467414328103,2.9261990828645787,0.05252904742790832,0.017628695317458337,-0.09565350394691574,2.9797467414328103
3,2020-03,2020-07,credit_a_1_std_numberofoverdueinstls_834L,num,0.017238112850111804,-0.1588373248938849,-0.08331330195937092,4.791489087225779,4.74015885323165,0.07552402293451399,0.01576211936616172,-0.1588373248938849,4.791489087225779
3,2020-03,2020-07,credit_a_1_max_outstandingamount_354A,num,0.003327392065788291,26.9967759069378,44.309925084387345,5204.097203695275,7667.221893270683,17.313149177449546,0.003326830476024927,26.9967759069378,5204.097203695275
3,2020-03,2020-07,credit_a_1_min_outstandingamount_354A,num,0.007603909419940291,-0.15197178667263814,-0.12095780991590134,11.862508396988503,0.3260782392866013,0.031013976756736797,0.0026144535134415767,-0.15197178667263814,11.862508396988503
3,2020-03,2020-07,credit_a_1_mean_outstandingamount_354A,num,0.002668947599592291,2.5778407158815257,3.8819667116781114,534.1074606203294,768.2563926061362,1.3041259957965856,0.002441692153638768,2.5778407158815257,534.1074606203294
3,2020-03,2020-07,credit_a_1_std_outstandingamount_354A,num,0.003212989402836191,6.859935287460772,10.416055645581025,1174.5896555303277,1696.5622255329788,3.5561203581202534,0.0030275427178989276,6.859935287460772,1174.5896555303277
3,2020-03,2020-07,credit_a_1_max_outstandingamount_362A,num,0.01681781851263236,142815.50457061053,141405.77767021162,593415.5971819264,614391.0398674544,1409.7269003989059,-0.002375614842436841,142815.50457061053,593415.5971819264
3,2020-03,2020-07,credit_a_1_min_outstandingamount_362A,num,0.01527089529280366,74348.75648839428,73162.74037294525,347436.9473066374,403954.79873850703,1186.0161154490343,-0.003413615404588194,74348.75648839428,347436.9473066374
3,2020-03,2020-07,credit_a_1_mean_outstandingamount_362A,num,0.018324823783260464,104580.5883682482,103648.83288909376,397308.2112639258,438368.6038093928,931.755479154439,-0.002345170456433099,104580.5883682482,397308.2112639258
3,2020-03,2020-07,credit_a_1_std_outstandingamount_362A,num,0.015116625057787363,42189.99024670819,42406.85687448493,244487.43422172347,238664.08873987093,216.86662777674064,0.0008870256603047592,42189.99024670819,244487.43422172347
3,2020-03,2020-07,credit_a_1_max_overdueamount_31A,num,0.002397573787074066,99.31731441853549,110.69664308192282,5056.34655957675,5335.7185039891,11.379328663387327,0.0022505041000077043,99.31731441853549,5056.34655957675
3,2020-03,2020-07,credit_a_1_min_overdueamount_31A,num,0.0018839156557474625,1.321254656499247,0.7393777050564763,377.9448054747173,282.56790682734083,0.5818769514427706,-0.0015395818199218387,1.321254656499247,377.9448054747173
3,2020-03,2020-07,credit_a_1_mean_overdueamount_31A,num,0.0023139932998139765,22.01001280170276,21.547178609113068,1327.096437546883,1355.631558968508,0.4628341925896926,-0.00034875701531173907,22.01001280170276,1327.096437546883
3,2020-03,2020-07,credit_a_1_std_overdueamount_31A,num,0.001852786830061237,42.69069086267742,44.833325134191604,2369.3464841941295,2436.1659856106075,2.142634271514183,0.0009043144537144145,42.69069086267742,2369.3464841941295
3,2020-03,2020-07,credit_a_1_max_overdueamount_659A,num,0.007008168838281644,1565.8934540093892,1187.1996900549418,60236.0420448581,55005.52461425688,378.6937639544474,-0.006286830128587003,1565.8934540093892,60236.0420448581
3,2020-03,2020-07,credit_a_1_min_overdueamount_659A,num,0.006559003428883264,446.52088278723915,430.0440262758663,32391.874993671467,48962.44623002835,16.47685651137283,-0.0005086725147769921,446.52088278723915,32391.874993671467
3,2020-03,2020-07,credit_a_1_mean_overdueamount_659A,num,0.008415216474154105,859.5748336268247,704.7350068757593,36426.78221646361,49554.09431498321,154.8398267510654,-0.00425071382454098,859.5748336268247,36426.78221646361
3,2020-03,2020-07,credit_a_1_std_overdueamount_659A,num,0.008088338293215912,633.2658141989097,425.7191939603976,25666.267141450273,13243.930618683218,207.54662023851205,-0.008086357828923642,633.2658141989097,25666.267141450273
3,2020-03,2020-07,credit_a_1_max_overdueamountmax2_14A,num,0.005504660971928902,5665.404410565446,5071.810150268551,130368.74164532058,115978.40241625723,593.5942602968944,-0.004553194675390968,5665.404410565446,130368.74164532058
3,2020-03,2020-07,credit_a_1_min_overdueamountmax2_14A,num,0.008052301959845099,1566.3806033777676,1607.4261743190234,65329.22795007864,98215.87217163052,41.045570941255846,0.0006282880148625182,1566.3806033777676,65329.22795007864
3,2020-03,2020-07,credit_a_1_mean_overdueamountmax2_14A,num,0.007546598698786282,3130.9416565496235,2901.7092319230937,74776.90582229864,99317.29727253216,229.2324246265298,-0.0030655510829945597,3130.9416565496235,74776.90582229864
3,2020-03,2020-07,credit_a_1_std_overdueamountmax2_14A,num,0.009176436225097066,2334.629344659123,1955.0521390366746,54960.09442816842,27834.77558296615,379.57720562244845,-0.006906414728208794,2334.629344659123,54960.09442816842
3,2020-03,2020-07,credit_a_1_max_overdueamountmax2_398A,num,0.006729869069373184,25150.04988482072,26486.548738876063,692189.2246571449,461873.88195775973,1336.4988540553422,0.0019308287480455028,25150.04988482072,692189.2246571449
3,2020-03,2020-07,credit_a_1_min_overdueamountmax2_398A,num,0.006122628007239051,1222.6399682735778,1197.4612190289786,21105.788669355057,14565.229461704084,25.178749244599203,-0.001192978364327032,1222.6399682735778,21105.788669355057
3,2020-03,2020-07,credit_a_1_mean_overdueamountmax2_398A,num,0.004589301329161311,6143.751510101753,6490.717105656788,164099.23453293217,171038.53243443518,346.96559555503427,0.0021143644974492776,6143.751510101753,164099.23453293217
3,2020-03,2020-07,credit_a_1_std_overdueamountmax2_398A,num,0.005536670581712271,9083.103312192394,9806.809012752987,254575.9171027258,258161.4203980868,723.705700560593,0.0028427893290022604,9083.103312192394,254575.9171027258
3,2020-03,2020-07,credit_a_1_max_overdueamountmax_155A,num,0.005413196598415155,4268.737954735441,3837.5850873889135,101763.01401376647,78497.01320110854,431.1528673465277,-0.004236832718891379,4268.737954735441,101763.01401376647
3,2020-03,2020-07,credit_a_1_min_overdueamountmax_155A,num,0.009282542378682765,1135.2983454434845,1044.5799072283212,33451.1994990989,50002.97069182187,90.71843821516336,-0.00271196368362238,1135.2983454434845,33451.1994990989
3,2020-03,2020-07,credit_a_1_mean_overdueamountmax_155A,num,0.009127134318908905,2308.776618332129,2077.9450379152418,42062.94010889378,51960.05434449639,230.8315804168874,-0.0054877661860845625,2308.776618332129,42062.94010889378
3,2020-03,2020-07,credit_a_1_std_overdueamountmax_155A,num,0.007513062241610837,1762.7744187018839,1563.9566353562795,42290.350347607266,27039.696032534328,198.8177833456043,-0.004701256473673389,1762.7744187018839,42290.350347607266
3,2020-03,2020-07,credit_a_1_max_overdueamountmax_35A,num,0.00608086367668327,20199.282563742858,21843.604907961813,635729.3671853738,420386.8094831725,1644.3223442189555,0.0025865131124884525,20199.282563742858,635729.3671853738
3,2020-03,2020-07,credit_a_1_min_overdueamountmax_35A,num,0.005856030732807994,1137.5966794681265,1098.5995991850305,19881.64026964661,13057.414110229976,38.99708028309601,-0.0019614619193484267,1137.5966794681265,19881.64026964661
3,2020-03,2020-07,credit_a_1_mean_overdueamountmax_35A,num,0.004451637948620234,5404.718435694726,5705.266328490624,160999.04155985793,168510.74163509774,300.5478927958975,0.0018667682110651363,5404.718435694726,160999.04155985793
3,2020-03,2020-07,credit_a_1_std_overdueamountmax_35A,num,0.005048584903091711,7526.768479658052,8257.56406684466,240582.96816051754,248852.20929510042,730.7955871866079,0.003037603171887959,7526.768479658052,240582.96816051754
3,2020-03,2020-07,credit_a_1_max_overdueamountmaxdatemonth_284T,num,0.17036943583464062,8.212768442072566,9.001152398043562,4.627496429208094,4.096717311308133,0.7883839559709962,0.17036943583464045,8.212768442072566,4.627496429208094
3,2020-03,2020-07,credit_a_1_min_overdueamountmaxdatemonth_284T,num,0.06651437004903454,2.523462528075236,2.5658362363207714,2.9426343437338898,2.7557097294941295,0.042373708245535546,0.014399923094681149,2.523462528075236,2.9426343437338898
3,2020-03,2020-07,credit_a_1_mean_overdueamountmaxdatemonth_284T,num,0.1324847829354705,5.411212234240572,5.826752549873591,3.30166879242644,2.9034380014928867,0.4155403156330193,0.12585766221803044,5.411212234240572,3.30166879242644
3,2020-03,2020-07,credit_a_1_std_overdueamountmaxdatemonth_284T,num,0.15224067937823188,2.0979101840222625,2.41941642694456,2.1407574377847114,1.9835173769093666,0.3215062429222977,0.15018340576454905,2.0979101840222625,2.1407574377847114
3,2020-03,2020-07,credit_a_1_max_overdueamountmaxdatemonth_365T,num,0.07538365056376284,6.970568199954068,6.895008620992997,4.6069208898318506,4.358160163614179,0.07555957896107035,-0.016401318965090415,6.970568199954068,4.6069208898318506
3,2020-03,2020-07,credit_a_1_min_overdueamountmaxdatemonth_365T,num,0.1015563017923027,3.852280468199565,3.8446022027516804,3.7912231746787675,3.468192671913041,0.007678265447884414,-0.0020252739272029266,3.852280468199565,3.7912231746787675
3,2020-03,2020-07,credit_a_1_mean_overdueamountmaxdatemonth_365T,num,0.08551443446366565,5.42441655003132,5.354159763580918,3.8266884531616445,3.546191716596604,0.07025678645040223,-0.018359682872107198,5.42441655003132,3.8266884531616445
3,2020-03,2020-07,credit_a_1_std_overdueamountmaxdatemonth_365T,num,0.06276937340808343,1.3569869602399007,1.319802208995338,2.5217128808604925,2.3601113501660578,0.037184751244562664,-0.014745830711652624,1.3569869602399007,2.5217128808604925
3,2020-03,2020-07,credit_a_1_max_overdueamountmaxdateyear_2T,num,0.0016624973102051072,1734.2517798823662,1735.4201238607973,702.7644323147466,702.0412951270963,1.1683439784310394,0.0016624973102050418,1734.2517798823662,702.7644323147466
3,2020-03,2020-07,credit_a_1_min_overdueamountmaxdateyear_2T,num,0.0014981316202728678,1733.7836075656191,1734.8361571483867,702.574839569647,701.8051658104122,1.0525495827675968,0.0014981316202731117,1733.7836075656191,702.574839569647
3,2020-03,2020-07,credit_a_1_mean_overdueamountmaxdateyear_2T,num,0.001570564026915754,1734.0276507801264,1735.1312446552627,702.6735976523901,701.9244029472585,1.103593875136312,0.0015705640269157452,1734.0276507801264,702.6735976523901
3,2020-03,2020-07,credit_a_1_std_overdueamountmaxdateyear_2T,num,0.10977712995285305,-0.15950234139954783,-0.07155442294823326,0.8013043994973967,0.8395678615452953,0.08794791845131457,0.10975594107118126,-0.15950234139954783,0.8013043994973967
3,2020-03,2020-07,credit_a_1_max_overdueamountmaxdateyear_994T,num,0.15179830451426646,1706.4609165469699,1817.1223301312502,729.0029617813033,604.632453060742,110.66141358428035,0.15179830451426635,1706.4609165469699,729.0029617813033
3,2020-03,2020-07,credit_a_1_min_overdueamountmaxdateyear_994T,num,0.15123137188990268,1701.5466194885928,1811.4787202223865,726.9133339200605,602.7676298058417,109.93210073379373,0.15123137188990277,1701.5466194885928,726.9133339200605
3,2020-03,2020-07,credit_a_1_mean_overdueamountmaxdateyear_994T,num,0.15161652414727464,1704.2493312492786,1814.635295906444,728.0602512028353,603.8076184710746,110.38596465716546,0.15161652414727456,1704.2493312492786,728.0602512028353
3,2020-03,2020-07,credit_a_1_std_overdueamountmaxdateyear_994T,num,0.14553862907746706,1.6971585776605054,2.003882608952527,2.1075094168212836,2.0441413327899016,0.30672403129202164,0.14553862907746704,1.6971585776605054,2.1075094168212836
3,2020-03,2020-07,credit_a_1_max_periodicityofpmts_1102L,num,0.11559310171986056,24.511605728321246,26.39368028431683,16.281893365546896,15.399936553404075,1.8820745559955832,0.11559310171986044,24.511605728321246,16.281893365546896
3,2020-03,2020-07,credit_a_1_min_periodicityofpmts_1102L,num,0.14363128579791073,23.929038260172284,25.76379358879623,12.817774957350826,11.235535533062261,1.8347553286239453,0.14314148397274967,23.929038260172284,12.817774957350826
3,2020-03,2020-07,credit_a_1_mean_periodicityofpmts_1102L,num,0.1413194068542516,24.110520156040625,25.953674998572065,13.083657409738786,11.51155005311802,1.8431548425314404,0.1408745876485189,24.110520156040625,13.083657409738786
3,2020-03,2020-07,credit_a_1_std_periodicityofpmts_1102L,num,0.018473127187792128,-0.07080237242039919,0.013990031284015625,4.679925097097407,4.756720788287249,0.08479240370441482,0.018118324961441144,-0.07080237242039919,4.679925097097407
3,2020-03,2020-07,credit_a_1_max_periodicityofpmts_837L,num,0.08427731317903413,17.696168533158946,19.07816953446638,17.157399596074278,16.717417203195946,1.382001001307433,0.08054839508567742,17.696168533158946,17.157399596074278
3,2020-03,2020-07,credit_a_1_min_periodicityofpmts_837L,num,0.08897056076143754,17.547343508538376,18.903893521939548,16.40076187119055,15.800269583769767,1.356550013401172,0.08271262177058233,17.547343508538376,16.40076187119055
3,2020-03,2020-07,credit_a_1_mean_periodicityofpmts_837L,num,0.08759913148914672,17.615420639908653,18.981187028675823,16.594658179256463,16.01810897125056,1.3657663887671703,0.08230156801146986,17.615420639908653,16.594658179256463
3,2020-03,2020-07,credit_a_1_std_periodicityofpmts_837L,num,0.015507256787021372,-0.6565041194827553,-0.6078493269698164,3.1375499342773727,3.415324210541459,0.048654792512938916,0.015507256787020628,-0.6565041194827553,3.1375499342773727
3,2020-03,2020-07,credit_a_1_max_prolongationcount_1120L,num,0.04038648077665508,-0.7893101958357175,-0.7162989549245223,1.9730434199330216,1.4878687731757785,0.07301124091119515,0.03700437617012688,-0.7893101958357175,1.9730434199330216
3,2020-03,2020-07,credit_a_1_min_prolongationcount_1120L,num,0.022989189126805715,-0.8960252862019704,-0.8683187304268272,1.5977654261021554,0.5209454254333619,0.02770655577514325,0.01734081569328675,-0.8960252862019704,1.5977654261021554
3,2020-03,2020-07,credit_a_1_mean_prolongationcount_1120L,num,0.02955433650260697,-0.8667404023468378,-0.8270128878150906,1.6488475761068044,0.7055311348551271,0.039727514531747166,0.024094109793671922,-0.8667404023468378,1.6488475761068044
3,2020-03,2020-07,credit_a_1_max_residualamount_488A,num,0.009480258526678787,0.06485615151771708,2.834485731376896,292.14705190410183,833.8591611025092,2.7696295798591786,0.009480258526683055,0.06485615151771708,292.14705190410183
3,2020-03,2020-07,credit_a_1_min_residualamount_488A,num,4.332196678066199,-0.5875499710002764,1.5450835873447342,0.4922753320834294,711.5713716745057,2.1326335583450104,4.332196678064661,-0.5875499710002764,0.4922753320834294
3,2020-03,2020-07,credit_a_1_mean_residualamount_488A,num,0.023643248344808566,-0.35643880079087503,1.9748843134764593,98.6041799446424,726.1759564538647,2.3313231142673345,0.023643248344808184,-0.35643880079087503,98.6041799446424
3,2020-03,2020-07,credit_a_1_std_residualamount_488A,num,0.002198487272072478,-0.4291339705122441,-0.05644475581917027,169.52075157594547,250.99491013348035,0.3726892146930738,0.0021984872720795406,-0.4291339705122441,169.52075157594547
3,2020-03,2020-07,credit_a_1_max_residualamount_856A,num,0.055973735585921114,35117.2574632256,40289.77044010197,97369.59050610331,104028.54166169632,5172.512976876373,0.053122468216112606,35117.2574632256,97369.59050610331
3,2020-03,2020-07,credit_a_1_min_residualamount_856A,num,0.03649157994992452,19320.040550904985,21312.138969218264,65073.652247613405,63048.29741946199,1992.0984183132787,0.03061298005424829,19320.040550904985,65073.652247613405
3,2020-03,2020-07,credit_a_1_mean_residualamount_856A,num,0.050603744684338675,26734.203626662576,30174.087769734004,73102.6853568937,73747.03282208483,3439.8841430714274,0.04705551001687028,26734.203626662576,73102.6853568937
3,2020-03,2020-07,credit_a_1_std_residualamount_856A,num,0.04153771256648541,10557.176443392424,12614.51065151279,50107.12265759634,56672.410223840794,2057.3342081203664,0.0410587177830789,10557.176443392424,50107.12265759634
3,2020-03,2020-07,credit_a_1_max_totalamount_6A,num,0.01087978714687771,169364.168654385,176401.633537289,1427328.146200143,1632423.7570999686,7037.464882903994,0.00493051643494823,169364.168654385,1427328.146200143
3,2020-03,2020-07,credit_a_1_min_totalamount_6A,num,0.01068237935186479,21918.19782712983,21604.26833728182,168162.3924299951,200532.08499574903,313.9294898480075,-0.001866823403923052,21918.19782712983,168162.3924299951
3,2020-03,2020-07,credit_a_1_mean_totalamount_6A,num,0.013768567773552716,65577.05750313126,66843.58055893176,477036.0192146605,615632.2618541357,1266.5230558004987,0.0026549841202464387,65577.05750313126,477036.0192146605
3,2020-03,2020-07,credit_a_1_std_totalamount_6A,num,0.011830118251337979,58140.63081057321,59649.5001498517,492634.9986654348,586527.262526469,1508.8693392784917,0.00306285453401823,58140.63081057321,492634.9986654348
3,2020-03,2020-07,credit_a_1_max_totalamount_996A,num,0.019023794868500036,181396.33898567173,179477.4810733404,766085.2752145648,737480.2615802275,1918.8579123313248,-0.0025047575960703487,181396.33898567173,766085.2752145648
3,2020-03,2020-07,credit_a_1_min_totalamount_996A,num,0.018543587721364746,98678.46429102162,97431.05371568711,461104.39796965127,467352.9607036621,1247.4105753345066,-0.0027052671386938454,98678.46429102162,461104.39796965127
3,2020-03,2020-07,credit_a_1_mean_totalamount_996A,num,0.021644271184173274,135372.1879337452,134292.6461501657,518329.2816390713,509925.22141599224,1079.5417835795088,-0.0020827335476123593,135372.1879337452,518329.2816390713
3,2020-03,2020-07,credit_a_1_std_totalamount_996A,num,0.016218475964907664,50718.55999453261,50884.664784403234,292476.9358212409,287552.5665886552,166.1047898706238,0.000567924405403869,50718.55999453261,292476.9358212409
3,2020-03,2020-07,credit_a_1_max_totaldebtoverduevalue_178A,num,0.006303759193092769,1764.9303132444063,1316.1112634392093,72204.03405402452,55901.723692087086,448.819049805197,-0.006215983022075767,1764.9303132444063,72204.03405402452
3,2020-03,2020-07,credit_a_1_min_totaldebtoverduevalue_178A,num,0.008593946532862039,1189.7288318418323,1056.5879351546885,38352.70821456946,52261.18847981594,133.14089668714382,-0.003471486184033443,1189.7288318418323,38352.70821456946
3,2020-03,2020-07,credit_a_1_mean_totaldebtoverduevalue_178A,num,0.007293264746374201,1475.4870167749827,1182.629786715065,49025.577450818506,53121.9390266478,292.8572300599178,-0.00597356003310122,1475.4870167749827,49025.577450818506
3,2020-03,2020-07,credit_a_1_max_totaldebtoverduevalue_718A,num,0.0023627849867629757,100.88065837861319,110.69670466044423,5183.263379971372,5335.7185027058,9.816046281831035,0.0018937965451960596,100.88065837861319,5183.263379971372
3,2020-03,2020-07,credit_a_1_min_totaldebtoverduevalue_718A,num,0.0030442021359708043,97.43126962994249,110.59334053614855,5082.726591131043,5335.682077462214,13.162070906206054,0.002589568939075501,97.43126962994249,5082.726591131043
3,2020-03,2020-07,credit_a_1_mean_totaldebtoverduevalue_718A,num,0.002701774503466637,99.15596395756688,110.6450224927332,5108.029852842253,5335.690648189261,11.489058535166322,0.0022492152289935196,99.15596395756688,5108.029852842253
3,2020-03,2020-07,credit_a_1_max_totaloutstanddebtvalue_39A,num,0.013959353865706993,201238.36846579195,204782.5037578124,1192719.4831514994,771994.090905102,3544.1352920204517,0.0029714743006091023,201238.36846579195,1192719.4831514994
3,2020-03,2020-07,credit_a_1_min_totaloutstanddebtvalue_39A,num,0.02663137135043017,169171.50467808856,176338.11770451718,515516.5431574659,519091.34391366364,7166.6130264286185,0.013901809983699316,169171.50467808856,515516.5431574659
3,2020-03,2020-07,credit_a_1_mean_totaloutstanddebtvalue_39A,num,0.021672397015210655,184812.2060390357,190429.2772593517,663506.2115393332,590169.8820474613,5617.071220315993,0.008465740218594786,184812.2060390357,663506.2115393332
3,2020-03,2020-07,credit_a_1_max_totaloutstanddebtvalue_668A,num,0.004504402158083293,22.279253952411008,36.03635540275792,3054.145914938638,4378.226657168132,13.757101450346912,0.004504402158081996,22.279253952411008,3054.145914938638
3,2020-03,2020-07,credit_a_1_min_totaloutstanddebtvalue_668A,num,0.0024206648363830955,14.564275519034894,19.00551653096759,1955.0590560196492,2602.5941273591507,4.441241011932696,0.002271665911194889,14.564275519034894,1955.0590560196492
3,2020-03,2020-07,credit_a_1_mean_totaloutstanddebtvalue_668A,num,0.0039482055552908304,18.326672844673354,27.306035620978403,2277.4933719822616,3137.824124226721,8.979362776305049,0.003942651551380666,18.326672844673354,2277.4933719822616
3,2020-03,2020-07,credit_a_1_n_unique_classificationofcontr_13M,num,0.048331701912313896,1.952650652591096,1.9941852281924064,0.8593650535349393,0.8169336535386845,0.04153457560131035,0.04833170191231389,1.952650652591096,0.8593650535349393
3,2020-03,2020-07,credit_a_1_n_unique_classificationofcontr_400M,num,0.10610804452180829,2.934834312317292,3.1466360533445936,1.9981560727645151,1.971793256011554,0.21180174102730165,0.10599859736395212,2.934834312317292,1.9981560727645151
3,2020-03,2020-07,credit_a_1_n_unique_contractst_545M,num,0.03800497786356357,1.8094854398031912,1.8299465146556881,0.7381427851395927,0.6744267738342284,0.02046107485249693,0.02771967059005727,1.8094854398031912,0.7381427851395927
3,2020-03,2020-07,credit_a_1_n_unique_contractst_964M,num,0.10152118229759605,2.0459947294462024,2.1502603891762555,1.0270335448262573,0.9718422230430843,0.10426565973005308,0.10152118229759638,2.0459947294462024,1.0270335448262573
3,2020-03,2020-07,credit_a_1_n_unique_description_351M,num,0.0668153958887898,0.9387580333127027,0.9734068756817622,0.5185757250728613,0.5032234405404278,0.03464884236905952,0.06681539588878993,0.9387580333127027,0.5185757250728613
3,2020-03,2020-07,credit_a_1_n_unique_financialinstitution_382M,num,0.11184804389625555,3.5766857792361977,3.845833773179915,2.406371936136537,2.3418994626817056,0.26914799394371736,0.11184804389625576,3.5766857792361977,2.406371936136537
3,2020-03,2020-07,credit_a_1_n_unique_financialinstitution_591M,num,0.062093131456748225,2.4515042876772584,2.527314472711918,1.2334795218361951,1.2048313304370368,0.07581018503465975,0.06146043261570034,2.4515042876772584,1.2334795218361951
3,2020-03,2020-07,credit_a_1_n_unique_purposeofcred_426M,num,0.07135516226389413,2.054706324275299,2.1196558640346246,0.9102290247637849,0.8793087021870487,0.0649495397593256,0.07135516226389371,2.054706324275299,0.9102290247637849
3,2020-03,2020-07,credit_a_1_n_unique_purposeofcred_874M,num,0.14879288038242178,2.723132437261336,2.9354305218339842,1.4268027074078256,1.3570696978690493,0.2122980845726481,0.14879288038242175,2.723132437261336,1.4268027074078256
3,2020-03,2020-07,credit_a_1_n_unique_subjectrole_182M,num,0.033584214567477,1.7902522002810444,1.814261585558957,0.7151327118388573,0.652904679255161,0.02400938527791263,0.033573328251445905,1.7902522002810444,0.7151327118388573
3,2020-03,2020-07,credit_a_1_n_unique_subjectrole_93M,num,0.11436871506909847,1.7833856885390758,1.8663746085365425,0.7256260590785436,0.6422813541077306,0.08298891999746671,0.1143687150690984,1.7833856885390758,0.7256260590785436
3,2020-03,2020-07,credit_a_1_max_dateofcredend_289D,num,0.03355407876486377,706.6037586755884,713.939213202435,898.9540672833887,872.2682802066062,7.335454526846547,0.00815998813934294,706.6037586755884,898.9540672833887
3,2020-03,2020-07,credit_a_1_min_dateofcredend_289D,num,0.039652271280923065,288.4669617242574,275.1268605510398,458.97078777927493,438.1355886907761,13.34010117321759,-0.029065251053914613,288.4669617242574,458.97078777927493
3,2020-03,2020-07,credit_a_1_mean_dateofcredend_289D,num,0.024429685676503485,476.32388358894815,472.41156658541877,533.3186907967452,514.8354991906435,3.912317003529381,-0.007335795784101662,476.32388358894815,533.3186907967452
3,2020-03,2020-07,credit_a_1_std_dateofcredend_289D,num,0.05853372140269116,-10006.395012721136,-10525.008774363721,8860.08525025612,8845.249676547435,518.6137616425858,-0.058533721402691266,-10006.395012721136,8860.08525025612
3,2020-03,2020-07,credit_a_1_max_dateofcredend_353D,num,0.04011115758892489,-144.9055465377444,-111.97266793342482,1151.5658514229553,1139.3562205914022,32.9328786043196,0.02859834595097226,-144.9055465377444,1151.5658514229553
3,2020-03,2020-07,credit_a_1_min_dateofcredend_353D,num,0.12824233565518234,-2116.1447962039556,-2347.8473468454204,1809.6619405540798,1806.2892951149136,231.70255064146477,-0.12803637267771814,-2116.1447962039556,1809.6619405540798
3,2020-03,2020-07,credit_a_1_mean_dateofcredend_353D,num,0.07615638372491632,-1072.1499170834768,-1142.9349770760896,1035.819824297599,993.446561332964,70.78505999261279,-0.06833723233730626,-1072.1499170834768,1035.819824297599
3,2020-03,2020-07,credit_a_1_std_dateofcredend_353D,num,0.16863960562876304,-12571.347832685766,-13861.63746901487,7652.045664741932,6933.585314240918,1290.2896363291038,-0.16862022168455254,-12571.347832685766,7652.045664741932
3,2020-03,2020-07,credit_a_1_max_dateofcredstart_181D,num,0.06180707063187848,-708.4306205940857,-685.4290791371969,906.4014399639756,843.3736068660559,23.00154145688873,0.02537677064789627,-708.4306205940857,906.4014399639756
3,2020-03,2020-07,credit_a_1_min_dateofcredstart_181D,num,0.13974971013967089,-2623.573552252052,-2889.248689257187,1901.6416086776785,1870.9162676276915,265.67513700513473,-0.13970831085772994,-2623.573552252052,1901.6416086776785
3,2020-03,2020-07,credit_a_1_mean_dateofcredstart_181D,num,0.08058538380624086,-1593.7824375297114,-1682.3519306137894,1205.4168516086822,1144.8005654620401,88.56949308407798,-0.07347623601402126,-1593.7824375297114,1205.4168516086822
3,2020-03,2020-07,credit_a_1_std_dateofcredstart_181D,num,0.1671361232916183,-12575.549537992527,-13854.002393418301,7649.171407399079,6923.721464142268,1278.452855425774,-0.1671361232916183,-12575.549537992527,7649.171407399079
3,2020-03,2020-07,credit_a_1_max_dateofcredstart_739D,num,0.059457072165558726,-374.1807208280297,-352.4977303916394,621.5217554541349,584.4817479362027,21.6829904363903,0.03488693717655454,-374.1807208280297,621.5217554541349
3,2020-03,2020-07,credit_a_1_min_dateofcredstart_739D,num,0.026256744600553876,-927.3928508869244,-921.3778897920405,942.2673305794253,950.1646683074769,6.014961094883915,0.006383497442477556,-927.3928508869244,942.2673305794253
3,2020-03,2020-07,credit_a_1_mean_dateofcredstart_739D,num,0.03596386316018329,-614.1678293735756,-597.6860951970265,661.1154607880079,641.211013100842,16.48173417654914,0.024930190192351504,-614.1678293735756,661.1154607880079
3,2020-03,2020-07,credit_a_1_std_dateofcredstart_739D,num,0.05952098875230031,-9916.969682786177,-10439.588452408738,8780.411424236667,8774.315537144947,522.6187696225606,-0.059520988752300406,-9916.969682786177,8780.411424236667
3,2020-03,2020-07,credit_a_1_max_dateofrealrepmt_138D,num,0.07093897973365376,-353.3941354384408,-320.61131637284916,664.938404136053,594.763736112582,32.78281906559164,0.04930203889815326,-353.3941354384408,664.938404136053
3,2020-03,2020-07,credit_a_1_min_dateofrealrepmt_138D,num,0.12748004912679864,-2174.284205076703,-2400.127810619656,1774.2878493960793,1771.6625260364115,225.8436055429529,-0.1272869030917526,-2174.284205076703,1774.2878493960793
3,2020-03,2020-07,credit_a_1_mean_dateofrealrepmt_138D,num,0.07175006724800287,-1162.2430365386786,-1223.5150014057908,1006.2655361071237,960.8420471056888,61.271964867112274,-0.06089045353192884,-1162.2430365386786,1006.2655361071237
3,2020-03,2020-07,credit_a_1_std_dateofrealrepmt_138D,num,0.16847870979364987,-12600.45028614191,-13894.074929136592,7678.2677442099075,6954.953626925915,1293.6246429946823,-0.1684787097936497,-12600.45028614191,7678.2677442099075
3,2020-03,2020-07,credit_a_1_max_lastupdate_1112D,num,0.05369053928099672,3.6869158696608393,4.047969668179739,6.8547785363788805,6.6491682155556004,0.36105379851889996,0.05267184003141128,3.6869158696608393,6.8547785363788805
3,2020-03,2020-07,credit_a_1_min_lastupdate_1112D,num,0.01154243150678072,-0.4854398031911374,-0.46322002885393576,12.529452615830513,12.543460189685073,0.022219774337201625,0.001773403437363875,-0.4854398031911374,12.529452615830513
3,2020-03,2020-07,credit_a_1_mean_lastupdate_1112D,num,0.031526405209504185,1.6773956292769727,1.8976771152222105,7.2749259154807735,7.296250473592051,0.22028148594523778,0.030279550404284792,1.6773956292769727,7.2749259154807735
3,2020-03,2020-07,credit_a_1_std_lastupdate_1112D,num,0.058421679660726776,-10240.051565072752,-10769.168426534075,9056.858079638769,9041.050954822285,529.1168614613234,-0.05842167966072702,-10240.051565072752,9056.858079638769
3,2020-03,2020-07,credit_a_1_max_lastupdate_388D,num,0.06322969077586191,-326.4294177867567,-298.82760653084205,619.0823667834379,552.9989527871743,27.60181125591464,0.04458503865862823,-326.4294177867567,619.0823667834379
3,2020-03,2020-07,credit_a_1_min_lastupdate_388D,num,0.1272015494867035,-2110.032841700435,-2332.193945951652,1746.53071524363,1748.040052969984,222.16110425121724,-0.12720137259093503,-2110.032841700435,1746.53071524363
3,2020-03,2020-07,credit_a_1_mean_lastupdate_388D,num,0.07407849835231399,-1101.8159080035161,-1163.4369045576902,966.7475131705593,924.6035181281073,61.6209965541741,-0.06374052760899376,-1101.8159080035161,966.7475131705593
3,2020-03,2020-07,credit_a_1_std_lastupdate_388D,num,0.16852548255957223,-12630.990870051619,-13925.466048577413,7681.183633865041,6957.244782602771,1294.475178525794,-0.16852548255957214,-12630.990870051619,7681.183633865041
3,2020-03,2020-07,credit_a_1_max_numberofoverdueinstlmaxdat_148D,num,0.0467244774966651,-674.5142098645771,-721.2723002216827,1026.040911233669,1031.263926945675,46.75809035710563,-0.04557137034710014,-674.5142098645771,1026.040911233669
3,2020-03,2020-07,credit_a_1_min_numberofoverdueinstlmaxdat_148D,num,0.12488652700649089,-1447.3244465723883,-1653.595191597171,1651.6671304403044,1707.2741911050875,206.27074502478263,-0.12488638977140303,-1447.3244465723883,1651.6671304403044
3,2020-03,2020-07,credit_a_1_mean_numberofoverdueinstlmaxdat_148D,num,0.09742711489007361,-1039.5039082114956,-1157.303396945458,1209.1065081363938,1219.5171083432924,117.79948873396233,-0.09742689162721296,-1039.5039082114956,1209.1065081363938
3,2020-03,2020-07,credit_a_1_std_numberofoverdueinstlmaxdat_148D,num,0.1313970266523006,-6673.566734675063,-7779.269682180949,8414.976926622305,8639.150395778901,1105.7029475058853,-0.13139702665230057,-6673.566734675063,8414.976926622305
3,2020-03,2020-07,credit_a_1_max_numberofoverdueinstlmaxdat_641D,num,0.01820055742626406,-176.15926103254586,-176.73835286252157,432.33275843001917,438.0303481702251,0.5790918299757095,-0.0013394585968424734,-176.15926103254586,432.33275843001917
3,2020-03,2020-07,credit_a_1_min_numberofoverdueinstlmaxdat_641D,num,0.019065924151148515,-228.45671256018903,-235.92554277068157,492.68280416365053,507.9814785349159,7.468830210492541,-0.015159510637216555,-228.45671256018903,492.68280416365053
3,2020-03,2020-07,credit_a_1_mean_numberofoverdueinstlmaxdat_641D,num,0.014897893159681945,-200.7693601285184,-204.5023723709545,445.52395821507713,453.4855997632391,3.7330122424361036,-0.008378925922170022,-200.7693601285184,445.52395821507713
3,2020-03,2020-07,credit_a_1_std_numberofoverdueinstlmaxdat_641D,num,0.037596184396570094,-1648.0270658334478,-1842.5042011018431,5172.7891643742905,5453.3148105571945,194.4771352683954,-0.03759618439657006,-1648.0270658334478,5172.7891643742905
3,2020-03,2020-07,credit_a_1_max_overdueamountmax2date_1002D,num,0.05557714941513593,-703.4964129872051,-759.6906646961539,1011.1900883587689,1020.323427563181,56.194251708948855,-0.05557239173512469,-703.4964129872051,1011.1900883587689
3,2020-03,2020-07,credit_a_1_min_overdueamountmax2date_1002D,num,0.13098469734096696,-1424.738550948038,-1632.1196558640347,1583.2481773565316,1634.7498041930999,207.38110491599673,-0.13098458465447302,-1424.738550948038,1583.2481773565316
3,2020-03,2020-07,credit_a_1_mean_overdueamountmax2date_1002D,num,0.10532504236695488,-1046.4960185783432,-1170.9222504588836,1181.3567397890486,1193.579191501836,124.4262318805404,-0.10532485885911044,-1046.4960185783432,1181.3567397890486
3,2020-03,2020-07,credit_a_1_std_overdueamountmax2date_1002D,num,0.13105680203849804,-6630.739517566211,-7735.038968113391,8426.113207178598,8657.910713044448,1104.2994505471797,-0.1310568020384981,-6630.739517566211,8426.113207178598
3,2020-03,2020-07,credit_a_1_max_overdueamountmax2date_1142D,num,0.015989012233133388,-189.83815040151967,-188.26275555086386,461.7753919766002,462.6472333937553,1.5753948506558118,0.003411604165203421,-189.83815040151967,461.7753919766002
3,2020-03,2020-07,credit_a_1_min_overdueamountmax2date_1142D,num,0.014836185014304736,-243.06493991802225,-248.51680213941378,522.5896666402085,532.795374879757,5.451862221391536,-0.010432395757922675,-243.06493991802225,522.5896666402085
3,2020-03,2020-07,credit_a_1_mean_overdueamountmax2date_1142D,num,0.012755368495826567,-214.9874604059195,-216.67863059677285,475.27449689751734,478.4299451633034,1.6911701908533416,-0.0035583019957790957,-214.9874604059195,475.27449689751734
3,2020-03,2020-07,credit_a_1_std_overdueamountmax2date_1142D,num,0.03744512041063761,-1659.9627191233835,-1854.2714831379315,5189.161147932839,5468.149638427549,194.30876401454793,-0.03744512041063766,-1659.9627191233835,5189.161147932839
3,2020-03,2020-07,credit_a_1_max_refreshdate_3813885D,num,0.06450152984928548,13.110537604272496,13.321272740068265,3.2671339158648256,2.853233720515469,0.21073513579576897,0.06450152984928577,13.110537604272496,3.2671339158648256
3,2020-03,2020-07,credit_a_1_min_refreshdate_3813885D,num,1.2700228844852943,-337.0567187883176,-450.57441324466026,89.38240077646185,103.45363788386967,113.51769445634267,-1.270022884485294,-337.0567187883176,89.38240077646185
3,2020-03,2020-07,credit_a_1_mean_refreshdate_3813885D,num,1.8907504987821373,-53.309858549712146,-87.0751499876843,17.85814228779573,24.569231164080854,33.76529143797215,-1.8907504987821373,-53.309858549712146,17.85814228779573
3,2020-03,2020-07,credit_a_1_std_refreshdate_3813885D,num,0.07355920125131686,-17251.92354434677,-17537.755192165536,3885.7361547771047,3412.081760413368,285.8316478187662,-0.07355920125131661,-17251.92354434677,3885.7361547771047
3,2020-03,2020-07,person_1_mean_contaddr_smempladdr_334L,num,0.05679920149627504,0.005570282484556187,0.0010556317956296843,0.07948440418167843,0.0663125286551172,0.004514650688926503,-0.05679920149627483,0.005570282484556187,0.07948440418167843
3,2020-03,2020-07,person_1_max_mainoccupationinc_384A,num,0.0509543053182647,59620.7971118007,57886.77567701907,34312.67280975422,34124.300247273095,1734.021434781629,-0.050535889302353934,59620.7971118007,34312.67280975422
3,2020-03,2020-07,person_1_max_personindex_1023L,num,0.0687776986819923,0.508433275333886,0.45850487350012314,0.7259388259647528,0.697091141386492,0.0499284018337629,-0.06877769868199214,0.508433275333886,0.7259388259647528
3,2020-03,2020-07,person_1_mean_personindex_1023L,num,0.0687776986819923,0.254216637666943,0.22925243675006157,0.3629694129823764,0.348545570693246,0.02496420091688145,-0.06877769868199214,0.254216637666943,0.3629694129823764
3,2020-03,2020-07,person_1_std_personindex_1023L,num,0.06598945356416752,-0.3254034956148723,-0.3835684992987776,0.8814287820605503,0.8610521167981098,0.058165003683905314,-0.0659894535641674,-0.3254034956148723,0.8814287820605503
3,2020-03,2020-07,person_1_max_persontype_1072L,num,0.062016249436888646,2.426190837644366,2.310355747915127,1.8678183666543655,1.8342183690468365,0.11583508972923884,-0.06201624943688852,2.426190837644366,1.8678183666543655
3,2020-03,2020-07,person_1_mean_persontype_1072L,num,0.09465799695161778,1.5865383812171734,1.6007076878415367,0.8125033075581823,0.8804347345536508,0.014169306624363331,0.01743907562289977,1.5865383812171734,0.8125033075581823
3,2020-03,2020-07,person_1_std_persontype_1072L,num,0.12079748997446793,0.32605572702945007,0.20994843534133995,1.501820004052276,1.570882043133189,0.11610729168811013,-0.07731105683425736,0.32605572702945007,1.501820004052276
3,2020-03,2020-07,person_1_mean_persontype_792L,num,0.06472147081574108,1.7911728651215593,1.7228188050670357,1.0561264939284927,1.0297719558531588,0.0683540600545236,-0.06472147081574081,1.7911728651215593,1.0561264939284927
3,2020-03,2020-07,person_1_std_persontype_792L,num,0.05956700916213731,0.3011130077730249,0.19968157353972169,1.7028122724311037,1.6784264414908396,0.10143143423330322,-0.059567009162137204,0.3011130077730249,1.7028122724311037
3,2020-03,2020-07,person_1_max_safeguarantyflag_411L,num,0.1193919560857173,1.0,0.8806080439142827,0.0,0.3242491586847119,0.11939195608571729,-0.11939195608571729,1.0,1.0
3,2020-03,2020-07,person_1_n_unique_contaddr_district_15M,num,0.1852104232842234,1.5030770847687223,1.4104736267989726,0.49999053145967287,0.49191973786530496,0.09260345796974967,-0.18521042328422307,1.5030770847687223,0.49999053145967287
3,2020-03,2020-07,person_1_n_unique_contaddr_zipcode_807M,num,0.23035549011419332,1.503357350554109,1.3881822020479258,0.4999887280702004,0.4873364136416949,0.11517514850618316,-0.23035549011419335,1.503357350554109,0.4999887280702004
3,2020-03,2020-07,person_1_n_unique_education_927M,num,0.17832473825607836,1.4784604066189437,1.3892114430486646,0.5004855997159265,0.488112396427765,0.08924896357027912,-0.17832473825607859,1.4784604066189437,0.5004855997159265
3,2020-03,2020-07,person_1_n_unique_empladdr_district_926M,num,0.40192474289437746,1.4064554552567352,1.2090414863295682,0.49117147530040384,0.4066240810904996,0.197413968927167,-0.4019247428943777,1.4064554552567352,0.49117147530040384
3,2020-03,2020-07,person_1_n_unique_empladdr_zipcode_114M,num,0.4018766050716588,1.4065060588013187,1.2091118617826102,0.4911811101407886,0.4066744288056734,0.19739419701870853,-0.40187660507165857,1.4065060588013187,0.4911811101407886
3,2020-03,2020-07,person_1_n_unique_language1_981M,num,0.2863773044103739,1.5011969684584214,1.358008726556177,0.4999985672644567,0.4794147247069092,0.14318824190224433,-0.2863773044103743,1.5011969684584214,0.4999985672644567
3,2020-03,2020-07,person_1_n_unique_registaddr_district_1083M,num,0.1835768654906927,1.504229288553089,1.4124441394841478,0.49998211279838267,0.4922742846110577,0.0917851490689412,-0.18357686549069302,1.504229288553089,0.49998211279838267
3,2020-03,2020-07,person_1_n_unique_registaddr_zipcode_184M,num,0.25684789504037375,1.503478020545039,1.3750571800555966,0.49998790322675635,0.48413767850100276,0.12842084048944247,-0.25684789504037375,1.503478020545039,0.49998790322675635
3,2020-03,2020-07,person_1_max_birth_259D,num,0.182283202319116,-16002.975776472465,-16909.484165523067,4973.080352826148,5248.388585003301,906.5083890506012,-0.18228307703402424,-16002.975776472465,4973.080352826148
3,2020-03,2020-07,person_1_max_empl_employedfrom_271D,num,0.13325418963629648,-898.3204683552681,-658.0081459586896,1803.6341034699701,1631.9935098148437,240.31232239657845,0.13323784571063893,-898.3204683552681,1803.6341034699701
3,2020-03,2020-07,deposit_1_max_amount_416A,num,0.004660478780247812,714.2769880965939,808.2924750410045,20289.17785038069,23919.981256462444,94.01548694441067,0.004633775091219216,714.2769880965939,20289.17785038069
3,2020-03,2020-07,deposit_1_min_amount_416A,num,0.0036945312078175067,399.99092049205365,437.4993180292212,15306.817961309076,18334.074380919068,37.508397537167525,0.00245043729088418,399.99092049205365,15306.817961309076
3,2020-03,2020-07,deposit_1_mean_amount_416A,num,0.004460163298754481,520.6312250946319,584.5989583217811,16200.446414731723,19473.71766048771,63.96773322714921,0.003948516700686764,520.6312250946319,16200.446414731723
3,2020-03,2020-07,deposit_1_max_openingdate_313D,num,0.07496740448974147,-103.28289716970482,-133.66508321897322,405.62184009649155,472.76995066918874,30.382186049268398,-0.07490273709630851,-103.28289716970482,405.62184009649155
3,2020-03,2020-07,deposit_1_min_openingdate_313D,num,0.074468659960855,-110.89964927851022,-143.12298990112248,433.5312894080708,503.985953770399,32.223340622612255,-0.07432760082117472,-110.89964927851022,433.5312894080708
3,2020-03,2020-07,deposit_1_mean_openingdate_313D,num,0.07492258576645319,-107.07634185607719,-138.36866065959944,418.12146565376116,486.82516652770244,31.29231880352225,-0.0748402590491129,-107.07634185607719,418.12146565376116
3,2020-03,2020-07,debitcard_1_max_openingdate_857D,num,0.074514586033876,-103.48034441550959,-133.72850029909569,406.2880571723392,473.2589097250303,30.248155883586094,-0.07445002467979371,-103.48034441550959,406.2880571723392
3,2020-03,2020-07,debitcard_1_min_openingdate_857D,num,0.07420337406896507,-111.04446883794799,-143.19098138569268,434.04584363669323,504.51454104688605,32.14651254774469,-0.07406248215258131,-111.04446883794799,434.04584363669323
3,2020-03,2020-07,debitcard_1_mean_openingdate_857D,num,0.0745566436557917,-107.25844210966665,-138.44544968574337,418.7612077594937,487.3717090660359,31.187007576076724,-0.0744744427090971,-107.25844210966665,418.7612077594937
3,2020-03,2020-07,credit_a_2_max_collater_valueofguarantee_1124L,num,0.002861720416010241,1858943.4180483806,2074111.2331312995,204765221.2540991,295073827.7729011,215167.81508291885,0.0010508025423707616,1858943.4180483806,204765221.2540991
3,2020-03,2020-07,credit_a_2_min_collater_valueofguarantee_1124L,num,0.01132676579922721,76902.5333590981,65943.8556273439,1409458.5188651348,1617417.5827328744,10958.6777317542,-0.0077750977308490695,76902.5333590981,1409458.5188651348
3,2020-03,2020-07,credit_a_2_mean_collater_valueofguarantee_1124L,num,0.0034044521182987958,577269.900132928,596175.1115109073,38807811.286930464,54170254.35088953,18905.211377979256,0.00048714964207079815,577269.900132928,38807811.286930464
3,2020-03,2020-07,credit_a_2_std_collater_valueofguarantee_1124L,num,0.002973419813625964,773295.3702436184,839602.0941049297,71636792.30330859,102831250.93512583,66306.72386131133,0.0009255959365205819,773295.3702436184,71636792.30330859
3,2020-03,2020-07,credit_a_2_max_collater_valueofguarantee_876L,num,0.00255835417721988,3826228.0536993844,4092661.340289321,215635960.39448798,303486927.2413769,266433.28658993635,0.0012355698284391848,3826228.0536993844,215635960.39448798
3,2020-03,2020-07,credit_a_2_min_collater_valueofguarantee_876L,num,0.010820450172468308,19588.518304940637,31771.31684401037,1567394.5637659533,5960500.083094857,12182.798539069732,0.007772643098747466,19588.518304940637,1567394.5637659533
3,2020-03,2020-07,credit_a_2_mean_collater_valueofguarantee_876L,num,0.003034524356497082,713913.847120487,686077.7643684519,32312452.860658642,39304029.330709904,27836.082752035116,-0.000861466100146373,713913.847120487,32312452.860658642
3,2020-03,2020-07,credit_a_2_std_collater_valueofguarantee_876L,num,0.002974750048171566,1332442.2251452194,1349462.0604396726,68785043.048058,93396312.39800309,17019.835294453194,0.000247435118744666,1332442.2251452194,68785043.048058
3,2020-03,2020-07,credit_a_2_max_pmts_dpd_1073P,num,0.022210876242417223,22.742128229381976,19.12123931172807,180.25540400375078,159.3706391017189,3.6208889176539074,-0.02008754709833034,22.742128229381976,180.25540400375078
3,2020-03,2020-07,credit_a_2_min_pmts_dpd_1073P,num,0.020027341205286868,3.911428226657169,2.3189151623913578,79.63460785385168,63.26907308749904,1.5925130642658112,-0.01999775106808398,3.911428226657169,79.63460785385168
3,2020-03,2020-07,credit_a_2_mean_pmts_dpd_1073P,num,0.0233204703723058,10.542111119018477,7.799490411070179,118.35178975724394,100.43529128165385,2.742620707948298,-0.023173462045430797,10.542111119018477,118.35178975724394
3,2020-03,2020-07,credit_a_2_std_pmts_dpd_1073P,num,0.014720041754284546,5.8870102314196835,5.133669246008776,55.99877135278552,51.50967872742808,0.7533409854109072,-0.013452812753068272,5.8870102314196835,55.99877135278552
3,2020-03,2020-07,credit_a_2_max_pmts_dpd_303P,num,0.05581993615277396,186.30485132289343,223.31120905028325,669.6977650156473,682.7310873503991,37.006357727389826,0.05525829659372565,186.30485132289343,669.6977650156473
3,2020-03,2020-07,credit_a_2_min_pmts_dpd_303P,num,0.007631509016536899,6.405299358892016,7.107243393504346,96.01352951047666,102.13471184208193,0.70194403461233,0.007310886686399091,6.405299358892016,96.01352951047666
3,2020-03,2020-07,credit_a_2_mean_pmts_dpd_303P,num,0.04339000059620665,57.475052106617774,67.02435831684804,220.1044229056884,238.27485561957985,9.549306210230263,0.04338534448406793,57.475052106617774,220.1044229056884
3,2020-03,2020-07,credit_a_2_std_pmts_dpd_303P,num,0.06233536367545205,55.98925206208754,67.23072512439722,180.7548375797013,201.24666168022415,11.241473062309687,0.062191824090754515,55.98925206208754,180.7548375797013
3,2020-03,2020-07,credit_a_2_std_pmts_month_158T,num,0.00725252939514031,2.8687672168030933,2.861073069715656,1.5672211929735402,1.5612647313764172,0.007694147087437209,-0.004909420011631447,2.8687672168030933,1.5672211929735402
3,2020-03,2020-07,credit_a_2_std_pmts_month_706T,num,0.1512941807377556,2.793699567867627,3.033826092618906,1.612335618267625,1.3347642949721983,0.24012652475127894,0.1489308565975135,2.793699567867627,1.612335618267625
3,2020-03,2020-07,credit_a_2_max_pmts_overdue_1140A,num,0.005413196598415155,4268.737954735441,3837.5850873889135,101763.01401376647,78497.01320110854,431.1528673465277,-0.004236832718891379,4268.737954735441,101763.01401376647
3,2020-03,2020-07,credit_a_2_min_pmts_overdue_1140A,num,0.006072925213246346,283.81296551816973,320.7024967876099,31143.91302751165,48749.01138948843,36.88953126944017,0.001184486073951369,283.81296551816973,31143.91302751165
3,2020-03,2020-07,credit_a_2_mean_pmts_overdue_1140A,num,0.009121641244564844,1097.904434323855,960.2883902588994,36376.65954584067,51271.40739471391,137.61604406495553,-0.0037830863466596304,1097.904434323855,36376.65954584067
3,2020-03,2020-07,credit_a_2_std_pmts_overdue_1140A,num,0.007563824562693791,1132.107852394447,963.8133864014857,26638.113903378693,23000.60194091641,168.29446599296136,-0.006317807131668411,1132.107852394447,26638.113903378693
3,2020-03,2020-07,credit_a_2_max_pmts_overdue_1152A,num,0.00608086367668327,20199.282563742858,21843.604907961813,635729.3671853738,420386.8094831725,1644.3223442189555,0.0025865131124884525,20199.282563742858,635729.3671853738
3,2020-03,2020-07,credit_a_2_min_pmts_overdue_1152A,num,0.00557979082937422,164.78948370879723,135.31132048389426,5321.628090670894,2884.0403589405164,29.47816322490297,-0.005539312917522328,164.78948370879723,5321.628090670894
3,2020-03,2020-07,credit_a_2_mean_pmts_overdue_1152A,num,0.008128407764505876,3639.1721385691962,4088.080141609923,67050.89297080114,80732.35576229902,448.9080030407267,0.006695033923503659,3639.1721385691962,67050.89297080114
3,2020-03,2020-07,credit_a_2_std_pmts_overdue_1152A,num,0.007015667549254688,5193.874386520623,5886.7143307855085,127766.28513341086,138555.6735244929,692.8399442648852,0.005422713382810155,5193.874386520623,127766.28513341086
3,2020-03,2020-07,credit_a_2_max_pmts_year_1139T,num,0.0019925715299456085,1735.5158486409055,1736.9171768887013,703.2762572061202,702.6462553723501,1.4013282477958455,0.0019925715299459286,1735.5158486409055,703.2762572061202
3,2020-03,2020-07,credit_a_2_min_pmts_year_1139T,num,0.001670395175016306,1733.5055839065158,1734.6789735740174,702.4623185289657,701.7415420144308,1.173389667501624,0.0016703951750164088,1733.5055839065158,702.4623185289657
3,2020-03,2020-07,credit_a_2_mean_pmts_year_1139T,num,0.0018330214933150904,1734.2430191988296,1735.531194786153,702.7607652290228,702.0859371336093,1.2881755873233942,0.0018330214933151405,1734.2430191988296,702.7607652290228
3,2020-03,2020-07,credit_a_2_std_pmts_year_1139T,num,0.10236872931876002,0.42201296736608185,0.48360444283538057,0.6069897462598123,0.6165434967426738,0.06159147546929872,0.10147037219132111,0.42201296736608185,0.6069897462598123
3,2020-03,2020-07,credit_a_2_max_pmts_year_507T,num,0.15154066985258682,1710.2304952529983,1820.4253140504593,727.1633344676014,602.5760366376544,110.19481879746104,0.15154066985258693,1710.2304952529983,727.1633344676014
3,2020-03,2020-07,credit_a_2_min_pmts_year_507T,num,0.15089390997651483,1703.5312437962,1812.8277120940215,724.3265703356253,600.0764011107577,109.29646829782155,0.15089390997651478,1703.5312437962,724.3265703356253
3,2020-03,2020-07,credit_a_2_mean_pmts_year_507T,num,0.1512999832792312,1706.7790946133507,1816.5772905221206,725.6986651884305,601.3057377555185,109.79819590876991,0.15129998327923116,1706.7790946133507,725.6986651884305
3,2020-03,2020-07,credit_a_2_std_pmts_year_507T,num,0.16402018930621023,1.7962315424126132,2.089036402941713,1.7851757260349244,1.7276346574394763,0.2928048605290998,0.16402018930621037,1.7962315424126132,1.7851757260349244
3,2020-03,2020-07,credit_a_2_n_unique_collater_typofvalofguarant_298M,num,0.05801267518120766,2.0897278697075503,2.143099686829234,0.9224536428587682,0.8788021172116267,0.053371817121683485,0.05785853580270911,2.0897278697075503,0.9224536428587682
3,2020-03,2020-07,credit_a_2_n_unique_collater_typofvalofguarant_407M,num,0.1473218235973421,2.2891136205279117,2.437154720433513,1.0048823473039865,0.9073422379050373,0.14804109990560121,0.14732182359734236,2.2891136205279117,1.0048823473039865
3,2020-03,2020-07,credit_a_2_n_unique_collaterals_typeofguarante_359M,num,0.10491452490075238,2.357891622777823,2.4908160033780216,1.2669778634173212,1.2125868054947846,0.1329243806001985,0.10491452490075232,2.357891622777823,1.2669778634173212
3,2020-03,2020-07,credit_a_2_n_unique_collaterals_typeofguarante_669M,num,0.030389438312170766,1.895052141113823,1.9188658995742285,0.8561235784880894,0.8004840157594496,0.023813758460405454,0.02781579559163696,1.895052141113823,0.8561235784880894
3,2020-03,2020-07,credit_a_2_n_unique_subjectroles_name_541M,num,0.11183038527523219,1.811887161880739,1.8969263520883917,0.7605693239787176,0.68012614449735,0.0850391902076526,0.11180991334595582,1.811887161880739,0.7605693239787176
3,2020-03,2020-07,credit_a_2_n_unique_subjectroles_name_838M,num,0.0337031547508051,1.802517720972055,1.827140293465639,0.7339582460994956,0.6731186093257976,0.024622572493584016,0.033547647464193996,1.802517720972055,0.7339582460994956
3,2020-03,2020-07,day_of_week,num,0.1439815099547129,3.131876729765394,2.8429835673317148,2.006460152588665,1.9295229041522834,0.28889316243367924,-0.1439815099547127,3.131876729765394,2.006460152588665
3,2020-03,2020-07,day_of_month,num,0.10617093345923181,16.149638573914263,15.219589007354235,8.759926434264173,8.459727258279603,0.9300495665600277,-0.10617093345923186,16.149638573914263,8.759926434264173
3,2020-03,2020-07,day_of_year,num,0.8175547173055974,211.2271982374396,105.69990147436575,140.26436747803857,56.31685695984907,105.52729676307386,-0.7523457215860362,211.2271982374396,140.26436747803857
3,2020-03,2020-07,month,num,0.8192079208778851,7.423539990424253,3.9807699074562795,4.581702347847932,1.8352284037903237,3.4427700829679733,-0.7514172291408399,7.423539990424253,4.581702347847932
3,2020-03,2020-07,isbidproduct_1095L,bin,0.014697265624859623,0.09342582104251088,0.10812308666737042,0.2910282409063485,0.31053580276176,0.01469726562485954,,,
3,2020-03,2020-07,max_sex_738L_eq_F,bin,0.0015324359066376525,0.6147630002452326,0.6162954361518702,0.48665126504994594,0.4862873343304823,0.0015324359066376525,,,
3,2020-03,2020-07,actualdpdtolerance_344P__missing,bin,0.05697691718383102,0.27079513738862354,0.21381822020479258,0.4443704883937502,0.40999998647956976,0.056976917183830966,,,
3,2020-03,2020-07,amtinstpaidbefduel24m_4187115A__missing,bin,0.05892341877494611,0.2926402983273582,0.23371687955241213,0.4549746741547632,0.4231941631978109,0.058923418774946085,,,
3,2020-03,2020-07,annuitynextmonth_57A__missing,bin,3.8925803526046465e-06,3.8925803525899285e-06,0.0,0.001972958489276478,0.0,3.8925803525899285e-06,,,
3,2020-03,2020-07,avgdbddpdlast24m_3658932P__missing,bin,0.0646523058286913,0.3994371328810155,0.33478482705232415,0.4897827168825064,0.4719151900796048,0.06465230582869136,,,
3,2020-03,2020-07,avgdbddpdlast3m_4187120P__missing,bin,0.04637219108922924,0.5794222632240686,0.5330500721348393,0.49365180451849533,0.4989064969830338,0.0463721910892293,,,
3,2020-03,2020-07,avgdbdtollast24m_4525197P__missing,bin,0.06468414923574173,0.39953055480947763,0.3348464055737359,0.4898018891175376,0.47193674390545715,0.06468414923574173,,,
3,2020-03,2020-07,avgdpdtolclosure24_3658938P__missing,bin,0.06040644309334531,0.30410784004608815,0.24370139695274287,0.46002854440631286,0.4293146003527303,0.06040644309334528,,,
3,2020-03,2020-07,avginstallast24m_3658937A__missing,bin,0.06395153257596642,0.4069614907025718,0.34300995812660545,0.49126758063983045,0.47471478463661715,0.06395153257596636,,,
3,2020-03,2020-07,avglnamtstart24m_4525187A__missing,bin,0.002439566974009877,0.8009490110899614,0.8033885780639712,0.39928647951561586,0.3974359957280186,0.0024395669740098214,,,
3,2020-03,2020-07,avgmaxdpdlast9m_3716943P__missing,bin,0.05653474154653493,0.49472749991241693,0.438192758365882,0.4999721999699847,0.4961651588751288,0.05653474154653493,,,
3,2020-03,2020-07,avgoutstandbalancel6m_4187114A__missing,bin,0.05273467633979412,0.494015157707893,0.44128048136809883,0.4999641803796934,0.4965400468558784,0.05273467633979417,,,
3,2020-03,2020-07,avgpmtlast12m_4525200A__missing,bin,0.0613217387997248,0.45782583816986444,0.3965040993701397,0.4982181651384517,0.48917133864609663,0.061321738799724745,,,
3,2020-03,2020-07,cardtype_51L__missing,bin,0.03865405812758724,0.8416109054531158,0.880264963580703,0.36510544952862917,0.3246514399674928,0.038654058127587265,,,
3,2020-03,2020-07,cntincpaycont9m_3716944L__missing,bin,0.05947706744758219,0.2945398775394221,0.23506281009183996,0.45583564809971183,0.42403807070069494,0.05947706744758216,,,
3,2020-03,2020-07,cntpmts24_3658933L__missing,bin,0.05947924549278005,0.29448927399483843,0.2350100285020585,0.45581283603781,0.4240050884193728,0.05947924549277994,,,
3,2020-03,2020-07,credtype_322L__missing,bin,3.8925803526046465e-06,3.8925803525899285e-06,0.0,0.001972958489276478,0.0,3.8925803525899285e-06,,,
3,2020-03,2020-07,datefirstoffer_1144D__missing,bin,0.05186842168071237,0.5547977999135847,0.5029293782328724,0.4969881297623019,0.49999141866952956,0.05186842168071226,,,
3,2020-03,2020-07,datelastinstal40dpd_247D__missing,bin,0.021848084277674137,0.904382656218981,0.8825345719413069,0.29406575344518004,0.3219740692504307,0.02184808427767404,,,
3,2020-03,2020-07,datelastunpaid_3546854D__missing,bin,0.05931538832341127,0.5803136641248117,0.5209982758014005,0.49350756362476045,0.4995588778245947,0.05931538832341121,,,
3,2020-03,2020-07,daysoverduetolerancedd_3976961L__missing,bin,0.05892341877494611,0.2926402983273582,0.23371687955241213,0.4549746741547632,0.4231941631978109,0.058923418774946085,,,
3,2020-03,2020-07,disbursementtype_67L__missing,bin,0.0003640882688193958,0.0003308693299701439,0.0006949575987895422,0.01818680443224233,0.026352886610871058,0.0003640882688193983,,,
3,2020-03,2020-07,dtlastpmtallstes_4499206D__missing,bin,0.015182311832005135,0.4193749294469811,0.4041926176149759,0.49345678432697715,0.4907351072427259,0.015182311832005246,,,
3,2020-03,2020-07,eir_270L__missing,bin,0.03805676380015588,0.157299172048159,0.1192424082480031,0.36408260398036413,0.3240735353638425,0.03805676380015589,,,
3,2020-03,2020-07,equalitydataagreement_891L__missing,bin,0.0006211333516063997,0.950459129852588,0.9510802632041944,0.21699440622386848,0.21570024605371854,0.0006211333516064066,,,
3,2020-03,2020-07,firstclxcampaign_1125D__missing,bin,0.043076839831606706,0.5724234037501119,0.5293465639185052,0.49472704655117483,0.49913803620459246,0.043076839831606706,,,
3,2020-03,2020-07,firstdatedue_489D__missing,bin,0.061536348880610325,0.31341889224948327,0.25188254336887295,0.46388305663236945,0.4340941461421713,0.061536348880610325,,,
3,2020-03,2020-07,inittransactionamount_650A__missing,bin,0.03882908473843638,0.8409608445342333,0.8797899292726697,0.36571259548243945,0.32520702578981986,0.03882908473843649,,,
3,2020-03,2020-07,lastactivateddate_801D__missing,bin,0.059237102997520386,0.2935433769691591,0.2343062739716387,0.4553851807060713,0.42356445076182453,0.05923710299752041,,,
3,2020-03,2020-07,lastapplicationdate_877D__missing,bin,0.050216340189649156,0.19491706857558808,0.14470072838593898,0.396136851294458,0.35179884535131395,0.0502163401896491,,,
3,2020-03,2020-07,lastapprcredamount_781A__missing,bin,0.05775450767245893,0.28552466144282385,0.22777015377036489,0.4516639560013448,0.41939350355219995,0.05775450767245896,,,
3,2020-03,2020-07,lastdelinqdate_224D__missing,bin,0.06076329446234152,0.6371998333975609,0.5764365389352194,0.480807867776393,0.49412291539211645,0.06076329446234152,,,
3,2020-03,2020-07,lastrejectcredamount_222A__missing,bin,0.06232460307934862,0.49705137038291314,0.4347267673035645,0.499991305507787,0.4957210960745538,0.06232460307934862,,,
3,2020-03,2020-07,maininc_215A__missing,bin,0.026525440654570298,0.336933970159479,0.3104085295049087,0.4726621096640288,0.4626608631768078,0.026525440654570298,,,
3,2020-03,2020-07,maxannuity_159A__missing,bin,0.053061208173189156,0.1959057839851459,0.14284457581195678,0.3968963438812598,0.34991427946435527,0.05306120817318913,,,
3,2020-03,2020-07,maxannuity_4075009A__missing,bin,0.004703883800412215,0.9287385314851362,0.9334424152855484,0.25726109620377674,0.24925423292580245,0.004703883800412201,,,
3,2020-03,2020-07,maxdbddpdlast1m_3658939P__missing,bin,0.048879013349938605,0.634455564248985,0.5855765508990464,0.48158249681906745,0.492622222332918,0.048879013349938605,,,
3,2020-03,2020-07,maxdbddpdtollast12m_3658940P__missing,bin,0.061277340865664054,0.46168727787963365,0.40040993701396954,0.498529974348311,0.48998144796965376,0.06127734086566411,,,
3,2020-03,2020-07,maxdbddpdtollast6m_4187119P__missing,bin,0.048669375523730185,0.5228591781205844,0.4741898025968542,0.4994771846397505,0.49933338934023885,0.04866937552373013,,,
3,2020-03,2020-07,maxdpdfrom6mto36m_3546853P__missing,bin,0.053061208173189156,0.1959057839851459,0.14284457581195678,0.3968963438812598,0.34991427946435527,0.05306120817318913,,,
3,2020-03,2020-07,maxdpdinstldate_3546855D__missing,bin,0.0650452818062105,0.5408273290281395,0.475782047221929,0.498330341444737,0.4994131463660514,0.06504528180621044,,,
3,2020-03,2020-07,maxdpdinstlnum_3546846P__missing,bin,0.06291222800378549,0.5433302581948548,0.4804180301910694,0.4981189503770833,0.49961639930891194,0.06291222800378543,,,
3,2020-03,2020-07,maxlnamtstart6m_4525199A__missing,bin,0.05438280926358696,0.4618390885133846,0.40745627924979766,0.4985416179563254,0.49136102791095326,0.05438280926358696,,,
3,2020-03,2020-07,maxoutstandbalancel12m_4187113A__missing,bin,0.0606389907663486,0.4437541601952518,0.3831151694289032,0.4968263333446191,0.4861460031537502,0.0606389907663486,,,
3,2020-03,2020-07,maxpmtlast3m_4525190A__missing,bin,0.044725309396004775,0.5661018532575058,0.5213765438615011,0.49561128416928046,0.4995428343721261,0.04472530939600472,,,
3,2020-03,2020-07,numincomingpmts_3546848L__missing,bin,0.05947924549278005,0.29448927399483843,0.2350100285020585,0.45581283603781,0.4240050884193728,0.05947924549277994,,,
3,2020-03,2020-07,numinstlallpaidearly3d_817L__missing,bin,0.057957236096631726,0.2880937644755332,0.23013652837890144,0.45287497981876756,0.4209200716105239,0.05795723609663175,,,
3,2020-03,2020-07,numinstlswithdpd10_728L__missing,bin,0.06022476688030509,0.29565704810061544,0.23543228122031035,0.4563375483225611,0.4242686910198666,0.06022476688030509,,,
3,2020-03,2020-07,numinstmatpaidtearly2d_4499204L__missing,bin,0.05892341877494611,0.2926402983273582,0.23371687955241213,0.4549746741547632,0.4231941631978109,0.058923418774946085,,,
3,2020-03,2020-07,numinstpaidearly3d_3546850L__missing,bin,0.057957236096631726,0.2880937644755332,0.23013652837890144,0.45287497981876756,0.4209200716105239,0.05795723609663175,,,
3,2020-03,2020-07,numinstpaidearly3dest_4493216L__missing,bin,0.05892341877494611,0.2926402983273582,0.23371687955241213,0.4549746741547632,0.4231941631978109,0.058923418774946085,,,
3,2020-03,2020-07,numinstpaidlastcontr_4325080L__missing,bin,0.05892341877494611,0.2926402983273582,0.23371687955241213,0.4549746741547632,0.4231941631978109,0.058923418774946085,,,
3,2020-03,2020-07,numinstregularpaid_973L__missing,bin,0.05892341877494611,0.2926402983273582,0.23371687955241213,0.4549746741547632,0.4231941631978109,0.058923418774946085,,,
3,2020-03,2020-07,pctinstlsallpaidearl3d_427L__missing,bin,0.05989537807044576,0.29765004924114147,0.23775467117069565,0.457224777793032,0.4257081012938443,0.059895378070445815,,,
3,2020-03,2020-07,pctinstlsallpaidlat10d_839L__missing,bin,0.06068031876820035,0.29963137264060974,0.2389510538724093,0.4580965107595929,0.42644278364825716,0.06068031876820043,,,
3,2020-03,2020-07,pctinstlsallpaidlate4d_3546849L__missing,bin,0.06037519222306975,0.2985609130436475,0.2381857208205778,0.4576268067390623,0.42597333627559314,0.060375192223069724,,,
3,2020-03,2020-07,pctinstlsallpaidlate6d_3546844L__missing,bin,0.06040758389100209,0.2987516494809244,0.23834406558992224,0.45771071804508934,0.42607061854578643,0.060407583891002176,,,
3,2020-03,2020-07,pmtnum_254L__missing,bin,0.003431284206920515,0.024710100078240864,0.028141384285161337,0.1552401720958985,0.16537668147497764,0.0034312842069204735,,,
3,2020-03,2020-07,posfpd10lastmonth_333P__missing,bin,0.13773388490255933,0.024675066855067557,0.16240895175762693,0.15513287185753225,0.3688255470362862,0.13773388490255936,,,
3,2020-03,2020-07,posfpd30lastmonth_3976960P__missing,bin,0.1275458839223984,0.0516740041806313,0.17921988810302966,0.22136802269652997,0.3835363344083154,0.12754588392239835,,,
3,2020-03,2020-07,posfstqpd30lastmonth_3976962P__missing,bin,0.1194509137002745,0.08827982981638699,0.20773074351666138,0.2837014301408732,0.4056829817908023,0.11945091370027439,,,
3,2020-03,2020-07,price_1097A__missing,bin,0.06766623416947248,0.1254967905674993,0.19316302473697175,0.3312813700236651,0.3947797748257068,0.06766623416947246,,,
3,2020-03,2020-07,sumoutstandtotal_3546847A__missing,bin,0.05798490267415202,0.2866963281289534,0.22871142545480136,0.4522184688470041,0.42000298727656,0.057984902674152045,,,
3,2020-03,2020-07,totinstallast1m_4525188A__missing,bin,0.04611163629442533,0.6161176182079339,0.5700059819135086,0.4863298250587933,0.4950749059448736,0.04611163629442527,,,
3,2020-03,2020-07,twobodfilling_608L__missing,bin,1.8760137533213594e-05,4.281838387848921e-05,6.15785214117316e-05,0.006543435677416814,0.007846956702915618,1.876013753324238e-05,,,
3,2020-03,2020-07,validfrom_1069D__missing,bin,0.012413163124408058,0.9066286750824254,0.9190418382068335,0.2909520933086946,0.2727708522409204,0.0124131631244081,,,
3,2020-03,2020-07,assignmentdate_238D__missing,bin,0.007582746526845181,0.9924172534731548,1.0,0.08674819007884141,0.0,0.007582746526845208,,,
3,2020-03,2020-07,assignmentdate_4527235D__missing,bin,0.05356116035789579,0.8290261931731926,0.8825873535310883,0.3764860743851715,0.32191134947074795,0.05356116035789571,,,
3,2020-03,2020-07,birthdate_574D__missing,bin,0.0,1.0,1.0,0.0,0.0,0.0,,,
3,2020-03,2020-07,contractssum_5085716L__missing,bin,0.23296034343221084,1.0,0.7670396565677892,0.0,0.42271718893387483,0.23296034343221084,,,
3,2020-03,2020-07,dateofbirth_337D__missing,bin,0.011811488154519934,0.04828356669352547,0.036472078539005595,0.21436479160738445,0.18746163881191852,0.011811488154519878,,,
3,2020-03,2020-07,description_5085714M__missing,bin,0.0002463140856469037,0.0,0.0002463140856469264,0.0,0.01569246363762358,0.0002463140856469264,,,
3,2020-03,2020-07,pmtaverage_3A__missing,bin,0.007975897142456763,0.9920241028575433,1.0,0.0889510101529472,0.0,0.007975897142456723,,,
3,2020-03,2020-07,pmtcount_693L__missing,bin,0.009131993507175971,0.990868006492824,1.0,0.09512413049148404,0.0,0.009131993507175973,,,
3,2020-03,2020-07,pmtscount_423L__missing,bin,0.0336630348891977,0.9663369651108022,1.0,0.18036029211344265,0.0,0.03366303488919775,,,
3,2020-03,2020-07,requesttype_4525192L__missing,bin,0.42887680776945003,0.0,0.42887680776945003,0.0,0.4949156408186513,0.42887680776945003,,,
3,2020-03,2020-07,responsedate_1012D__missing,bin,0.04163893203165446,0.9583610679683455,1.0,0.19976268763439722,0.0,0.041638932031654474,,,
3,2020-03,2020-07,responsedate_4527233D__missing,bin,0.41884896204201083,0.014998112098528993,0.4338470741405398,0.12154492474804923,0.4956044697137353,0.41884896204201083,,,
3,2020-03,2020-07,responsedate_4917613D__missing,bin,0.4285644540836837,0.9970221760302687,0.5684577219465851,0.054488132048516665,0.4952913691009404,0.4285644540836836,,,
3,2020-03,2020-07,applprev_1_max_actualdpd_943P__missing,bin,0.05021820922815157,0.19493653147735102,0.14471832224919948,0.3961518397949589,0.35181661338625886,0.05021820922815154,,,
3,2020-03,2020-07,applprev_1_std_actualdpd_943P__missing,bin,0.07413426585488914,0.3433995461251309,0.2692652802702417,0.47484344561780045,0.44357805300897146,0.07413426585488919,,,
3,2020-03,2020-07,applprev_1_max_annuity_853A__missing,bin,0.050944158205556866,0.19743946064406634,0.14649530243850944,0.39806672810553567,0.3536020769197476,0.050944158205556894,,,
3,2020-03,2020-07,applprev_1_std_annuity_853A__missing,bin,0.07495903985788066,0.34920338343084245,0.27424434357296174,0.4767183449703761,0.4461326972899398,0.07495903985788072,,,
3,2020-03,2020-07,applprev_1_max_byoccupationinc_3656910L__missing,bin,0.039243598112800315,0.6443933218891471,0.6051497237763468,0.4786967396941587,0.4888185098681903,0.039243598112800315,,,
3,2020-03,2020-07,applprev_1_std_byoccupationinc_3656910L__missing,bin,0.03289436686616998,0.7897383796745024,0.7568440128083325,0.40749438197795307,0.4289885232550087,0.03289436686616998,,,
3,2020-03,2020-07,applprev_1_max_childnum_21L__missing,bin,0.03500220847537183,0.3811614681256058,0.346159259650234,0.4856721150549398,0.47574470738899016,0.03500220847537183,,,
3,2020-03,2020-07,applprev_1_std_childnum_21L__missing,bin,0.039231410428512525,0.6294263504334389,0.5901949400049262,0.48295840381287575,0.49179759332219974,0.039231410428512636,,,
3,2020-03,2020-07,applprev_1_max_credacc_actualbalance_314A__missing,bin,0.03972588729810747,0.8160639005990681,0.7763380133009606,0.3874320724179949,0.4166980950338964,0.03972588729810744,,,
3,2020-03,2020-07,applprev_1_max_credacc_credlmt_575A__missing,bin,0.050624248854084564,0.19661812618966987,0.14599387733558536,0.3974411134285593,0.3531000780460228,0.05062424885408451,,,
3,2020-03,2020-07,applprev_1_std_credacc_credlmt_575A__missing,bin,0.07461252521484874,0.34665763588024867,0.27204511066539994,0.47590557820450646,0.44501299804438327,0.07461252521484874,,,
3,2020-03,2020-07,applprev_1_std_credamount_590A__missing,bin,0.0747576472096586,0.346996290370924,0.27223864316126534,0.4760145636844963,0.4451120806392235,0.07475764720965866,,,
3,2020-03,2020-07,applprev_1_max_currdebt_94A__missing,bin,0.056340996300381585,0.2715931163609045,0.21525212006052288,0.4447811771042887,0.41099713486832623,0.05634099630038161,,,
3,2020-03,2020-07,applprev_1_std_currdebt_94A__missing,bin,0.07376066463826048,0.45515163546763515,0.38139097082937473,0.4979845622092839,0.48572821433307917,0.07376066463826042,,,
3,2020-03,2020-07,applprev_1_max_familystate_726L__missing,bin,0.05150278005742459,0.2378833705074757,0.186380590450051,0.42578735601644957,0.389413489691281,0.0515027800574247,,,
3,2020-03,2020-07,applprev_1_std_isbidproduct_390L__missing,bin,0.07406637745374034,0.3432788761342006,0.26921249868046027,0.47480363239368834,0.4435505937710866,0.07406637745374034,,,
3,2020-03,2020-07,applprev_1_max_isdebitcard_527L__missing,bin,0.04220001617789759,0.7501858707118362,0.7079858545339386,0.43290533618351296,0.4546887774223016,0.04220001617789759,,,
3,2020-03,2020-07,applprev_1_std_isdebitcard_527L__missing,bin,0.019800775107710236,0.9375318705016368,0.9177310953939266,0.2420038476870541,0.27477396518045555,0.019800775107710167,,,
3,2020-03,2020-07,applprev_1_max_mainoccupationinc_437A__missing,bin,0.050155030919084576,0.19596417269043476,0.14580914177135015,0.39694107334992207,0.35291477150617034,0.0501550309190846,,,
3,2020-03,2020-07,applprev_1_std_mainoccupationinc_437A__missing,bin,0.07274174433787262,0.3468717277996411,0.27412998346176853,0.4759745079864391,0.4460748094535478,0.07274174433787256,,,
3,2020-03,2020-07,applprev_1_max_maxdpdtolerance_577P__missing,bin,0.05815400864275366,0.2917917158104936,0.2336377071677399,0.45458696681148014,0.42314433584433253,0.05815400864275372,,,
3,2020-03,2020-07,applprev_1_std_maxdpdtolerance_577P__missing,bin,0.07528248789074776,0.4926177213613132,0.41733523347056545,0.4999454989917409,0.4931191908399368,0.07528248789074776,,,
3,2020-03,2020-07,applprev_1_max_outstandingdebt_522A__missing,bin,0.05655386719132294,0.27252733564552606,0.21597346845420318,0.4452596848710613,0.4114959652026548,0.05655386719132288,,,
3,2020-03,2020-07,applprev_1_std_outstandingdebt_522A__missing,bin,0.0738408090380096,0.45626102086812326,0.38242021183011365,0.49808322768840685,0.48597838780538866,0.0738408090380096,,,
3,2020-03,2020-07,applprev_1_max_pmtnum_8L__missing,bin,0.0530577153086117,0.2053413987598239,0.1522836834512122,0.4039508741359311,0.3592956487431252,0.0530577153086117,,,
3,2020-03,2020-07,applprev_1_std_pmtnum_8L__missing,bin,0.07601284904819494,0.36424431391324996,0.2882314648650551,0.48121761573649385,0.45293938615095025,0.07601284904819489,,,
3,2020-03,2020-07,applprev_1_max_revolvingaccount_394A__missing,bin,0.03974348116136797,0.8160639005990681,0.7763204194377001,0.3874320724179949,0.41670976206680527,0.039743481161367944,,,
3,2020-03,2020-07,applprev_1_max_approvaldate_319D__missing,bin,0.05715043019606003,0.2864160623435669,0.22926563214750695,0.45208616609577085,0.42036044302896874,0.057150430196059976,,,
3,2020-03,2020-07,applprev_1_std_approvaldate_319D__missing,bin,0.07439267106023151,0.48338841334532245,0.40899574228509095,0.4997239790012224,0.4916484771437397,0.07439267106023151,,,
3,2020-03,2020-07,applprev_1_max_dateactivated_425D__missing,bin,0.058545449962353335,0.29456712560189025,0.23602167563953694,0.45584792871804347,0.4246356606172428,0.05854544996235331,,,
3,2020-03,2020-07,applprev_1_std_dateactivated_425D__missing,bin,0.07578253294182824,0.49780653097131555,0.4220239980294873,0.4999951886704714,0.49388231707229063,0.07578253294182824,,,
3,2020-03,2020-07,applprev_1_max_dtlastpmt_581D__missing,bin,0.0766664728923484,0.45340386688932227,0.37673739399697387,0.4978240656890062,0.48456818917603617,0.0766664728923484,,,
3,2020-03,2020-07,applprev_1_std_dtlastpmt_581D__missing,bin,0.07594692347647702,0.6888115562925508,0.6128646328160737,0.46297969308640835,0.48709503657837944,0.07594692347647702,,,
3,2020-03,2020-07,applprev_1_max_dtlastpmtallstes_3545839D__missing,bin,0.06775145252490566,0.35318549313154196,0.2854340406066364,0.4779597269362467,0.45162091301179297,0.06775145252490555,,,
3,2020-03,2020-07,applprev_1_std_dtlastpmtallstes_3545839D__missing,bin,0.08158705616432999,0.5808041292492381,0.499217073084908,0.49342749487262294,0.4999993870250699,0.0815870561643301,,,
3,2020-03,2020-07,applprev_1_max_employedfrom_700D__missing,bin,0.0031630042447325923,0.3470702493976232,0.3439072451528907,0.47603832973899773,0.4750105808129333,0.003163004244732537,,,
3,2020-03,2020-07,applprev_1_std_employedfrom_700D__missing,bin,0.020149240458234963,0.6251406194652374,0.6049913790070024,0.4840865887006751,0.48885254457168165,0.020149240458234963,,,
3,2020-03,2020-07,applprev_1_max_firstnonzeroinstldate_307D__missing,bin,0.05549585209937258,0.21633015309518527,0.16083430099581267,0.411741931259131,0.36737804591319967,0.055495852099372606,,,
3,2020-03,2020-07,applprev_1_std_firstnonzeroinstldate_307D__missing,bin,0.07779601080960818,0.37658379363096,0.29878778282135193,0.4845290909795557,0.4577266036162335,0.07779601080960807,,,
3,2020-03,2020-07,tax_a_1_max_amount_4527230A__missing,bin,0.28979105072864425,0.31395996091849326,0.6037510116471375,0.46410031658958323,0.489117294298817,0.28979105072864425,,,
3,2020-03,2020-07,tax_a_1_std_amount_4527230A__missing,bin,0.277477387349229,0.33858053164862456,0.6160579189978536,0.4732269595417819,0.48634407515450184,0.277477387349229,,,
3,2020-03,2020-07,tax_b_1_max_amount_4917619A__missing,bin,0.28675014604172117,0.9974542524494062,0.710704106407685,0.05039113731602472,0.453435529643343,0.2867501460417212,,,
3,2020-03,2020-07,tax_b_1_std_amount_4917619A__missing,bin,0.28332004547015444,0.9975165337350477,0.7141964882648932,0.0497724688986112,0.45179626427737035,0.28332004547015444,,,
3,2020-03,2020-07,tax_c_1_max_pmtamount_36A__missing,bin,0.02817060401169331,0.9718293959883066,1.0,0.16546002865136253,0.0,0.028170604011693356,,,
3,2020-03,2020-07,tax_c_1_std_pmtamount_36A__missing,bin,0.026998937325563743,0.9730010626744363,1.0,0.16208021072559742,0.0,0.026998937325563688,,,
3,2020-03,2020-07,credit_a_1_max_annualeffectiverate_199L__missing,bin,0.06017725134810917,0.7514665296478382,0.6912892782997291,0.4321626828717085,0.46196148325111347,0.06017725134810914,,,
3,2020-03,2020-07,credit_a_1_std_annualeffectiverate_199L__missing,bin,0.03802314925466309,0.90206657090919,0.8640434216545269,0.29722461633809083,0.3427424501722311,0.0380231492546631,,,
3,2020-03,2020-07,credit_a_1_max_annualeffectiverate_63L__missing,bin,0.018820962953562448,0.809524365606717,0.7907034026531545,0.3926762879214371,0.4068065039866962,0.018820962953562503,,,
3,2020-03,2020-07,credit_a_1_std_contractsum_5085717L__missing,bin,0.14813153172173546,1.0,0.8518684682782646,0.0,0.3552303211037987,0.14813153172173543,,,
3,2020-03,2020-07,credit_a_1_max_credlmt_230A__missing,bin,0.022415305925584272,0.5851638192441387,0.5627485133185545,0.492693742492993,0.49604699785031575,0.022415305925584272,,,
3,2020-03,2020-07,credit_a_1_std_credlmt_230A__missing,bin,0.015742441118795775,0.8145302239401477,0.7987877828213519,0.38867819366174966,0.4009062993227977,0.015742441118795858,,,
3,2020-03,2020-07,credit_a_1_max_credlmt_935A__missing,bin,0.02962031364847728,0.3506358530005956,0.3802561666490728,0.4771691016727093,0.48544970323858,0.029620313648477226,,,
3,2020-03,2020-07,credit_a_1_std_credlmt_935A__missing,bin,0.003775620496569737,0.7869629698831058,0.7907385903796755,0.40945360410657966,0.4067813565836556,0.003775620496569765,,,
3,2020-03,2020-07,credit_a_1_max_dpdmax_139P__missing,bin,0.00040931881566785844,0.14123060035266777,0.14082128153699988,0.34825926818491537,0.3478371000961182,0.0004093188156678862,,,
3,2020-03,2020-07,credit_a_1_std_dpdmax_139P__missing,bin,0.025440084531049734,0.4400834569227595,0.4146433723917098,0.49639702644725137,0.492660376043517,0.025440084531049734,,,
3,2020-03,2020-07,credit_a_1_max_dpdmax_757P__missing,bin,0.054590843193008665,0.1542512816320811,0.09966043843907245,0.36118945686016574,0.2995467166389983,0.05459084319300865,,,
3,2020-03,2020-07,credit_a_1_std_dpdmax_757P__missing,bin,0.07102334444211178,0.27264022047575115,0.20161687603363945,0.4453173370246042,0.40120756639434846,0.0710233444421117,,,
3,2020-03,2020-07,credit_a_1_max_instlamount_768A__missing,bin,0.03005811645066636,0.35349689955974917,0.3835550160104156,0.47805527040436835,0.4862515457082533,0.030058116450666417,,,
3,2020-03,2020-07,credit_a_1_std_instlamount_768A__missing,bin,0.004441490271951287,0.7930003620099728,0.7974418522819241,0.4051552638952441,0.4019058901174479,0.004441490271951287,,,
3,2020-03,2020-07,credit_a_1_max_instlamount_852A__missing,bin,0.020290837948154172,0.6659504318817902,0.6456595939336359,0.47165713623165645,0.4783129547640209,0.020290837948154228,,,
3,2020-03,2020-07,credit_a_1_std_instlamount_852A__missing,bin,0.011245093674798257,0.8894779660489142,0.878232872374116,0.31353933399559436,0.3270166574589523,0.011245093674798201,,,
3,2020-03,2020-07,credit_a_1_max_monthlyinstlamount_332A__missing,bin,0.0004296389850082516,0.14127731131689886,0.14084767233189063,0.3483073823851095,0.3478643493239556,0.00042963898500822384,,,
3,2020-03,2020-07,credit_a_1_std_monthlyinstlamount_332A__missing,bin,0.025391743782502973,0.44018466401192685,0.414792920229424,0.4964092319655566,0.49268626280521627,0.025391743782502862,,,
3,2020-03,2020-07,credit_a_1_max_monthlyinstlamount_674A__missing,bin,0.05587825076127295,0.1571045430305295,0.10122629226925649,0.36389930693764455,0.3016281320146971,0.05587825076127302,,,
3,2020-03,2020-07,credit_a_1_std_monthlyinstlamount_674A__missing,bin,0.0722910700918995,0.27818325489783924,0.20589218480593968,0.4481041526166467,0.4043520657073196,0.07229107009189956,,,
3,2020-03,2020-07,credit_a_1_max_nominalrate_281L__missing,bin,0.043765163031992016,0.5194064593478371,0.475641296315845,0.49962324739305397,0.49940630107641576,0.04376516303199213,,,
3,2020-03,2020-07,credit_a_1_std_nominalrate_281L__missing,bin,0.023013050613837543,0.8414707725604226,0.8184577219465851,0.3652365144491828,0.3854668329864342,0.023013050613837516,,,
3,2020-03,2020-07,credit_a_1_max_nominalrate_498L__missing,bin,0.08195301901897956,0.34777869902179454,0.26582568000281503,0.47626534151510813,0.44177187309046284,0.0819530190189795,,,
3,2020-03,2020-07,credit_a_1_std_nominalrate_498L__missing,bin,0.09255082307596596,0.5713062331889186,0.4787554101129526,0.4948893018730629,0.49954846351533416,0.09255082307596602,,,
3,2020-03,2020-07,credit_a_1_max_numberofcontrsvalue_258L__missing,bin,0.00041172111672205247,0.1409075161834028,0.14049579506668075,0.3479261244379716,0.34750068580545557,0.00041172111672205247,,,
3,2020-03,2020-07,credit_a_1_max_numberofcontrsvalue_358L__missing,bin,0.054294583332016866,0.15294337463361088,0.098648791301594,0.35993290873341083,0.29818988459759754,0.05429458333201688,,,
3,2020-03,2020-07,credit_a_1_max_numberofinstls_229L__missing,bin,0.06059400676739535,0.1815694105465572,0.12097540377916183,0.3854892471915825,0.32609868975454437,0.060594006767395375,,,
3,2020-03,2020-07,credit_a_1_std_numberofinstls_229L__missing,bin,0.07685000232373451,0.310725226645491,0.23387522432175656,0.46279051434920243,0.4232937558837888,0.07685000232373446,,,
3,2020-03,2020-07,credit_a_1_max_numberofinstls_320L__missing,bin,0.04563041383967814,0.3981058704004297,0.35247545656075163,0.4895074936639336,0.47774104814537477,0.045630413839678086,,,
3,2020-03,2020-07,credit_a_1_std_numberofinstls_320L__missing,bin,0.03443523563537926,0.7442068672902581,0.7097716316548788,0.436306092059552,0.4538676707509026,0.03443523563537931,,,
3,2020-03,2020-07,credit_a_1_max_numberofoutstandinstls_520L__missing,bin,0.06059603030924554,0.18155384022514684,0.12095780991590134,0.3854763849117721,0.3260782392866013,0.0605960303092455,,,
3,2020-03,2020-07,credit_a_1_std_numberofoutstandinstls_520L__missing,bin,0.07679449442787312,0.3106785156812599,0.2338840212533868,0.4627714074738727,0.42329928638698666,0.07679449442787312,,,
3,2020-03,2020-07,credit_a_1_max_numberofoutstandinstls_59L__missing,bin,0.045634306420030746,0.3981097629807823,0.35247545656075163,0.48950830391339395,0.47774104814537477,0.04563430642003069,,,
3,2020-03,2020-07,credit_a_1_std_numberofoutstandinstls_59L__missing,bin,0.03444302079608447,0.7442146524509632,0.7097716316548788,0.43630173450062654,0.4538676707509026,0.03444302079608441,,,
3,2020-03,2020-07,credit_a_1_std_numberofoverdueinstlmax_1039L__missing,bin,0.025493917647604336,0.43895850120086105,0.4134645835532566,0.49625994743113694,0.49245468999735253,0.025493917647604447,,,
3,2020-03,2020-07,credit_a_1_max_numberofoverdueinstlmax_1151L__missing,bin,0.054294583332016866,0.15294337463361088,0.098648791301594,0.35993290873341083,0.29818988459759754,0.05429458333201688,,,
3,2020-03,2020-07,credit_a_1_std_numberofoverdueinstlmax_1151L__missing,bin,0.07030561413879399,0.26916025364053575,0.1988546395017418,0.44352340580931937,0.3991384118953902,0.07030561413879396,,,
3,2020-03,2020-07,credit_a_1_max_numberofoverdueinstls_725L__missing,bin,0.0004132113960204631,0.14123449293302037,0.14082128153699988,0.34826327819477754,0.3478371000961182,0.00041321139602049084,,,
3,2020-03,2020-07,credit_a_1_std_numberofoverdueinstls_725L__missing,bin,0.025415562774661393,0.4401029198245225,0.414687357049861,0.4963993752881367,0.49266799465041566,0.025415562774661504,,,
3,2020-03,2020-07,credit_a_1_max_numberofoverdueinstls_834L__missing,bin,0.05428259658426371,0.15300176333889973,0.09871916675463599,0.35998919949643915,0.29828458369467625,0.05428259658426374,,,
3,2020-03,2020-07,credit_a_1_std_numberofoverdueinstls_834L__missing,bin,0.07034306466135176,0.2693120642742868,0.19896899961293502,0.44360238537524704,0.39922466958588976,0.07034306466135176,,,
3,2020-03,2020-07,credit_a_1_max_outstandingamount_354A__missing,bin,0.060607708050303244,0.18156551796620463,0.12095780991590134,0.3854860317208244,0.3260782392866013,0.060607708050303286,,,
3,2020-03,2020-07,credit_a_1_std_outstandingamount_354A__missing,bin,0.07680733844320364,0.31064737503843926,0.23384003659523558,0.4627586664992526,0.42327163132009504,0.07680733844320367,,,
3,2020-03,2020-07,credit_a_1_max_outstandingamount_362A__missing,bin,0.0456286993045234,0.3980513742754935,0.35242267497097013,0.4894961467804261,0.4777247462056745,0.045628699304523346,,,
3,2020-03,2020-07,credit_a_1_std_outstandingamount_362A__missing,bin,0.034438425451502164,0.7441484785849692,0.709710053133467,0.436338767936846,0.45389612645930166,0.03443842545150222,,,
3,2020-03,2020-07,credit_a_1_max_overdueamount_31A__missing,bin,0.05428360835518875,0.15299397817819455,0.09871036982300574,0.35998169511713324,0.29827274885985,0.054283608355188806,,,
3,2020-03,2020-07,credit_a_1_std_overdueamount_31A__missing,bin,0.07032749433994145,0.2692964939528764,0.19896899961293502,0.4435942879451502,0.39922466958588976,0.0703274943399414,,,
3,2020-03,2020-07,credit_a_1_std_overdueamountmax_155A__missing,bin,0.025493917647604336,0.43895850120086105,0.4134645835532566,0.49625994743113694,0.49245468999735253,0.025493917647604447,,,
3,2020-03,2020-07,credit_a_1_max_overdueamountmax_35A__missing,bin,0.05459994913133426,0.15418121518573447,0.09958126605440022,0.361122372707071,0.2994408748073699,0.054599949131334244,,,
3,2020-03,2020-07,credit_a_1_std_overdueamountmax_35A__missing,bin,0.07100060697338684,0.2724767321009424,0.2014761251275555,0.4452338290881923,0.40110284981677835,0.07100060697338692,,,
3,2020-03,2020-07,credit_a_1_max_periodicityofpmts_1102L__missing,bin,0.05920440201470778,0.19524015274485304,0.13603575073014532,0.39638546328166413,0.3428265235559103,0.059204402014707724,,,
3,2020-03,2020-07,credit_a_1_std_periodicityofpmts_1102L__missing,bin,0.07361373041369235,0.33088879287190687,0.2572750624582146,0.4705331015175014,0.43713225080670537,0.07361373041369229,,,
3,2020-03,2020-07,credit_a_1_max_periodicityofpmts_837L__missing,bin,0.04552613764012825,0.4084523489776138,0.3629262113374855,0.49154758426044914,0.48084381711913926,0.045526137640128306,,,
3,2020-03,2020-07,credit_a_1_std_periodicityofpmts_837L__missing,bin,0.032937909176305874,0.7539344255913802,0.7209965164150745,0.43071720130449376,0.4485092415239642,0.03293790917630579,,,
3,2020-03,2020-07,credit_a_1_max_prolongationcount_1120L__missing,bin,0.027030455700305628,0.9216696055648329,0.8946391498645273,0.2686907957909952,0.3070178193431176,0.0270304557003056,,,
3,2020-03,2020-07,credit_a_1_max_residualamount_488A__missing,bin,0.022135987397756962,0.5875499710002764,0.5654139836025195,0.4922753320834294,0.49570254260922375,0.022135987397756907,,,
3,2020-03,2020-07,credit_a_1_std_residualamount_488A__missing,bin,0.015540565442155596,0.8164220179915064,0.8008814525493508,0.3871396473240409,0.39933739057567935,0.01554056544215554,,,
3,2020-03,2020-07,credit_a_1_max_residualamount_856A__missing,bin,0.030062009031018966,0.35349300697939656,0.3835550160104156,0.47805407748084405,0.4862515457082533,0.03006200903101902,,,
3,2020-03,2020-07,credit_a_1_std_residualamount_856A__missing,bin,0.004439466730101149,0.7929847916885624,0.7974242584186636,0.40516652359148536,0.401918910358928,0.004439466730101205,,,
3,2020-03,2020-07,credit_a_1_max_totalamount_6A__missing,bin,0.060606850782725874,0.18153826990373648,0.12093141912101059,0.38546352157382496,0.3260475593995285,0.06060685078272589,,,
3,2020-03,2020-07,credit_a_1_std_totalamount_6A__missing,bin,0.07680360036619882,0.3106084492349133,0.23380484886871458,0.46274273684067224,0.42324950267447703,0.07680360036619874,,,
3,2020-03,2020-07,credit_a_1_max_totalamount_996A__missing,bin,0.04562091414381819,0.3980435891147883,0.35242267497097013,0.48949452528032,0.4777247462056745,0.04562091414381819,,,
3,2020-03,2020-07,credit_a_1_std_totalamount_996A__missing,bin,0.0344228551300918,0.7441329082635588,0.709710053133467,0.4363474797713134,0.45389612645930166,0.0344228551300918,,,
3,2020-03,2020-07,credit_a_1_last_classificationofcontr_13M__missing,bin,0.011785251862976853,0.04824853347035216,0.036463281607375345,0.2142909528848861,0.1874398855681378,0.011785251862976819,,,
3,2020-03,2020-07,credit_a_1_max_dateofrealrepmt_138D__missing,bin,0.054226864432546096,0.15322753299934994,0.0990006685668039,0.36020668529371175,0.2986629139851979,0.05422686443254604,,,
3,2020-03,2020-07,credit_a_1_std_dateofrealrepmt_138D__missing,bin,0.07049862837043808,0.26994266229140634,0.19944403392096838,0.443929748233247,0.3995824211027056,0.07049862837043797,,,
3,2020-03,2020-07,credit_a_1_max_numberofoverdueinstlmaxdat_148D__missing,bin,0.06616248226133614,0.39898559356011504,0.332823111298779,0.4896897892458017,0.4712238193090197,0.06616248226133603,,,
3,2020-03,2020-07,credit_a_1_std_numberofoverdueinstlmaxdat_148D__missing,bin,0.061766346529278926,0.613439522925352,0.551673176396073,0.4869614714106944,0.49732271498609465,0.061766346529278926,,,
3,2020-03,2020-07,credit_a_1_max_numberofoverdueinstlmaxdat_641D__missing,bin,0.01366152839526602,0.6498468269631256,0.6361852985678595,0.47701774437549294,0.48109621122389123,0.01366152839526602,,,
3,2020-03,2020-07,credit_a_1_std_numberofoverdueinstlmaxdat_641D__missing,bin,0.010319319477414768,0.9079054414380748,0.8975861219606601,0.289159386576347,0.30319181325405725,0.010319319477414712,,,
3,2020-03,2020-07,credit_a_1_max_overdueamountmax2date_1002D__missing,bin,0.06648037331010104,0.4022592536366432,0.33577888032654213,0.4903536953060861,0.4722620288073093,0.06648037331010109,,,
3,2020-03,2020-07,credit_a_1_std_overdueamountmax2date_1002D__missing,bin,0.06153277218974851,0.6171997555459539,0.5556669833562053,0.4860701773406476,0.4968915243431104,0.06153277218974851,,,
3,2020-03,2020-07,credit_a_1_max_overdueamountmax2date_1142D__missing,bin,0.013128239647818507,0.6468767881540994,0.633748548506281,0.4779405916026968,0.48177933306905457,0.013128239647818396,,,
3,2020-03,2020-07,credit_a_1_std_overdueamountmax2date_1142D__missing,bin,0.010311589070887972,0.9072203472960191,0.896908758225131,0.2901234026205222,0.30407801243132404,0.010311589070888028,,,
3,2020-03,2020-07,person_1_max_contaddr_smempladdr_334L__missing,bin,0.0012821589744880235,0.00038925803525899285,0.0016714170097470002,0.019725782961418265,0.04084878670078866,0.0012821589744880075,,,
3,2020-03,2020-07,person_1_max_empl_employedtotal_800L__missing,bin,0.19834667317497223,0.5913802700672248,0.7897269432421972,0.491578728427544,0.4075025133168294,0.19834667317497234,,,
3,2020-03,2020-07,person_1_max_empl_industry_691L__missing,bin,0.1964041855890481,0.5959618371422232,0.7923660227312713,0.4907049274383634,0.40561325021786176,0.19640418558904815,,,
3,2020-03,2020-07,person_1_max_familystate_447L__missing,bin,0.072197420723004,0.513968524595269,0.586165945318273,0.4998048422340778,0.492519471561692,0.07219742072300406,,,
3,2020-03,2020-07,person_1_max_housetype_905L__missing,bin,0.1492487420387769,1.0,0.8507512579612231,0.0,0.35633348851689417,0.14924874203877692,,,
3,2020-03,2020-07,person_1_std_personindex_1023L__missing,bin,0.030789090279633224,0.6282858243901299,0.6590749146697632,0.48326260693389544,0.47402022269393485,0.03078909027963328,,,
3,2020-03,2020-07,person_1_std_persontype_1072L__missing,bin,0.09161998067568283,0.4995426218085707,0.5911626024842535,0.4999997908051462,0.4916191411126076,0.09161998067568278,,,
3,2020-03,2020-07,person_1_max_empl_employedfrom_271D__missing,bin,0.13418723148445616,0.593486156037976,0.7276733875224322,0.4911825919444247,0.4451570830774913,0.1341872314844561,,,
3,2020-03,2020-07,deposit_1_max_amount_416A__missing,bin,0.013474330742112073,0.936087723190826,0.9226133924487139,0.24459660194336624,0.2672038931658544,0.013474330742112128,,,
3,2020-03,2020-07,debitcard_1_max_openingdate_857D__missing,bin,0.013353900005368458,0.936134434155057,0.9227805341496886,0.24451330300056925,0.2669393563042063,0.013353900005368402,,,
3,2020-03,2020-07,credit_a_2_max_collater_valueofguarantee_1124L__missing,bin,0.0004068167654444066,0.1409114087637554,0.140504591998311,0.3479301419020336,0.3475097863739943,0.0004068167654444066,,,
3,2020-03,2020-07,credit_a_2_std_collater_valueofguarantee_1124L__missing,bin,0.024550038924632367,0.43556027855305,0.4110102396284176,0.49583013452173264,0.49201709578937225,0.024550038924632422,,,
3,2020-03,2020-07,credit_a_2_max_collater_valueofguarantee_876L__missing,bin,0.05436301999404769,0.1531613591333559,0.0987983391393082,0.36014296772501203,0.29839106441484214,0.054363019994047704,,,
3,2020-03,2020-07,credit_a_2_std_collater_valueofguarantee_876L__missing,bin,0.07025314155570794,0.26909018719418915,0.19883704563848129,0.44348693143088824,0.3991251369185381,0.07025314155570786,,,
3,2020-03,2020-07,credit_a_2_max_pmts_dpd_1073P__missing,bin,0.00040931881566785844,0.14123060035266777,0.14082128153699988,0.34825926818491537,0.3478371000961182,0.0004093188156678862,,,
3,2020-03,2020-07,credit_a_2_std_pmts_dpd_1073P__missing,bin,0.0025073055973123815,0.14911696814701497,0.14660966254970267,0.35620373097099517,0.35371636857341643,0.002507305597312298,,,
3,2020-03,2020-07,credit_a_2_max_pmts_dpd_303P__missing,bin,0.054590843193008665,0.1542512816320811,0.09966043843907245,0.36118945686016574,0.2995467166389983,0.05459084319300865,,,
3,2020-03,2020-07,credit_a_2_std_pmts_dpd_303P__missing,bin,0.055066615501075056,0.15763004137812914,0.10256342587705408,0.3643937587737452,0.30338782037091755,0.055066615501075056,,,
3,2020-03,2020-07,credit_a_2_std_pmts_month_158T__missing,bin,0.00041172111672205247,0.1409075161834028,0.14049579506668075,0.3479261244379716,0.34750068580545557,0.00041172111672205247,,,
3,2020-03,2020-07,credit_a_2_std_pmts_month_706T__missing,bin,0.054302368492722075,0.15295115979431606,0.098648791301594,0.35994041522436687,0.29818988459759754,0.05430236849272206,,,
3,2020-03,2020-07,credit_a_2_std_pmts_overdue_1140A__missing,bin,0.002504958050436601,0.14876274333492928,0.14625778528449276,0.3558544499235541,0.3533644655708437,0.0025049580504365176,,,
3,2020-03,2020-07,credit_a_2_max_pmts_overdue_1152A__missing,bin,0.05459994913133426,0.15418121518573447,0.09958126605440022,0.361122372707071,0.2994408748073699,0.054599949131334244,,,
3,2020-03,2020-07,credit_a_2_std_pmts_overdue_1152A__missing,bin,0.055087553683806134,0.157536619449667,0.10244906576586087,0.36430596067322013,0.3032379506090278,0.05508755368380612,,,
3,2020-03,2020-07,credit_a_2_last_collater_typofvalofguarant_298M__missing,bin,0.01186171293989946,0.04864168408596375,0.03677997114606425,0.2151178064578687,0.1882211594602449,0.011861712939899495,,,
